14.70,14.80,18.00,18.70,19.00,19.00,17.90,17.90,17.90,18.40,18.20,18.73,18.73,18.50,18.40,18.97,18.73,19.30,18.40,18.40,18.40,18.80,19.23,19.07,19.07,18.87,18.40,17.80,17.73,17.70,17.53,18.17,18.17,18.37,18.27,18.73,18.27,18.27,18.23,18.20,18.00,18.47,18.97,18.97,18.57,18.57,18.57,18.60,18.60,18.60,17.93,17.93,18.93,19.63,18.93,18.80,18.90,21.17,22.03,23.73,23.83,24.63,25.03,24.63,24.53,24.43,24.73,24.20,24.33,24.33,24.33,23.90,23.90,23.90,23.27,22.90,23.83,24.00,24.33,25.07,25.83,25.83,25.00,24.93,24.93,26.10,25.43,25.40,24.50,24.50,24.50,24.23,24.20,24.20,24.00,23.80,22.30,21.47,19.13,19.07,19.07,19.57,19.83,19.57,19.33,19.10,19.10,18.83,18.83,18.43,18.43,18.40,18.40,19.20,19.33,17.97,17.97,17.97,18.03,18.27,18.03,17.93,18.03,18.50,19.03,17.97,19.17,19.17,18.60,18.60,18.60,19.10,18.80,18.80,18.80,18.63,18.47,18.13,17.63,18.17,18.27,18.70,18.70,18.63,18.43,18.63,19.13,19.20,18.77,18.17,18.43,18.63,18.63,18.63,18.27,17.03,16.97,16.97,18.73,18.80
14.80,18.07,18.07,18.00,18.00,17.30,17.90,18.50,18.50,18.40,18.20,18.50,18.70,18.50,18.40,18.53,18.53,18.73,18.73,18.40,18.40,18.40,18.80,18.97,18.60,18.87,18.57,18.30,17.73,17.70,18.33,18.67,18.27,18.27,17.57,18.53,18.27,18.50,18.23,18.47,18.00,18.47,18.80,18.80,18.57,17.97,18.40,18.40,18.40,17.93,17.93,19.07,19.07,18.93,18.57,18.80,19.93,21.17,22.57,23.03,23.43,23.83,24.63,24.53,24.43,24.43,24.20,23.87,24.07,24.33,24.33,23.90,23.90,23.90,23.83,23.83,24.00,24.10,24.67,24.73,25.23,25.43,25.57,25.57,25.73,26.17,26.00,25.40,25.17,24.50,24.50,24.23,24.23,24.20,24.17,23.80,22.90,21.17,19.13,18.87,18.63,18.90,19.13,19.13,19.13,19.10,19.10,18.33,18.30,18.30,18.13,18.37,18.40,18.87,18.87,18.03,18.03,18.03,18.53,18.53,18.33,18.03,18.03,18.07,18.50,19.23,19.23,19.23,18.73,18.60,18.60,18.57,18.57,18.80,19.03,18.63,18.47,18.13,18.13,18.20,18.60,18.97,18.70,18.43,18.23,18.23,18.70,19.13,18.77,18.77,18.77,19.07,18.63,18.63,18.20,17.80,16.93,16.97,18.50,18.73
17.43,18.50,18.07,17.90,17.73,17.73,18.30,18.30,18.27,18.27,18.03,18.20,18.40,18.50,18.40,18.83,18.73,18.83,18.77,18.03,18.03,18.03,18.10,18.97,18.60,18.87,18.57,18.33,18.47,18.47,18.67,18.80,18.67,18.37,18.37,18.53,18.53,18.50,18.23,18.40,18.00,18.07,18.33,18.73,18.63,18.63,18.63,18.87,18.40,17.67,17.97,19.07,19.13,18.47,18.37,18.90,19.93,21.73,22.57,23.03,23.13,23.43,23.43,23.83,23.77,23.87,23.77,23.87,24.07,24.33,24.33,23.90,23.90,23.90,23.97,23.97,24.93,24.73,24.73,24.73,25.07,25.43,25.63,26.03,26.27,26.20,26.10,25.97,25.20,24.93,24.40,24.23,24.40,24.23,24.63,24.17,22.90,20.63,19.80,19.43,19.43,18.90,18.90,18.90,18.90,18.60,18.87,18.30,18.30,18.30,18.37,18.37,18.53,19.20,18.87,18.03,17.83,18.27,18.53,18.53,18.53,18.27,18.07,18.07,18.30,18.30,19.53,19.23,19.13,18.97,18.97,18.57,18.57,18.57,19.07,18.47,18.37,18.20,18.20,18.27,18.27,18.27,18.30,18.17,18.23,18.23,18.70,18.70,18.77,18.77,18.43,18.73,18.43,18.40,18.27,18.20,17.17,17.17,18.10,18.73
18.37,18.07,17.87,17.73,17.73,17.73,18.10,18.27,18.47,18.33,18.50,18.33,18.50,17.80,18.23,18.23,18.53,19.13,19.13,18.90,18.10,18.10,18.60,18.93,18.87,18.93,18.87,18.47,18.17,18.20,18.80,18.83,18.93,18.93,18.53,18.53,18.17,18.33,18.07,18.17,17.87,18.07,18.40,18.40,18.63,18.63,18.63,18.87,18.40,17.97,18.67,19.13,19.13,18.87,18.60,18.67,19.73,20.70,22.57,23.03,23.07,23.20,23.83,23.83,23.83,23.93,23.87,23.87,24.07,24.83,24.83,24.70,24.20,23.97,24.17,24.60,25.47,25.47,25.07,25.07,25.23,25.60,25.63,26.13,26.27,26.00,26.00,26.00,25.20,24.93,24.63,24.63,24.77,24.63,24.63,24.40,23.20,20.63,19.63,19.43,18.70,18.70,18.70,18.87,18.90,18.70,18.87,18.70,18.30,18.07,18.07,17.67,17.97,18.53,18.87,18.87,17.83,18.53,18.53,18.53,18.33,18.27,18.47,18.27,18.27,18.20,18.43,18.47,18.97,18.97,18.97,18.17,18.43,18.43,19.07,19.07,19.10,18.63,18.80,18.87,18.87,18.27,18.30,18.17,18.23,18.17,18.37,18.53,18.70,18.80,18.63,18.73,18.63,18.40,18.20,18.10,18.10,18.10,18.10,18.07
16.73,17.43,17.50,17.87,17.87,17.93,18.07,18.03,18.10,18.27,18.50,17.80,17.73,17.70,18.90,18.83,18.83,19.23,19.23,19.00,18.53,18.13,18.13,18.73,18.73,18.73,18.63,18.13,18.13,18.17,18.20,18.83,18.87,18.87,19.03,18.57,18.57,18.33,18.17,18.17,18.17,18.27,18.67,18.40,19.23,18.93,19.23,18.93,18.87,18.67,19.13,19.13,19.23,19.90,19.80,19.30,19.67,21.73,22.83,23.03,23.40,23.83,23.83,23.83,23.93,23.93,23.93,23.93,24.13,24.30,24.70,24.90,24.70,24.20,24.63,24.63,25.97,25.73,25.73,25.07,25.43,25.90,26.13,26.13,26.30,25.97,25.97,26.00,26.00,26.00,24.93,25.37,25.37,25.13,24.77,24.60,23.17,21.43,19.90,19.47,18.80,18.73,18.50,18.27,18.17,18.17,18.70,18.70,18.63,18.07,18.20,17.97,17.77,17.77,18.73,18.73,18.03,18.53,18.27,18.27,18.27,18.27,19.07,17.90,18.20,18.00,18.27,18.60,18.80,18.97,18.97,17.83,17.83,18.17,18.70,18.37,18.63,18.63,18.63,18.80,18.50,18.23,18.23,18.13,18.17,18.17,18.37,18.37,18.17,18.17,18.33,18.63,18.63,18.40,18.20,18.10,18.10,18.10,18.10,19.07
17.27,17.27,17.67,17.67,17.87,17.90,17.90,17.93,18.17,18.33,18.90,18.33,18.47,17.70,18.90,18.70,18.57,18.20,18.57,18.90,18.77,18.57,18.13,18.57,18.63,18.63,18.37,18.20,18.13,18.13,18.07,18.33,18.73,18.53,18.53,18.50,18.80,18.33,18.33,18.17,18.27,18.40,18.87,18.40,18.37,18.13,18.37,18.87,18.87,18.87,19.23,19.23,19.23,19.80,19.73,19.30,19.30,21.70,22.83,23.03,23.40,24.07,24.23,23.93,24.00,23.93,23.93,23.93,24.13,24.23,24.33,24.90,24.33,25.40,24.90,25.13,25.93,25.93,25.93,25.07,25.93,25.93,26.13,26.23,26.13,25.77,25.77,25.97,25.97,26.00,25.40,25.57,25.53,25.53,25.13,24.43,23.20,21.63,19.87,19.63,19.20,18.73,18.50,18.27,18.17,18.23,18.63,18.90,18.80,18.07,18.07,17.97,17.97,18.13,18.20,18.67,18.67,18.63,18.47,18.27,18.30,18.70,18.70,18.27,18.27,18.13,18.27,18.43,18.43,18.33,18.30,18.17,17.83,18.30,18.43,18.30,18.63,18.90,18.90,19.10,18.63,18.27,18.13,17.97,18.17,18.17,18.17,18.17,18.50,18.33,18.63,18.63,18.73,18.20,17.87,18.00,17.67,18.10,17.67,17.73
17.27,17.27,17.97,17.97,17.97,17.93,17.90,17.93,18.17,18.20,18.90,18.20,18.47,18.47,18.77,18.77,18.57,18.20,18.57,18.77,18.27,18.13,18.10,18.13,18.37,18.23,18.37,18.23,18.13,18.10,18.07,18.63,18.73,18.53,18.23,18.23,18.80,18.90,18.90,18.40,18.87,18.67,18.87,18.60,19.20,18.37,18.93,18.93,19.20,19.17,19.20,19.20,19.33,19.60,19.60,19.30,19.73,21.70,22.43,22.83,23.53,24.07,24.27,24.03,24.13,24.03,23.77,23.77,24.13,24.40,24.40,24.43,24.43,25.43,25.40,25.13,25.50,25.93,26.07,25.47,25.73,25.90,25.97,26.23,26.07,25.83,25.83,25.83,25.77,25.77,25.70,26.13,25.57,26.13,25.53,24.83,24.13,21.80,19.90,19.20,18.80,18.50,18.50,18.60,18.50,18.37,18.57,18.63,18.63,18.67,18.80,18.67,18.20,18.13,18.20,18.13,18.63,18.63,18.90,18.30,18.70,18.70,18.70,18.27,18.27,18.27,19.20,19.23,18.80,18.87,18.40,18.40,18.27,18.17,17.73,18.03,18.00,18.03,18.33,18.77,18.43,18.43,18.13,17.87,17.87,17.93,18.17,18.17,18.50,18.20,18.33,18.33,18.73,18.73,18.20,18.20,18.53,18.53,17.67,18.27
18.33,17.70,17.70,17.67,17.97,17.97,17.97,18.17,18.17,18.17,18.73,18.73,18.47,18.47,18.73,18.77,18.70,18.50,18.57,18.50,18.27,18.27,18.10,18.53,18.37,18.23,18.37,18.60,18.37,18.13,18.13,18.70,18.77,18.73,18.27,18.23,18.23,18.93,18.93,18.93,18.87,18.77,18.87,18.60,19.13,18.53,18.53,18.93,19.17,19.17,18.80,19.23,19.23,19.23,19.23,19.23,19.73,21.63,22.03,22.70,23.80,24.20,24.27,24.20,24.97,24.17,23.77,23.77,24.23,24.47,24.47,24.47,24.57,24.60,25.40,25.13,25.67,25.93,25.93,25.53,25.53,25.77,25.93,25.77,25.57,25.60,25.83,25.83,25.77,25.70,25.63,25.63,25.87,26.20,25.77,24.53,24.13,21.83,20.10,19.23,18.90,18.37,18.90,18.80,18.80,18.63,18.57,18.57,18.57,18.07,18.80,18.60,18.60,18.20,18.47,18.13,18.63,18.47,19.07,18.47,19.07,18.73,18.73,18.33,18.27,18.43,19.20,19.40,18.73,18.73,18.40,18.53,18.40,18.40,17.73,18.00,18.00,18.27,18.33,18.63,18.33,18.30,18.30,18.17,18.17,17.93,18.03,18.07,18.50,18.40,18.57,18.20,18.67,18.67,18.73,18.53,18.53,18.53,17.67,17.63
17.53,17.70,17.97,18.23,18.23,18.23,18.40,18.40,18.40,17.93,18.47,18.47,18.47,18.47,18.73,18.83,18.83,18.77,18.93,18.53,18.27,18.10,18.20,18.50,18.20,18.23,18.37,18.60,18.37,18.13,18.63,18.70,18.93,18.70,18.27,18.27,18.97,19.07,19.00,19.00,19.00,19.00,19.03,19.13,19.27,19.13,18.93,18.93,19.17,19.03,18.63,18.80,19.23,19.23,18.57,18.57,20.03,21.63,22.40,23.53,23.93,24.27,24.27,24.27,24.97,24.67,24.57,24.17,24.23,24.97,25.00,24.57,24.57,24.60,25.50,25.50,25.97,26.07,25.73,25.47,25.47,25.73,25.73,25.60,25.37,25.60,26.23,26.27,26.27,26.23,26.23,26.53,26.50,26.20,25.63,24.63,24.37,22.13,20.47,19.23,18.63,18.37,18.90,19.23,19.00,18.70,18.37,17.80,18.07,17.73,18.07,18.00,18.17,18.17,18.47,18.00,18.63,18.67,19.07,18.40,18.40,18.40,18.40,18.20,18.20,18.57,19.20,19.40,18.87,18.87,18.87,18.53,18.40,18.40,18.00,18.03,18.00,18.20,18.30,18.33,18.33,18.43,18.83,18.57,17.93,17.93,18.03,18.07,18.40,18.40,18.23,18.10,18.10,18.37,18.70,18.53,18.53,18.53,19.03,18.27
18.33,18.33,18.17,18.43,18.17,18.47,18.67,18.67,17.93,17.83,18.47,18.57,18.57,18.93,18.73,18.83,18.43,18.53,18.93,18.53,18.43,18.37,18.37,18.50,18.20,18.70,18.70,18.70,18.60,18.37,18.37,18.20,18.93,18.93,19.10,19.03,19.00,19.00,19.00,19.00,19.00,18.93,19.03,19.03,19.27,19.13,19.17,19.17,19.23,18.93,18.63,19.13,19.17,19.13,18.60,18.60,18.67,20.77,22.53,23.80,23.97,24.20,24.20,24.33,25.00,25.00,24.57,24.47,24.67,25.00,25.00,25.00,24.77,25.17,25.60,25.77,25.87,25.87,25.67,25.23,25.20,25.73,25.77,25.77,25.60,25.73,25.97,26.27,26.27,26.27,26.53,26.53,26.50,25.63,25.30,24.63,23.93,22.33,20.97,20.10,18.93,18.90,19.00,19.30,19.30,18.87,18.80,18.80,18.07,17.73,18.00,18.00,18.17,18.17,18.17,17.93,18.17,18.17,18.47,18.03,18.00,18.40,18.30,18.20,18.00,18.57,18.57,19.33,18.73,18.30,18.13,18.47,18.47,18.53,18.40,18.33,18.03,18.27,18.30,18.30,18.17,18.30,18.93,18.83,17.93,17.83,18.03,18.07,18.40,18.60,18.93,18.17,18.10,18.37,18.67,18.30,18.00,18.23,18.97,18.77
18.00,18.40,18.40,18.43,17.67,18.67,18.87,18.67,18.67,17.80,18.57,18.47,18.47,18.93,18.43,18.43,18.43,18.67,19.03,19.03,18.57,18.30,18.20,18.30,18.30,18.60,19.03,18.80,18.80,18.37,18.37,18.20,18.50,18.57,19.03,18.97,19.00,18.70,19.00,18.50,19.17,19.13,19.50,19.57,20.17,19.57,19.70,18.93,19.03,18.93,19.00,19.00,19.13,19.13,19.13,19.13,19.87,21.77,22.70,23.00,23.97,24.30,24.20,24.50,24.20,24.53,24.53,24.53,24.67,25.00,25.00,25.00,24.70,25.17,25.23,25.60,25.47,25.47,25.30,25.20,25.17,25.17,25.73,25.80,25.73,25.73,25.97,26.27,26.27,26.27,26.53,26.53,26.50,25.53,25.50,24.70,24.63,23.17,21.57,20.47,18.97,18.93,18.97,19.23,18.97,18.80,18.80,18.83,19.07,17.77,18.00,17.93,18.17,18.17,18.17,17.93,18.17,18.47,18.20,18.00,18.00,18.30,18.30,18.40,18.27,18.57,18.57,19.33,18.87,18.83,18.30,18.27,18.27,18.47,18.63,18.63,18.63,18.67,18.53,18.37,18.17,18.27,18.73,18.67,17.93,17.67,18.83,18.40,18.60,18.40,18.70,18.17,18.13,18.37,18.47,18.30,17.93,18.23,18.97,18.77
18.23,18.40,18.40,18.17,17.57,17.53,18.87,18.13,18.03,17.63,18.03,17.97,18.57,19.00,19.00,18.43,18.43,18.67,19.07,19.27,19.03,18.53,18.37,18.37,18.60,18.70,19.07,19.23,18.83,18.43,18.20,18.20,18.50,18.90,19.03,18.90,18.63,18.47,19.00,18.50,18.60,18.60,19.77,19.57,19.57,19.17,19.17,18.93,18.93,18.80,19.20,19.13,19.17,19.17,19.17,19.13,19.23,21.07,22.70,23.00,23.70,24.13,24.20,24.33,24.20,24.53,24.53,24.53,24.67,24.67,24.77,25.00,25.00,25.17,25.13,25.23,25.13,25.40,25.30,25.20,25.10,25.10,25.63,25.80,25.80,25.80,25.90,25.90,26.03,26.03,26.53,25.73,26.10,26.10,25.53,25.17,24.67,23.17,21.73,20.97,19.20,18.93,18.93,18.43,18.53,18.53,18.80,18.80,18.83,18.03,18.00,17.70,18.00,18.40,18.40,18.33,18.20,18.20,18.20,18.20,18.40,18.70,18.43,18.43,18.33,18.40,18.40,19.33,18.57,18.53,18.27,18.23,18.47,18.57,18.70,18.67,18.67,18.63,18.53,18.53,17.93,18.17,18.27,18.27,18.67,17.67,18.83,18.30,18.40,18.30,18.60,18.30,18.13,18.13,19.00,18.47,18.30,18.03,18.77,18.77
18.00,18.23,18.40,18.23,17.67,17.80,18.83,18.13,18.67,18.03,18.27,18.13,18.27,18.53,19.43,18.53,18.83,18.83,19.07,19.20,19.00,18.53,18.37,18.47,18.53,18.60,18.97,18.50,18.50,18.50,18.50,18.57,18.50,18.87,18.90,19.17,18.70,18.47,18.70,18.50,18.90,18.90,19.13,19.57,19.30,19.07,19.07,19.00,18.63,18.63,19.00,19.00,19.13,19.30,19.30,19.33,19.67,21.07,22.80,23.37,23.70,24.27,24.57,24.73,24.73,24.53,24.43,24.53,24.67,25.10,25.10,25.00,25.00,25.23,25.23,24.97,24.97,25.00,25.13,25.13,25.10,25.10,25.43,25.67,25.63,25.70,25.90,25.90,25.90,25.73,25.73,25.73,26.10,25.53,25.50,25.30,24.73,23.57,21.73,20.07,19.43,19.20,18.97,18.97,18.53,18.53,18.53,18.30,18.70,18.37,18.37,17.70,18.30,18.80,18.40,18.93,18.33,18.30,18.20,18.40,18.77,18.73,18.47,18.47,18.47,18.73,18.40,18.40,18.40,18.53,18.27,18.23,18.23,18.57,18.63,18.63,17.70,18.53,18.53,18.53,17.93,17.83,18.27,18.27,18.67,17.63,18.17,18.30,18.40,18.30,18.30,18.30,18.83,18.83,18.83,18.37,17.90,17.77,17.87,17.87
18.23,18.47,18.60,18.73,18.73,17.80,17.80,18.13,18.70,18.20,18.13,18.13,18.27,18.77,18.77,18.53,18.60,18.60,19.17,19.17,18.53,18.50,18.50,18.53,18.53,18.70,18.90,18.90,18.07,18.37,18.37,18.37,18.20,18.50,18.87,19.00,18.67,18.67,18.73,18.80,18.60,18.53,18.60,19.00,19.03,19.00,19.03,19.00,18.93,18.80,18.80,19.03,19.13,18.93,19.23,19.30,19.33,20.00,22.80,23.37,23.70,24.00,24.27,24.57,24.73,24.53,24.53,24.63,24.97,25.03,24.97,25.00,25.07,25.27,25.27,25.23,24.90,24.73,24.73,25.00,25.13,25.50,25.50,25.70,25.70,26.13,25.90,25.90,25.90,25.73,25.73,25.73,25.63,25.63,25.50,25.30,24.73,23.57,21.73,20.07,19.20,19.10,19.10,19.20,18.53,18.53,18.47,18.30,18.30,18.37,18.37,18.37,18.53,18.77,18.77,18.80,18.33,18.20,18.20,18.40,18.80,18.77,18.47,18.37,18.37,18.40,18.40,18.40,18.20,18.20,17.97,18.57,18.07,18.57,18.57,18.00,17.70,17.53,18.07,18.63,17.93,17.83,18.20,18.27,18.27,18.00,18.13,18.40,18.40,18.40,18.43,18.60,18.83,18.83,17.90,17.93,17.90,17.93,17.87,17.87
18.60,18.60,18.73,18.73,18.73,18.43,17.80,18.77,18.77,18.70,18.27,18.27,18.27,18.77,18.77,18.77,18.60,18.50,18.90,18.90,18.53,18.03,17.87,18.13,18.13,18.47,18.53,18.37,18.07,18.37,18.70,18.37,18.13,18.17,18.27,18.67,18.73,18.67,18.73,18.80,18.83,18.73,18.90,19.13,19.30,19.00,18.90,18.93,18.90,18.63,18.40,18.63,18.53,18.73,18.93,19.30,19.47,20.60,22.80,23.40,23.50,23.70,24.00,24.57,25.03,24.60,24.60,25.03,25.10,25.10,24.97,25.00,25.30,25.47,25.30,24.97,24.90,24.73,24.73,25.00,25.23,25.50,25.50,25.70,25.60,26.13,25.90,25.90,25.63,25.63,25.93,25.90,25.53,25.50,25.50,25.30,24.73,23.30,21.33,20.07,18.87,18.87,19.20,19.33,19.00,18.77,18.67,18.47,18.07,18.40,18.40,18.40,18.40,18.63,18.60,18.60,18.57,18.30,18.60,18.60,18.77,18.53,18.37,18.03,18.47,19.23,18.57,18.40,17.93,17.93,17.97,18.27,17.97,18.30,18.30,18.00,17.93,17.93,18.17,18.20,18.20,18.20,18.73,18.70,18.70,18.00,18.13,18.53,18.73,18.60,18.60,19.07,18.93,18.83,17.90,17.90,17.90,17.83,17.60,17.60
18.60,18.60,18.77,18.77,19.13,19.30,18.77,18.93,18.73,18.10,18.10,18.23,18.27,18.77,18.67,18.67,18.60,18.50,18.67,18.50,18.90,18.03,17.87,18.03,18.00,18.13,18.93,18.93,18.90,18.13,18.37,18.13,17.87,18.13,18.17,18.60,18.67,18.67,18.67,18.27,18.80,18.73,18.97,18.83,19.30,18.83,18.83,18.83,18.77,18.77,18.63,18.73,18.53,18.53,18.73,18.97,19.30,19.47,21.03,22.90,23.50,23.53,23.50,24.00,24.17,24.47,24.60,25.10,25.30,25.30,25.30,25.47,25.47,25.43,24.97,24.97,24.80,24.70,24.17,24.53,25.40,25.50,25.60,26.07,26.07,26.13,25.90,25.83,25.63,25.63,25.93,25.90,25.63,25.53,25.50,25.37,24.17,22.13,21.27,19.50,19.10,18.87,18.90,18.90,18.73,18.77,18.73,18.47,18.03,18.07,18.03,18.40,18.33,18.63,18.63,18.63,18.93,18.80,18.60,18.37,18.60,18.70,18.37,18.10,18.37,18.37,18.37,18.30,17.93,18.27,18.17,18.33,18.30,18.50,18.30,17.93,18.00,18.17,18.50,18.67,18.83,18.20,18.30,18.20,18.67,18.53,18.53,18.53,18.60,18.60,19.07,19.07,18.37,18.37,18.03,18.60,17.90,17.93,17.60,17.60
17.57,18.43,19.03,18.77,19.13,19.37,19.37,19.37,17.80,18.10,18.10,18.27,18.50,18.67,18.40,18.67,18.67,18.30,18.67,18.00,18.90,18.03,18.03,18.03,17.80,18.10,18.93,18.93,18.70,18.70,18.77,18.77,19.10,18.53,18.27,18.53,18.67,18.60,18.67,18.40,18.83,18.83,18.83,18.73,18.83,19.07,18.53,18.77,18.77,18.77,18.63,18.43,18.43,18.30,18.40,18.60,18.97,19.47,20.60,21.03,23.47,23.50,23.40,23.40,23.37,24.47,24.60,25.40,25.67,25.67,25.67,25.63,25.63,25.47,24.97,24.90,24.90,24.97,24.70,24.70,24.83,25.47,25.90,26.13,26.07,25.83,25.83,25.83,25.93,25.93,26.07,26.27,25.90,25.90,25.67,25.37,24.10,21.27,19.80,19.40,19.10,19.07,19.00,18.93,18.90,18.93,18.67,18.53,18.03,17.97,17.93,18.33,18.33,18.63,18.63,18.63,18.80,18.80,18.80,18.60,18.90,18.80,18.20,18.20,18.37,18.37,18.37,18.57,18.30,18.20,18.17,18.27,18.30,18.33,18.50,17.93,17.93,18.00,18.17,18.20,18.67,18.67,19.10,18.30,18.70,18.53,18.53,18.40,18.43,18.47,19.00,18.70,18.37,18.37,18.37,18.60,18.60,18.07,17.60,17.77
17.43,18.40,18.77,18.77,19.13,19.30,18.93,18.60,17.97,17.67,18.10,18.53,18.77,19.40,18.30,18.40,18.30,18.30,18.93,18.00,18.73,18.27,19.03,18.27,17.80,17.80,18.53,18.70,18.67,18.60,18.77,18.77,19.20,18.53,18.67,18.53,18.67,18.40,18.63,18.47,18.63,18.60,18.83,18.83,18.83,18.83,18.53,18.30,18.13,18.03,18.43,18.43,18.80,18.77,18.80,18.60,18.97,19.13,19.70,20.10,19.70,20.93,21.77,22.10,22.50,22.50,24.47,25.40,25.67,26.57,26.67,26.47,25.90,25.90,25.90,25.93,25.27,25.47,25.47,25.47,25.47,25.90,26.40,26.40,26.40,26.43,26.90,26.90,26.40,26.17,26.50,26.70,27.27,27.37,26.90,25.40,24.10,20.60,19.47,19.33,19.07,19.07,19.00,18.93,18.67,18.67,18.17,18.17,17.93,17.93,17.90,17.90,18.30,18.63,18.63,18.67,18.80,18.67,17.63,17.63,18.90,18.90,18.70,18.20,18.37,18.37,18.37,18.27,18.27,18.20,18.17,18.33,18.33,18.33,18.10,17.80,17.80,18.00,18.50,18.47,18.47,18.47,18.30,18.23,18.30,18.20,18.00,18.00,18.30,18.43,18.90,18.70,18.70,18.53,18.77,18.80,18.87,18.87,18.20,17.77
17.83,18.40,18.50,18.40,18.47,18.47,18.47,18.60,18.03,17.97,18.53,19.17,19.40,19.40,18.27,18.40,18.30,18.30,18.30,18.73,18.20,18.20,18.27,18.47,17.80,17.80,18.40,18.67,18.53,18.00,18.00,18.60,18.80,18.53,18.67,18.37,18.37,18.40,18.63,18.63,18.60,18.43,18.37,18.43,18.53,18.53,18.53,18.30,18.13,17.90,18.03,18.30,18.60,18.60,18.40,18.40,18.87,19.07,19.07,19.17,19.17,19.40,19.77,21.13,21.77,21.93,22.50,25.40,25.67,28.40,28.63,28.47,28.17,27.83,27.83,27.67,27.07,26.53,27.07,27.03,27.03,27.03,27.43,27.43,27.43,27.47,28.43,27.57,27.83,27.37,27.27,27.43,28.10,28.17,27.87,26.90,25.13,21.13,19.47,19.10,19.07,18.60,19.00,19.00,18.93,18.60,18.20,18.20,18.63,17.93,17.93,18.23,18.50,18.53,18.57,18.57,18.67,18.67,18.73,17.97,18.73,18.73,18.20,18.20,18.37,18.37,18.37,18.27,18.20,18.20,18.20,18.33,18.27,18.27,18.10,18.10,17.87,18.10,18.23,18.47,18.63,18.77,18.23,18.23,18.20,18.20,17.87,18.00,18.00,18.30,18.53,18.53,18.70,18.53,18.80,18.77,18.87,18.87,19.00,19.00
17.83,18.50,18.80,18.50,18.47,18.47,18.47,18.50,18.63,18.67,19.17,19.30,19.40,19.40,18.27,18.70,18.70,18.70,18.23,18.23,18.20,18.20,18.20,18.27,17.80,17.77,18.40,18.43,17.93,17.93,17.93,18.10,18.23,18.33,18.67,18.37,18.37,18.37,18.47,18.47,18.37,17.97,17.93,18.70,18.70,18.53,18.37,17.73,17.90,17.73,17.83,17.83,18.27,18.60,18.30,18.87,18.87,19.00,19.00,18.90,18.93,19.30,19.33,19.73,19.77,20.80,21.77,24.13,28.40,28.90,29.50,29.60,29.50,30.63,29.70,29.70,29.70,29.70,29.83,29.70,30.13,29.50,29.50,29.50,29.60,29.60,28.83,28.83,28.50,28.40,27.83,28.13,28.17,28.37,28.17,27.60,26.67,21.87,19.57,19.30,18.63,18.40,18.53,18.90,18.60,18.17,18.10,18.10,17.90,19.17,19.17,18.23,18.23,18.23,18.50,18.57,18.67,18.87,18.73,18.10,18.73,18.73,18.23,18.23,18.60,18.60,18.37,18.27,18.13,18.57,18.33,18.33,17.90,18.20,17.87,18.10,17.87,18.10,18.23,18.23,18.63,18.77,18.23,18.23,18.00,17.83,17.83,17.70,17.70,18.53,18.77,18.53,18.73,18.53,18.77,18.77,18.77,18.57,18.87,20.13
17.77,17.83,18.80,18.80,18.40,18.40,18.20,18.50,18.67,18.67,19.27,19.27,18.47,18.27,18.27,19.07,18.73,18.93,18.20,18.23,18.20,18.20,18.20,18.20,18.13,17.80,17.80,18.13,17.93,17.93,17.93,18.10,18.23,18.33,18.33,18.33,17.83,17.47,18.33,18.33,18.33,17.97,17.87,18.03,18.33,18.37,17.73,17.73,17.73,17.73,17.83,17.90,17.90,18.30,18.30,18.37,18.37,18.47,19.00,18.90,18.90,18.87,18.93,19.00,18.93,19.37,21.60,25.30,28.90,29.60,30.13,30.90,30.93,30.90,30.67,30.90,30.93,30.93,31.27,31.27,30.97,30.40,30.40,30.53,30.53,30.07,29.93,29.43,29.37,29.30,28.40,28.37,28.40,28.53,28.40,27.87,27.37,23.87,20.47,19.77,19.00,18.63,18.77,18.90,18.90,18.60,18.60,18.20,19.00,19.07,18.83,18.50,18.13,18.17,18.43,18.57,18.67,18.87,18.77,18.73,18.67,18.10,18.17,18.23,18.67,18.67,18.60,18.57,18.67,18.77,18.63,18.43,18.37,18.37,18.20,18.57,18.37,18.10,18.10,17.90,18.63,18.77,18.77,18.80,18.53,18.50,18.50,18.67,18.47,18.50,18.47,18.33,18.10,18.10,18.73,18.00,17.93,17.97,18.57,19.33
17.77,19.07,19.27,19.23,18.80,18.50,18.10,18.20,18.47,18.53,18.53,18.47,18.27,18.47,18.87,19.07,18.87,18.70,18.23,18.23,18.10,17.90,17.90,18.13,18.13,18.13,18.43,18.13,17.93,17.93,18.10,18.30,18.30,18.47,18.23,18.37,18.10,17.77,17.77,18.33,18.07,18.07,17.87,18.13,18.03,18.03,17.67,17.73,17.73,17.73,17.83,17.90,17.90,17.90,17.93,18.23,18.23,18.47,18.87,19.00,18.87,18.87,18.90,19.00,19.10,20.27,21.60,25.63,29.50,30.13,30.83,31.13,31.20,30.93,31.17,31.17,31.17,30.93,30.93,31.27,30.97,30.97,30.67,30.63,30.63,30.63,29.93,29.37,29.37,29.30,28.90,28.90,29.20,29.20,28.53,28.17,27.57,24.53,22.07,19.87,19.33,19.03,19.30,18.90,18.87,18.30,18.30,18.10,18.47,18.47,18.80,18.13,17.47,17.53,18.17,18.43,18.17,18.77,18.77,18.67,18.10,18.57,18.23,18.67,18.90,18.67,18.43,18.43,18.67,18.67,18.63,18.20,18.37,18.60,18.60,18.80,18.20,17.80,17.80,17.90,18.67,18.83,18.97,18.80,18.50,17.80,18.50,18.43,18.47,18.50,18.50,18.50,18.10,18.10,18.73,18.00,17.73,18.00,18.57,18.57
18.40,19.07,19.17,19.23,18.53,18.20,18.03,18.10,18.33,18.33,18.33,18.20,18.47,18.60,18.87,18.90,18.90,19.20,18.60,18.27,18.17,18.70,19.07,19.03,18.13,18.13,18.60,18.13,17.60,17.60,18.30,18.30,18.70,18.23,18.10,17.83,17.83,18.00,18.20,18.20,18.07,18.13,18.63,18.63,18.03,18.03,17.57,18.30,17.67,17.73,17.93,18.47,17.93,17.93,18.43,18.43,18.47,18.63,18.63,19.03,18.77,18.77,18.57,18.90,19.03,19.37,21.63,26.47,29.60,30.13,30.40,31.13,31.23,31.23,31.23,31.17,30.97,30.93,31.07,31.27,30.97,30.97,30.90,31.07,30.73,30.60,29.93,29.83,29.60,29.20,28.90,28.97,29.13,29.13,28.57,28.17,28.17,26.73,22.80,20.20,19.33,19.30,19.33,19.70,18.87,18.60,19.00,18.60,18.60,18.47,18.80,18.80,18.23,18.23,18.17,18.30,18.30,18.73,18.77,18.67,17.93,18.03,18.03,18.77,18.90,18.90,18.50,18.90,18.90,18.67,18.07,18.10,18.63,18.77,18.73,18.80,18.57,18.70,18.70,18.83,18.67,18.83,19.10,19.07,18.80,18.40,18.40,18.50,18.50,18.50,18.47,18.50,17.90,18.73,18.50,18.23,18.07,18.07,18.07,17.83
18.47,18.67,19.17,18.97,18.57,18.53,18.40,18.47,18.33,18.30,18.30,18.20,18.60,18.67,18.73,18.73,18.63,18.63,18.63,18.60,18.27,19.23,19.03,19.23,18.97,18.90,18.90,18.70,17.60,17.60,18.00,18.70,19.10,18.60,18.47,18.10,18.07,18.07,18.20,18.20,18.20,18.63,18.63,18.63,18.60,18.60,18.90,18.90,18.30,17.53,17.53,18.23,18.23,18.23,17.93,17.93,18.60,18.87,18.63,18.67,18.50,19.03,18.93,19.10,19.10,19.70,21.67,27.00,29.73,30.13,30.13,30.13,30.00,31.17,31.23,31.17,30.93,30.50,30.93,30.50,30.87,30.87,30.90,31.07,31.07,30.60,30.03,29.83,29.60,29.33,29.20,29.20,29.20,29.13,28.60,28.57,28.57,28.00,25.37,20.80,19.37,19.30,19.20,19.30,18.87,18.87,19.10,19.10,18.60,18.47,18.47,18.93,18.73,18.70,18.13,18.13,18.30,18.47,18.47,18.40,18.03,18.40,18.43,18.77,18.43,18.27,18.43,19.03,18.90,18.10,17.97,18.10,18.73,18.77,18.73,18.47,18.57,18.70,18.70,18.73,18.73,18.97,19.07,18.87,17.73,17.80,18.03,18.40,18.50,18.57,19.33,19.33,19.33,18.73,18.50,18.03,18.23,18.23,18.27,18.20
18.40,18.47,18.60,18.67,18.67,18.97,18.57,19.03,18.63,18.63,18.67,18.67,18.67,18.40,18.40,18.30,18.13,18.63,19.10,19.10,18.40,18.40,18.97,19.03,18.97,18.50,18.50,18.50,18.43,18.43,18.67,18.67,18.60,18.60,17.97,18.00,18.03,18.07,18.23,18.23,18.27,18.70,18.63,18.57,18.37,18.60,18.97,18.60,18.30,18.17,18.67,19.33,19.40,18.70,18.50,18.60,18.63,19.03,18.63,18.67,18.50,18.67,18.57,18.97,19.03,19.70,22.50,27.67,29.73,30.13,30.20,30.13,30.13,31.20,31.23,30.40,30.40,30.77,30.97,30.93,30.73,30.87,31.23,31.27,31.47,31.27,30.03,30.03,29.80,29.43,29.20,29.20,29.13,29.13,28.77,28.63,28.63,28.40,26.17,23.07,19.50,19.37,18.87,19.63,19.03,19.27,19.10,19.10,18.67,18.67,18.93,18.73,18.70,18.03,17.83,18.03,19.17,19.17,18.73,18.70,18.70,18.70,18.43,18.07,18.10,18.07,18.10,19.03,19.07,18.07,18.00,18.10,18.77,18.77,18.77,18.30,18.57,18.17,18.50,17.90,18.50,18.73,18.97,18.77,18.77,18.40,18.73,18.73,18.97,18.57,18.97,19.07,19.33,18.27,18.27,18.23,18.43,18.27,18.27,18.20
17.80,17.80,17.93,17.87,18.57,18.87,18.57,18.63,18.63,18.63,18.63,18.63,18.33,18.33,18.30,18.27,18.13,18.17,18.63,19.10,18.47,18.40,18.40,18.97,18.97,18.50,18.23,18.37,18.37,18.37,17.90,18.60,18.60,18.60,17.97,18.07,18.07,18.07,18.23,18.23,18.40,18.70,18.57,18.33,18.33,18.37,19.13,18.60,18.83,18.53,18.83,18.67,18.67,18.63,18.43,18.37,18.37,18.67,18.40,18.57,18.57,18.67,18.93,18.97,19.53,20.80,25.23,27.67,29.73,30.23,30.23,30.23,30.13,30.67,30.40,30.40,30.40,30.67,30.67,30.53,30.63,30.87,31.07,31.27,31.50,31.47,31.27,30.37,29.97,29.63,29.63,29.20,29.50,29.50,29.33,28.63,28.63,28.53,27.33,23.87,20.53,19.50,18.63,19.03,19.03,19.30,19.27,19.10,18.67,19.07,18.57,18.70,18.57,18.03,17.83,18.03,18.83,19.10,18.30,18.43,18.67,18.70,18.43,18.07,18.07,17.87,18.00,17.87,18.13,18.00,18.20,18.33,18.77,18.77,18.87,18.17,18.80,18.07,18.10,18.10,18.27,18.73,18.77,18.33,18.47,18.47,18.77,18.77,19.00,18.57,18.73,18.57,19.07,18.27,18.27,17.83,18.13,18.43,18.50,18.40
18.20,18.20,18.20,17.87,18.53,18.87,18.30,18.30,18.30,18.63,18.63,18.53,18.00,18.20,18.30,18.87,18.27,18.27,18.17,18.17,18.40,18.40,18.40,18.33,18.40,18.50,17.57,17.57,17.83,18.13,18.13,18.53,18.53,18.20,17.90,17.90,18.37,18.37,18.37,17.57,18.27,18.27,18.73,18.50,18.50,18.37,18.47,18.47,18.80,18.80,18.83,18.67,18.67,18.50,18.27,18.37,18.43,19.10,18.97,18.73,18.73,18.57,18.73,18.97,20.60,21.47,26.17,28.37,29.73,30.77,30.57,30.23,30.20,30.63,30.40,30.40,30.40,30.77,30.83,30.93,30.83,31.13,31.07,31.27,31.50,31.50,31.43,30.63,29.97,29.77,29.77,29.87,30.17,29.60,29.60,29.13,28.77,28.53,27.67,25.67,21.77,20.13,19.00,19.00,19.00,19.30,18.70,18.70,18.63,18.67,18.57,18.57,18.20,18.03,18.03,18.33,18.67,18.67,18.07,17.97,17.97,18.23,17.67,17.43,17.43,17.53,17.67,17.60,17.67,18.33,18.43,18.37,18.50,18.50,18.73,18.30,18.20,18.13,18.20,18.23,18.43,18.83,18.27,18.33,18.40,18.47,18.73,18.77,19.00,19.00,18.77,18.73,18.73,18.73,18.93,18.93,18.73,18.73,18.73,17.80
18.57,18.20,17.93,17.90,18.17,18.17,18.30,18.30,18.30,18.40,18.53,18.40,17.87,18.00,18.87,18.87,18.63,18.63,18.17,18.17,18.47,18.43,18.43,18.33,18.30,18.40,18.40,18.07,18.07,18.07,18.13,18.70,18.70,18.20,17.67,17.67,18.40,18.40,18.40,17.83,18.27,18.43,18.57,18.50,18.50,18.17,18.47,18.47,18.70,18.70,18.70,18.67,18.70,18.70,18.27,18.37,18.37,19.10,19.03,18.97,18.97,18.67,19.10,20.03,21.07,24.33,27.73,29.37,29.60,30.23,30.23,30.23,30.57,30.63,30.00,30.00,29.97,30.67,30.67,30.83,30.63,30.87,30.87,31.13,31.30,31.83,31.83,30.73,30.00,30.00,30.10,30.10,30.17,29.80,29.93,29.13,29.07,28.77,28.77,27.53,23.60,20.53,19.00,18.77,18.63,18.77,18.63,18.70,18.33,18.77,18.33,18.33,18.33,18.70,18.83,18.67,18.67,18.13,18.13,18.10,17.87,17.87,17.67,17.40,17.60,17.93,17.93,17.70,17.70,18.33,18.43,18.43,18.43,18.43,18.47,18.20,19.07,18.13,18.20,18.23,18.77,19.03,19.03,18.40,18.40,18.33,18.30,18.77,19.03,19.03,18.77,18.00,18.73,18.93,19.07,18.93,18.13,18.47,18.37,18.37
18.20,18.20,18.20,18.17,18.17,18.17,18.30,18.30,18.30,18.37,18.43,18.43,18.43,18.53,18.87,18.87,18.83,18.73,18.53,18.17,18.53,18.43,18.43,18.20,18.20,18.30,18.30,18.07,18.07,18.07,18.43,18.90,18.70,18.03,17.67,17.67,18.40,18.40,18.17,17.93,18.43,18.57,18.77,18.57,18.63,18.50,18.50,18.50,18.47,18.40,18.67,18.67,19.07,18.83,18.20,18.03,18.63,19.10,19.13,19.03,19.03,19.07,19.30,20.60,22.47,27.13,28.73,29.80,30.50,30.50,30.27,30.07,30.27,29.83,29.83,29.60,29.97,30.70,30.83,30.83,30.77,30.70,30.67,31.17,31.43,31.60,31.50,31.50,30.63,30.63,30.20,30.10,30.10,29.83,29.87,29.50,29.70,29.17,29.07,28.77,25.33,20.73,19.50,19.00,18.77,18.77,18.40,18.40,18.33,18.33,18.33,18.17,18.57,18.57,19.10,19.07,18.67,18.13,18.13,18.10,18.10,17.87,17.87,17.60,17.93,18.33,17.93,17.70,17.70,17.93,18.43,18.43,18.43,18.47,18.47,18.20,18.13,18.03,18.13,18.20,18.77,19.03,19.00,18.40,18.40,18.30,19.10,19.07,19.07,19.03,18.80,18.77,18.77,18.73,18.73,18.53,18.47,17.80,17.80,18.23
18.30,18.30,18.53,18.43,18.17,18.17,18.20,18.63,18.63,18.23,18.40,18.43,18.90,18.90,18.53,18.53,18.43,18.53,18.53,18.63,18.63,18.50,18.33,18.27,18.27,18.23,18.23,18.23,18.07,18.43,18.70,19.10,18.90,18.03,18.03,17.97,18.23,18.40,18.40,18.43,18.43,18.80,18.80,18.77,18.63,18.63,18.63,18.50,17.87,17.63,18.27,18.53,19.07,18.83,18.43,18.03,18.23,18.27,18.47,18.47,19.03,19.13,20.03,22.43,25.67,27.73,29.30,29.80,29.80,30.27,30.27,30.27,30.27,29.93,29.83,29.90,29.97,30.13,30.70,30.70,30.50,30.67,30.77,31.50,31.43,31.50,31.50,31.50,31.33,30.97,30.97,30.47,30.07,29.80,29.50,29.37,29.37,28.83,28.83,28.77,26.43,23.30,20.43,20.00,18.77,18.77,18.23,18.20,18.33,17.67,18.33,17.70,18.33,17.87,18.57,18.33,18.83,18.33,18.13,18.13,18.13,18.20,18.20,17.90,17.90,18.10,18.37,18.43,17.93,17.93,18.43,18.43,18.67,18.43,18.57,18.07,18.03,17.83,18.43,18.43,18.60,19.00,19.00,18.60,18.30,18.17,18.57,18.57,18.57,18.27,18.27,18.53,18.80,19.00,18.83,18.53,17.47,17.47,18.23,18.37
17.83,17.97,18.20,18.40,18.43,18.20,18.20,18.73,18.73,18.20,18.07,18.43,18.90,18.90,18.23,18.43,18.43,18.53,18.53,18.63,18.60,18.50,18.27,18.27,18.40,18.23,18.13,18.13,18.13,18.13,18.80,18.80,18.93,18.47,18.47,18.17,18.17,18.17,18.17,18.33,18.77,18.80,18.80,18.80,18.77,18.77,18.07,17.93,17.87,17.87,17.87,18.27,19.07,18.43,18.30,17.80,17.87,18.27,18.47,18.70,19.07,19.37,20.40,23.10,27.53,28.90,29.80,30.13,30.33,30.33,30.47,30.27,29.93,29.57,29.60,29.90,30.20,30.70,30.73,30.70,30.33,30.67,30.77,31.60,31.50,31.50,31.43,31.50,31.37,30.97,30.80,30.27,29.97,29.83,29.50,29.43,29.30,29.07,28.97,28.77,27.77,25.37,20.87,20.10,19.27,19.27,18.40,18.33,18.40,17.67,18.77,18.17,18.33,17.87,17.47,17.43,17.43,18.33,17.80,18.13,18.13,18.37,18.37,18.33,17.90,18.33,18.43,18.37,17.93,17.93,17.97,18.07,18.43,18.57,18.87,18.57,18.63,18.03,18.50,18.43,18.50,18.60,18.80,18.80,18.80,19.10,19.10,18.47,18.20,18.20,18.20,18.27,18.73,18.73,18.53,18.47,18.47,17.73,19.13,19.13
18.30,18.20,18.20,18.20,18.40,18.40,19.17,18.83,18.83,18.07,18.07,18.20,18.97,18.30,17.83,18.10,17.77,18.43,18.53,18.70,18.60,18.60,18.43,18.43,18.43,18.50,18.37,18.37,18.37,18.37,18.30,18.20,18.30,18.47,18.23,18.23,18.23,18.57,18.33,18.33,18.23,18.77,18.33,18.67,18.40,18.67,18.07,17.93,17.93,18.23,18.20,17.93,18.27,18.33,18.33,18.07,18.07,18.20,18.23,18.70,19.27,20.00,22.20,25.70,28.87,29.27,29.77,30.13,30.33,30.33,30.47,30.43,30.40,29.93,29.80,29.80,30.07,30.20,30.10,30.33,30.00,30.67,31.33,31.57,31.57,31.90,31.90,31.93,31.37,30.97,30.80,30.27,30.13,29.97,29.97,29.63,29.37,29.07,28.97,28.60,28.40,26.27,21.70,20.10,19.27,19.27,18.33,18.23,18.60,18.53,18.77,17.93,18.30,17.87,17.47,17.43,17.20,18.33,17.80,17.80,17.80,18.20,18.00,17.97,17.97,18.10,18.53,18.53,18.30,17.93,17.97,18.07,18.07,18.07,18.70,18.70,18.70,18.63,18.63,18.60,18.43,18.47,18.20,18.13,18.13,18.63,18.57,18.10,18.10,18.23,18.07,18.07,18.60,18.73,18.60,18.47,18.47,18.60,19.13,19.13
17.80,17.83,18.03,18.03,18.27,18.27,18.87,18.73,18.67,17.37,18.20,18.03,18.03,18.30,18.03,18.30,18.03,18.90,18.90,18.03,17.63,18.43,18.43,18.50,18.43,18.50,18.37,18.37,18.37,18.23,17.93,17.93,18.07,18.27,18.40,18.47,18.50,18.50,18.33,18.37,18.37,18.53,18.10,18.33,18.20,18.33,18.07,18.33,18.37,18.57,18.23,18.20,19.07,19.07,18.33,18.07,18.07,18.33,18.77,18.77,19.37,20.43,23.10,26.30,28.97,29.70,30.17,30.13,30.33,30.47,30.57,30.43,30.40,29.47,30.30,29.80,30.20,30.57,30.63,30.77,30.80,31.33,31.40,31.53,31.57,32.10,31.57,32.10,30.97,30.97,30.77,30.27,30.27,30.23,30.23,29.97,29.63,29.30,29.07,28.73,28.63,27.23,24.33,20.63,19.27,18.73,18.27,18.50,18.60,18.53,18.73,18.30,18.53,18.33,17.93,17.43,17.20,17.93,17.93,17.93,17.70,17.70,17.90,17.97,17.97,18.13,18.13,18.53,18.30,18.30,17.97,18.07,17.97,17.87,17.87,18.70,18.23,18.10,17.70,18.40,18.20,18.20,18.20,18.37,18.43,18.80,18.63,18.60,18.23,18.60,18.03,17.77,17.93,18.53,18.53,18.17,17.87,17.87,18.00,18.50
18.47,18.03,18.23,17.80,18.27,17.80,18.87,18.40,18.40,17.67,18.23,17.63,18.03,18.30,18.70,18.70,18.03,18.77,18.53,18.53,18.03,18.43,18.43,18.50,18.43,18.50,18.47,18.47,18.37,17.93,17.93,18.07,18.20,18.40,18.40,18.40,18.50,18.50,18.57,18.43,18.53,18.53,18.13,18.13,18.13,18.33,18.20,18.57,18.87,19.03,19.03,18.73,19.07,18.60,18.47,18.33,18.07,18.10,18.33,18.77,20.27,21.83,25.73,28.03,29.40,29.70,30.20,30.13,30.47,30.47,30.47,29.80,29.80,29.47,29.80,29.40,30.07,30.07,30.07,30.70,30.80,31.33,31.33,31.17,31.57,32.10,32.10,31.93,30.97,31.00,30.97,30.93,30.83,30.30,30.37,30.00,29.63,29.43,29.23,28.50,28.40,27.63,25.27,22.73,19.07,18.77,18.73,18.53,18.53,18.53,18.23,18.53,18.53,18.53,17.93,17.93,18.17,18.17,18.13,17.97,17.70,17.70,17.70,17.97,17.97,18.13,18.13,18.20,17.87,17.63,17.50,18.00,17.63,17.83,17.63,17.87,17.60,17.67,17.67,18.40,18.40,18.40,18.37,18.37,18.43,18.63,18.43,18.60,18.63,18.73,18.77,18.63,18.60,18.60,18.60,18.63,18.13,18.00,18.00,18.03
17.80,17.80,18.47,18.27,18.27,17.80,18.27,18.40,18.40,18.13,18.13,17.63,18.50,18.70,18.77,18.77,18.77,18.53,18.33,18.53,18.43,18.60,18.30,18.30,18.30,18.47,18.47,18.33,17.93,17.80,17.93,18.23,18.27,18.40,18.40,18.33,18.33,18.33,18.43,18.37,18.53,18.27,18.27,18.13,18.33,18.33,18.33,18.87,19.17,19.03,19.23,19.03,19.07,18.60,18.57,18.47,17.97,18.10,18.63,18.77,20.43,24.00,27.73,29.27,29.57,30.20,30.60,30.33,30.90,30.80,30.53,29.73,29.13,29.47,29.33,29.57,30.07,30.07,30.70,30.70,30.73,31.03,31.40,31.63,31.90,32.33,32.17,32.17,31.83,31.63,31.63,31.43,31.03,30.40,30.40,30.00,29.80,29.63,29.27,29.00,28.83,27.63,25.70,22.73,19.63,19.07,19.07,18.83,18.83,18.80,18.83,18.87,18.83,18.73,18.33,18.70,18.00,17.97,18.00,17.97,17.97,17.77,18.13,18.13,18.13,18.13,18.13,18.03,17.63,17.63,17.63,18.50,17.80,17.83,17.63,17.23,17.23,17.60,17.73,18.13,19.10,18.40,18.53,18.53,18.43,18.63,18.43,18.60,18.60,18.60,18.40,18.40,18.47,18.53,18.63,18.63,18.53,18.00,18.00,17.03
18.97,18.47,18.27,18.03,18.03,17.77,18.50,18.50,18.50,18.40,18.23,17.67,17.63,17.90,18.70,18.70,18.07,17.93,18.33,18.63,18.63,18.63,18.30,18.63,18.80,18.80,18.80,18.47,18.33,17.93,18.30,18.30,18.40,18.70,18.70,18.17,18.03,18.23,18.43,18.27,18.47,18.23,18.47,18.50,18.50,18.33,18.33,18.67,18.87,18.67,18.53,18.67,18.57,18.57,18.47,18.47,17.90,17.97,18.63,19.33,20.87,25.67,28.77,29.57,30.30,30.60,30.63,30.80,30.90,30.53,30.30,30.30,29.13,29.57,29.33,29.57,29.87,29.87,30.73,30.70,30.70,30.90,31.13,31.63,32.13,32.63,32.63,32.00,31.83,31.70,31.83,31.63,31.03,30.47,30.40,30.17,29.80,29.87,29.37,29.00,28.77,28.20,26.60,22.83,20.07,19.50,19.10,19.10,19.20,19.20,18.87,19.20,18.83,18.47,18.13,18.43,18.70,18.70,19.20,18.97,17.97,17.93,18.13,18.13,18.17,18.13,18.17,18.00,17.87,17.87,17.90,18.07,18.00,18.00,17.83,17.83,17.60,17.73,18.13,18.13,19.07,18.33,18.53,18.53,18.70,18.63,18.57,18.30,18.03,18.30,18.40,18.70,18.70,19.07,18.70,18.90,18.53,18.03,18.00,18.00
18.63,17.80,17.80,18.03,17.97,17.97,17.97,18.60,18.60,18.47,18.60,18.60,18.50,18.40,18.50,18.87,18.33,18.00,18.33,19.03,19.03,18.77,18.63,18.47,18.47,18.73,18.73,18.67,18.33,18.07,18.07,18.07,17.97,17.93,18.03,18.17,18.10,18.23,18.27,18.27,18.37,18.23,18.47,18.53,18.53,18.50,18.27,18.27,18.27,18.47,18.47,18.67,18.67,18.57,18.40,17.97,17.97,19.33,19.27,19.93,22.63,26.90,29.93,30.30,30.60,30.60,30.63,30.90,30.90,30.83,30.30,30.30,29.17,29.57,29.57,30.20,31.10,31.13,31.13,30.90,30.90,31.13,31.13,31.93,32.03,32.47,32.47,32.47,31.87,31.83,31.87,31.70,30.90,30.47,30.33,29.80,29.70,30.13,29.87,29.20,28.83,28.63,26.60,24.27,20.83,19.63,19.27,18.83,19.33,19.20,19.10,19.20,19.37,19.00,18.47,18.77,18.73,18.90,18.97,18.97,18.67,17.87,18.27,17.87,18.17,18.17,18.20,18.20,18.03,18.40,18.50,18.77,18.33,18.33,18.17,18.37,18.20,18.23,18.23,18.60,18.50,18.33,18.33,18.53,18.93,18.93,18.63,18.30,17.93,17.93,18.03,18.40,18.40,19.07,18.63,18.63,18.53,18.00,18.00,18.00
18.63,17.83,17.80,17.73,17.77,17.97,18.90,18.73,18.70,18.40,18.60,18.60,18.60,18.40,18.40,18.83,18.93,18.93,19.03,19.33,19.03,18.50,18.50,18.50,18.47,18.47,17.77,18.67,18.43,18.43,18.07,18.07,18.07,18.13,18.03,18.03,18.10,18.10,18.27,18.47,18.47,18.47,18.50,18.63,18.80,18.50,18.27,18.27,18.47,18.47,18.17,18.17,18.40,18.43,17.90,19.03,19.03,19.40,19.40,20.93,26.00,29.43,30.17,30.30,30.33,30.30,30.60,30.60,30.83,30.33,30.30,29.97,29.57,29.97,30.40,30.43,31.10,31.50,31.43,31.17,31.17,31.13,31.13,31.37,32.03,32.47,32.13,32.07,31.87,31.87,32.17,31.47,31.00,30.70,30.47,29.87,29.73,29.87,29.73,29.87,28.77,28.47,27.57,24.27,21.10,19.60,19.27,19.17,19.43,19.33,19.37,19.10,19.37,18.90,18.77,18.53,18.73,18.90,19.17,18.67,18.43,17.93,18.37,17.97,18.17,18.17,18.20,18.23,18.20,18.40,18.40,18.77,18.33,18.33,18.20,18.37,18.23,18.40,18.50,18.63,18.50,18.33,18.20,18.53,18.77,18.90,18.63,18.30,18.00,18.00,18.03,18.57,19.07,19.27,19.00,18.63,18.00,18.00,18.00,18.63
18.53,17.83,17.80,17.80,18.03,18.50,18.50,18.50,18.10,18.20,18.20,18.77,18.80,18.80,18.83,18.93,19.00,18.93,19.00,18.07,18.33,18.07,18.07,18.07,18.20,18.37,18.37,18.53,17.80,18.53,18.07,18.23,17.97,17.83,17.43,18.03,18.03,18.10,18.10,18.17,18.17,18.17,18.80,19.00,18.90,18.90,18.57,18.57,18.57,18.47,18.37,17.80,18.00,17.97,17.97,18.60,19.03,19.40,20.40,23.23,26.13,29.83,30.17,30.27,30.57,30.33,30.63,30.23,30.90,30.90,30.80,29.97,29.97,30.27,30.40,30.40,31.10,31.50,31.50,31.50,31.47,31.47,31.47,31.83,31.83,32.13,32.13,32.13,32.07,31.80,31.67,31.20,30.93,30.87,30.70,30.40,30.03,30.17,30.13,30.13,28.77,28.47,28.07,24.77,21.60,19.60,19.37,19.17,19.33,19.17,19.43,19.37,19.47,19.37,19.07,18.97,18.90,18.90,18.67,18.53,18.53,18.43,19.00,18.37,18.37,18.23,18.23,18.23,18.23,18.40,18.53,19.13,18.77,18.53,18.17,18.17,18.17,18.27,18.50,18.60,18.50,18.33,18.33,18.67,18.77,18.77,18.63,18.17,18.00,17.80,17.57,18.30,18.33,18.63,18.33,17.67,17.67,17.97,18.37,18.63
18.27,17.83,17.83,17.83,18.07,18.80,18.80,18.40,17.90,18.10,18.20,18.20,18.87,18.33,18.40,18.33,18.63,18.63,19.00,18.30,18.30,18.30,18.33,18.20,18.00,17.77,17.77,18.00,17.80,18.00,18.07,18.80,18.23,18.23,17.93,17.93,17.87,18.03,18.07,18.10,18.47,18.87,18.87,18.90,18.90,18.90,18.57,18.80,18.80,18.67,18.37,18.00,18.33,18.33,18.60,18.77,19.03,20.07,23.13,25.87,27.40,29.77,30.13,30.20,30.50,30.70,30.70,30.23,30.37,30.80,30.80,30.13,30.47,30.27,30.27,30.27,31.13,31.50,31.83,31.50,31.47,31.47,32.10,32.83,32.47,32.47,32.13,32.07,32.07,32.17,32.17,31.20,30.93,31.00,30.87,30.83,30.17,30.17,29.73,29.70,28.63,28.60,28.47,26.90,22.80,20.03,19.60,18.77,18.20,18.20,19.43,19.90,19.90,19.57,19.47,19.53,18.53,18.53,18.17,18.43,18.53,19.20,19.30,19.20,18.80,18.43,18.67,18.43,18.23,18.23,18.53,18.97,18.73,18.70,18.20,18.20,18.13,18.27,18.50,18.57,18.50,18.33,18.33,18.77,18.70,18.77,18.77,18.77,18.17,18.00,18.13,18.13,18.23,18.33,18.20,17.60,17.60,17.97,18.03,18.03
17.70,17.83,18.07,18.07,18.50,18.80,18.50,17.90,18.10,18.10,18.10,18.00,18.30,18.33,18.33,18.20,18.63,18.63,19.03,18.43,18.33,18.33,18.33,18.07,18.00,18.07,18.20,18.53,18.00,18.00,18.50,18.80,18.80,18.40,17.83,17.87,17.87,18.03,17.90,18.07,18.33,18.87,18.87,19.13,19.13,19.10,18.57,18.57,18.57,18.60,18.57,18.57,18.73,18.73,18.83,18.87,19.37,21.77,24.10,26.83,29.40,29.83,30.33,30.20,30.50,30.73,30.73,30.63,30.37,30.37,30.13,30.13,30.13,30.27,30.27,30.37,31.23,31.27,32.03,31.63,31.63,31.77,32.83,32.83,32.33,32.33,32.40,32.40,32.17,31.80,31.27,30.93,30.87,30.87,30.83,30.83,30.47,30.40,30.10,29.70,29.47,28.70,28.67,27.00,22.80,20.20,19.67,18.70,18.20,18.53,19.87,20.10,20.07,19.90,19.50,19.57,19.50,19.53,18.53,19.40,19.00,19.20,19.20,18.70,18.67,18.43,18.80,18.23,18.17,18.23,18.73,18.73,18.57,18.20,18.20,18.20,18.00,18.00,18.27,18.27,18.23,18.23,18.70,18.70,18.60,18.43,18.53,18.40,18.53,18.40,18.43,18.13,17.57,17.63,17.77,17.73,17.73,18.27,18.27,18.03
18.07,18.07,18.50,18.07,18.53,18.53,18.53,17.47,17.90,18.00,18.03,18.00,18.17,18.17,18.43,18.17,18.23,18.30,19.03,18.43,18.47,18.30,18.30,18.43,18.07,18.07,18.07,18.47,18.00,18.00,18.17,18.50,18.80,18.23,17.83,17.83,17.87,18.07,18.13,18.07,18.83,18.87,18.53,18.63,18.57,18.63,18.53,18.53,18.87,18.97,18.87,18.87,18.73,18.60,18.90,18.93,19.53,22.00,25.50,28.43,29.43,30.23,30.87,30.70,30.50,30.60,30.63,30.60,29.93,29.83,29.93,30.07,30.40,30.37,30.07,30.43,31.40,31.87,31.90,31.40,31.60,31.77,32.70,32.77,32.70,32.53,32.70,32.70,32.53,32.53,32.47,31.53,31.27,31.27,30.97,31.20,31.20,31.20,30.07,29.50,29.47,29.27,28.67,27.17,22.80,20.30,19.67,18.70,18.53,18.53,19.50,20.17,20.20,19.57,19.50,19.50,19.27,18.70,18.70,18.57,18.83,18.83,18.83,18.73,18.67,18.43,18.43,18.43,18.17,18.37,18.40,18.37,17.53,17.53,17.67,18.20,18.67,18.00,18.27,18.27,17.67,18.30,18.13,18.30,18.13,18.13,18.43,18.40,18.40,18.30,18.23,18.13,18.00,17.77,17.77,17.77,17.87,18.10,18.10,17.27
18.73,18.73,18.07,17.63,18.33,18.33,18.43,17.47,17.90,17.83,18.00,18.00,18.17,18.43,18.60,18.20,18.20,18.23,18.87,18.73,18.63,18.47,18.17,18.43,18.17,18.57,18.53,18.57,18.53,18.57,18.50,18.50,18.27,18.23,18.13,18.10,18.10,18.10,18.83,18.83,18.83,18.50,18.33,18.50,18.63,18.67,18.60,18.60,18.60,18.87,18.57,18.87,18.60,18.60,18.60,18.93,19.53,23.80,26.53,29.00,30.00,30.50,31.07,31.10,30.70,30.60,30.60,30.63,30.10,29.87,30.07,30.07,30.40,30.60,30.67,31.33,31.53,31.70,31.90,31.93,31.97,32.10,32.70,32.77,32.90,32.67,32.77,32.73,32.77,32.17,32.17,31.60,31.37,31.37,30.97,30.73,30.53,31.20,30.17,30.07,29.47,29.30,28.67,27.83,23.37,20.97,19.80,18.90,18.87,18.70,19.50,20.07,20.03,19.07,19.50,19.50,19.50,19.60,19.70,19.47,18.57,18.57,18.67,18.67,18.30,18.30,18.20,18.80,18.17,18.40,18.37,17.97,17.53,17.53,18.13,18.37,18.37,17.90,18.00,17.90,17.67,17.67,18.13,18.13,18.13,18.10,18.43,18.37,18.40,18.40,18.63,18.40,18.40,18.37,18.37,17.87,17.87,17.87,17.87,17.07
18.77,18.73,17.77,17.53,17.73,17.53,18.33,17.47,17.90,17.83,18.07,18.13,18.43,18.43,18.43,17.77,17.77,17.77,18.50,18.73,18.50,18.27,18.17,18.43,18.20,18.43,18.40,18.47,18.47,18.47,18.33,18.20,18.20,18.20,18.20,18.43,18.00,18.00,18.13,18.13,18.33,18.33,18.33,18.50,18.63,18.63,18.60,19.03,18.87,18.87,18.27,18.27,18.60,18.60,18.60,19.03,21.67,24.97,28.37,29.23,30.07,30.73,31.03,30.87,30.70,30.60,30.60,30.73,30.63,30.63,30.50,30.50,30.60,30.73,31.30,31.43,31.53,31.90,32.57,32.57,32.57,32.57,32.70,32.77,32.90,32.67,32.67,32.67,32.67,32.60,32.47,31.93,31.90,31.87,31.37,31.17,30.53,31.03,30.10,29.50,29.27,29.30,29.00,27.83,24.70,22.73,19.80,19.10,19.10,18.70,18.87,18.93,19.17,18.97,18.97,18.83,18.97,18.97,19.33,18.50,18.83,18.83,18.73,18.60,18.33,18.47,18.47,18.80,18.80,18.40,17.90,17.90,17.57,18.20,18.20,18.20,18.13,17.90,17.90,17.90,18.43,18.43,18.30,18.13,18.13,17.60,18.37,17.93,18.30,18.30,18.50,18.40,18.40,18.40,18.37,18.17,17.87,18.10,18.10,17.27
19.03,18.73,17.80,17.73,17.83,18.13,18.27,18.13,17.83,17.80,17.83,18.13,18.83,18.83,18.43,17.70,18.03,18.03,18.50,18.87,18.73,18.73,18.17,18.57,18.20,18.53,18.53,18.40,18.47,18.47,18.47,18.20,18.20,18.20,18.43,18.60,18.07,18.43,18.13,18.43,18.83,18.83,18.73,18.73,18.73,18.67,18.67,18.87,18.87,18.30,18.13,18.13,18.80,18.97,19.03,19.67,22.17,25.07,28.73,29.73,30.07,30.73,31.03,31.10,31.03,30.73,30.60,31.03,31.17,31.17,30.80,30.80,31.03,31.70,31.70,31.60,31.53,31.93,32.63,32.63,32.27,32.27,32.50,32.90,32.90,32.67,32.50,32.60,32.60,32.60,32.43,31.93,31.97,31.97,32.17,31.57,31.03,30.73,30.13,30.03,29.83,29.40,29.17,28.77,25.50,23.00,19.13,19.07,18.87,18.83,18.87,18.83,18.97,18.73,18.73,18.83,18.97,19.37,19.33,18.50,18.50,18.50,18.27,18.13,18.13,18.47,18.63,18.93,18.93,18.73,18.70,18.57,18.43,18.53,18.53,18.37,18.20,18.20,18.50,18.23,18.43,18.43,18.50,17.60,17.60,17.60,18.67,17.93,18.37,18.37,18.40,18.40,18.30,18.37,18.03,18.03,17.87,18.17,18.53,18.90
18.93,18.20,17.90,17.80,17.83,17.93,17.93,18.13,18.57,18.57,18.07,18.73,18.73,18.43,18.10,18.03,18.30,18.03,18.30,18.87,19.30,19.30,19.20,18.60,18.13,18.13,18.27,18.20,18.00,17.93,18.33,18.33,18.33,18.43,18.20,18.60,18.07,18.27,18.03,17.87,18.33,18.70,18.73,18.73,19.00,19.00,19.00,19.20,18.87,18.30,18.13,17.87,18.80,18.97,19.07,19.93,23.43,26.50,29.57,30.07,30.07,30.93,31.10,31.10,31.27,31.17,31.17,31.17,31.17,31.17,30.63,31.07,31.27,31.90,31.93,31.70,31.43,32.63,32.87,32.63,32.27,32.27,32.53,32.80,32.57,32.57,32.50,32.67,32.67,32.67,32.23,31.93,32.20,31.90,32.20,31.47,31.20,30.73,30.13,29.83,29.83,29.80,29.17,29.17,26.83,23.70,19.13,18.90,18.90,18.93,19.20,18.93,18.87,18.73,18.83,18.97,18.97,18.97,18.73,18.70,18.77,18.77,18.80,18.03,18.03,18.60,18.97,18.97,18.90,18.70,18.70,18.57,18.53,18.57,18.53,18.20,18.20,18.50,18.50,18.17,18.23,18.43,18.50,18.23,18.67,18.43,18.43,17.93,18.17,18.37,18.43,18.43,18.30,18.00,17.70,17.70,17.70,18.17,18.43,18.90
18.77,18.77,19.03,19.03,19.03,18.40,17.93,18.30,18.30,18.63,17.97,18.00,18.33,18.10,18.33,18.10,18.30,18.00,18.30,18.90,18.90,18.87,18.37,18.37,18.03,18.53,18.67,18.67,17.97,17.97,18.33,18.47,18.47,18.60,18.60,18.70,18.60,18.60,18.27,17.93,17.93,18.70,18.70,18.70,18.87,18.87,18.87,18.73,18.23,18.17,18.13,17.87,18.80,18.87,19.07,20.93,24.67,28.60,29.57,30.07,30.10,30.93,31.10,31.73,31.70,31.87,31.70,31.17,31.20,30.93,31.20,31.07,31.27,31.30,31.90,31.87,31.87,32.47,32.87,32.53,32.27,32.50,32.63,32.90,32.90,33.10,32.57,32.90,32.90,32.87,32.43,31.83,32.17,31.70,32.50,32.50,31.30,31.20,30.50,29.97,29.90,29.80,29.40,29.17,28.03,23.90,19.27,18.70,18.70,18.83,18.93,18.83,18.87,18.83,18.83,18.83,18.87,18.87,18.73,18.73,18.77,18.30,18.30,18.03,18.27,18.50,18.63,18.97,18.20,18.50,18.40,18.70,18.43,18.80,18.43,18.30,18.20,18.30,18.50,18.17,18.17,18.23,18.23,18.37,18.67,18.43,18.40,18.37,18.37,18.40,18.43,18.43,18.00,17.97,17.67,17.67,17.70,18.00,17.70,17.67
18.67,18.67,18.67,18.40,18.80,18.70,18.10,18.10,18.30,18.53,18.00,18.00,18.33,18.33,18.60,18.40,18.40,18.30,18.90,18.90,18.90,18.37,18.50,19.03,19.03,18.77,18.70,18.70,17.97,17.97,17.97,18.33,18.47,18.13,18.50,18.50,18.50,18.37,17.87,17.73,17.87,18.00,18.67,18.60,18.70,18.73,18.73,18.30,18.23,18.17,18.17,18.03,18.90,18.87,20.07,21.63,26.07,29.13,29.60,30.07,30.13,31.10,31.17,31.20,31.20,31.87,31.80,31.17,31.03,30.93,31.23,31.23,31.20,31.20,31.50,31.87,31.87,31.90,32.87,32.53,32.53,32.53,32.80,33.27,32.90,33.27,32.63,32.90,32.47,32.23,32.17,31.70,31.70,31.70,31.70,31.47,31.20,31.20,30.50,30.50,29.97,29.97,29.73,29.23,28.07,23.90,20.23,18.90,18.70,18.70,18.70,18.70,18.93,18.93,18.93,18.83,18.63,18.67,18.70,18.70,18.70,18.27,18.40,18.27,18.40,18.27,18.10,18.10,17.93,18.30,18.20,18.23,18.13,18.40,17.57,18.30,18.30,18.53,18.17,17.80,17.80,17.80,18.37,18.90,18.90,18.63,18.37,18.37,18.43,18.87,18.87,18.00,17.97,17.97,17.67,18.33,18.00,18.00,17.67,17.67
18.67,18.77,19.07,19.07,19.07,18.80,18.10,18.10,18.07,18.17,18.03,18.00,18.03,18.33,18.73,18.73,18.63,18.40,18.63,18.37,18.20,18.20,18.33,18.50,19.03,18.90,18.70,18.70,17.97,17.90,17.97,18.13,18.33,17.80,18.40,18.37,18.40,18.13,17.87,17.93,18.17,18.17,18.53,18.53,18.53,18.27,18.10,17.93,18.17,18.17,18.37,18.43,19.73,19.73,20.50,23.77,26.43,29.13,29.97,29.97,30.10,30.73,31.20,31.73,31.27,31.97,32.10,32.10,31.20,31.20,31.23,31.27,31.27,31.20,31.20,31.50,31.80,31.87,32.47,32.53,32.53,32.53,32.73,33.13,33.13,33.27,32.60,32.50,32.40,32.40,32.23,31.70,31.70,31.67,31.70,31.97,31.60,31.60,30.67,30.67,30.50,30.77,30.77,29.73,28.53,25.63,21.10,18.97,18.83,18.67,18.63,18.63,18.93,18.93,18.93,18.70,18.70,18.67,18.67,18.47,18.47,18.20,18.27,18.27,18.27,18.27,18.03,18.03,17.93,18.30,18.13,18.30,18.13,18.83,18.40,18.30,18.30,18.37,18.53,18.00,17.67,17.67,17.67,18.77,18.60,18.40,18.40,18.43,18.77,19.17,18.43,17.97,17.87,17.97,17.93,18.33,18.00,18.23,18.20,18.20
18.30,19.00,18.87,18.80,18.80,18.80,18.30,18.30,18.43,18.43,18.17,18.00,17.83,18.43,18.80,18.80,18.63,18.50,18.63,18.37,18.20,18.20,18.50,19.03,19.03,18.70,18.60,18.00,17.87,17.87,17.90,18.33,18.33,17.80,17.80,18.13,18.37,17.87,17.87,17.87,18.37,18.53,18.60,18.27,18.27,18.10,17.87,17.87,18.30,18.37,18.47,18.80,19.23,19.80,21.63,24.90,27.13,29.20,29.97,29.97,29.97,30.40,31.17,31.17,31.20,31.27,31.63,32.10,31.03,31.23,31.53,31.30,31.30,31.30,31.30,31.27,31.27,31.83,32.27,32.37,32.37,32.37,32.73,32.80,33.10,32.60,32.60,32.40,32.40,32.40,32.37,32.37,31.90,31.80,31.53,31.60,31.17,31.17,30.67,30.67,30.67,30.50,30.83,29.73,29.13,25.87,23.53,20.60,19.87,18.83,18.63,18.40,18.63,18.70,18.93,18.70,18.83,18.57,18.47,18.07,18.23,18.23,18.40,18.27,17.97,18.10,18.10,18.03,17.80,17.93,18.00,18.13,18.00,17.97,17.97,17.67,18.37,18.53,18.53,18.00,17.67,17.67,18.03,18.87,18.60,18.60,18.43,18.43,18.43,18.43,18.27,18.43,18.37,18.67,18.93,18.63,18.33,17.97,18.20,18.23
18.20,19.00,18.87,18.87,18.30,18.30,18.30,18.43,18.43,18.17,18.10,18.03,17.77,17.77,18.80,18.90,18.63,18.63,18.63,18.83,18.83,19.90,19.90,19.60,18.67,18.23,18.00,18.00,18.10,18.10,18.10,18.33,17.83,17.80,17.80,18.13,18.40,18.13,18.37,18.37,18.50,18.43,18.53,18.43,18.23,18.10,17.60,17.60,18.00,18.30,18.80,19.23,19.40,19.80,23.70,26.80,27.50,29.97,30.10,30.20,30.20,30.47,31.10,31.13,31.13,31.27,31.63,32.03,31.57,31.40,31.40,31.30,31.30,31.30,31.50,31.27,31.27,31.67,32.27,32.53,32.57,32.53,32.57,32.50,32.80,32.50,32.80,32.50,32.57,32.57,32.60,33.07,32.37,32.03,31.80,31.60,31.37,31.37,31.07,30.57,30.30,30.20,30.20,29.50,28.93,28.53,23.60,20.60,19.87,18.83,18.63,18.40,18.40,18.40,18.70,18.60,18.83,18.60,18.73,18.07,18.07,18.07,18.20,17.97,17.97,18.57,19.07,18.57,18.03,17.93,18.00,18.37,18.53,18.83,18.63,18.00,18.03,18.03,18.17,17.67,17.67,17.87,18.03,18.37,18.03,17.90,17.93,18.00,18.00,18.27,18.27,18.67,18.70,18.70,18.37,18.00,17.93,17.97,17.97,18.23
18.20,18.20,18.30,18.80,18.30,17.60,18.83,18.43,18.43,18.03,18.10,17.93,17.77,17.77,18.70,18.70,18.50,18.50,18.83,18.83,18.17,18.97,19.60,19.20,19.07,18.60,18.70,18.70,18.70,18.70,18.33,18.73,18.43,18.03,18.23,18.23,18.93,18.40,18.40,18.37,18.37,18.43,18.87,18.63,18.63,18.63,18.10,18.00,18.10,18.70,18.70,19.37,19.40,21.07,25.33,27.13,29.00,29.43,30.20,30.20,30.20,30.70,31.10,31.03,30.83,30.83,31.20,31.20,31.27,31.40,31.53,31.40,31.07,31.27,31.27,31.27,31.27,31.33,32.27,32.27,32.60,32.53,32.53,32.50,32.50,32.50,32.80,32.57,33.03,32.67,32.67,32.73,32.37,32.03,31.83,31.60,31.37,31.23,31.07,30.80,30.67,30.20,30.20,29.63,29.13,28.60,23.63,20.60,19.87,18.60,18.40,18.37,18.37,18.70,18.50,18.60,18.60,18.60,18.77,18.77,18.23,18.07,18.13,17.87,18.07,18.07,18.57,18.17,18.17,17.93,18.37,18.37,18.53,18.53,18.00,18.00,18.03,18.03,17.67,17.60,17.67,18.03,18.37,18.37,17.73,17.40,17.73,17.93,18.00,18.27,18.27,18.67,18.67,18.70,18.37,18.70,18.63,18.63,17.97,18.43
18.20,18.20,18.30,18.30,18.10,17.60,18.23,18.27,18.27,18.03,18.10,17.93,17.83,17.83,18.67,18.67,18.70,18.63,18.97,18.97,18.17,18.97,19.17,19.17,18.60,18.60,18.13,18.70,17.97,18.10,18.10,18.33,18.43,18.40,18.53,18.53,18.53,18.13,18.53,18.40,18.43,18.43,18.90,18.90,18.70,18.70,18.70,18.17,18.17,18.70,19.03,19.43,19.80,22.57,26.50,27.83,29.33,30.53,30.77,30.70,30.13,30.57,31.03,30.83,30.57,29.70,29.70,30.13,30.97,31.40,31.40,31.40,31.03,31.40,31.50,31.33,31.80,32.10,32.20,32.60,32.77,32.90,32.90,32.90,32.50,32.50,32.53,32.57,32.80,32.60,32.60,32.73,32.40,32.00,31.83,31.37,31.37,31.23,30.80,30.67,30.30,30.27,30.20,30.20,29.60,28.60,25.13,21.93,19.17,18.60,18.03,18.03,18.00,18.77,18.50,18.60,18.50,18.60,18.73,18.77,18.13,17.60,17.60,17.60,17.80,18.07,18.50,18.50,18.50,18.37,18.37,18.37,18.63,18.63,18.90,18.20,18.17,18.17,17.60,17.60,17.17,18.03,18.40,18.37,17.93,17.73,17.90,18.27,18.37,18.37,18.27,18.27,18.30,18.70,18.20,18.20,18.20,18.77,18.00,17.60
18.13,18.37,18.40,18.70,18.23,18.23,18.27,18.27,18.50,17.93,18.50,17.73,17.53,17.70,18.27,18.37,18.37,18.47,18.97,18.63,18.13,18.13,18.60,18.60,18.37,18.60,18.00,17.97,17.73,17.93,18.33,18.40,18.73,18.50,18.53,18.53,18.53,18.00,18.53,18.13,18.43,18.30,18.67,18.67,18.67,18.70,19.07,19.07,18.70,18.70,18.77,19.60,22.40,24.20,27.30,28.77,29.60,30.30,30.03,30.10,29.87,30.13,30.50,30.43,27.87,27.63,25.93,26.37,30.13,30.97,31.03,31.40,31.03,31.40,31.17,31.33,31.80,32.10,32.23,32.73,32.73,32.90,32.90,32.97,32.70,32.53,32.30,32.53,32.80,32.77,32.73,32.73,31.83,31.83,31.67,31.40,31.37,31.20,30.63,30.63,30.67,30.27,30.27,30.20,29.63,28.53,25.70,22.63,20.10,18.67,18.30,18.03,18.03,18.70,18.70,18.77,18.50,18.83,18.77,18.77,18.30,17.60,17.60,17.60,17.93,18.07,18.07,18.07,18.13,18.13,18.23,17.67,18.50,18.00,18.90,18.73,18.73,18.73,18.37,18.30,18.30,18.30,18.50,17.93,17.93,17.93,18.40,18.63,19.07,19.07,18.50,18.33,18.30,18.33,18.20,18.20,18.20,18.87,18.43,18.00
18.13,18.40,18.70,18.70,18.40,18.23,18.23,18.10,18.50,18.50,18.50,17.70,17.70,17.73,18.27,18.60,18.60,18.60,18.97,18.97,18.97,18.60,18.60,18.60,18.30,18.63,18.13,18.00,17.60,17.60,18.13,18.40,18.73,18.40,18.53,18.53,18.83,18.83,18.53,17.93,18.03,18.30,18.77,18.77,18.90,18.90,19.07,18.53,18.47,18.47,18.77,19.83,24.13,27.03,28.77,29.20,30.23,30.47,30.30,29.87,29.80,29.83,28.83,27.77,26.03,25.53,23.10,23.70,26.37,30.23,30.87,31.23,31.23,31.50,31.70,31.70,31.83,32.23,32.23,32.30,32.03,32.90,32.93,32.93,32.70,32.13,31.87,32.20,32.20,32.20,32.37,32.40,32.00,31.83,31.43,31.20,31.20,30.63,30.40,30.27,30.27,30.27,30.27,30.30,30.30,28.93,26.70,23.13,20.33,19.17,18.47,18.17,18.30,18.70,18.70,18.20,18.13,18.90,18.47,18.47,18.20,17.60,17.57,17.57,18.00,18.23,18.87,18.87,18.23,17.57,17.67,17.57,17.67,17.57,18.47,18.73,18.53,18.73,18.83,19.03,18.83,18.40,18.50,18.43,18.50,18.43,18.90,18.63,19.07,19.07,18.70,18.33,18.30,18.33,18.70,18.20,17.97,18.00,18.00,17.60
17.73,18.40,18.60,18.70,18.53,18.40,18.40,18.23,18.50,18.47,18.27,17.70,17.70,17.80,18.27,18.27,18.37,18.47,18.73,18.97,19.43,19.07,18.60,18.60,18.37,18.63,18.37,18.47,18.00,17.97,18.13,18.40,18.93,18.87,18.67,18.67,18.83,18.83,17.80,17.67,17.73,18.03,18.63,18.63,18.63,18.40,18.07,18.30,18.47,18.50,19.83,21.37,24.53,28.37,28.77,29.20,30.07,30.17,30.03,29.80,29.77,29.77,27.87,26.60,24.83,22.67,21.90,22.40,23.70,27.93,30.77,30.97,31.00,31.17,31.17,31.60,31.83,32.00,32.23,32.23,32.03,32.20,32.23,32.70,32.67,32.33,32.13,32.17,32.20,32.20,31.70,31.67,31.67,31.83,31.43,31.20,30.97,30.43,30.40,30.43,30.40,30.10,30.10,30.10,29.97,28.83,28.20,25.27,21.83,19.43,18.50,18.30,18.70,18.80,18.70,18.20,18.13,18.90,18.90,18.30,18.20,18.10,17.57,17.47,18.00,18.23,18.70,18.67,18.23,17.87,17.90,17.67,17.90,17.67,18.27,18.27,18.27,18.73,18.83,19.00,18.83,18.50,18.50,18.50,18.50,18.43,18.50,18.40,18.83,18.83,18.83,18.50,18.40,18.50,18.60,18.60,17.80,17.87,18.10,18.57
17.50,18.43,18.57,18.57,18.40,18.40,18.33,18.27,18.27,18.33,18.27,17.70,17.70,17.93,18.27,18.87,18.73,18.73,18.73,19.43,19.43,19.43,18.93,18.73,18.73,19.20,19.10,18.70,18.47,17.97,17.97,18.40,19.07,18.90,18.77,18.67,18.77,18.20,17.97,17.73,17.73,18.03,18.03,18.67,18.90,18.63,18.07,18.07,18.47,19.90,20.70,24.30,27.37,28.60,28.87,29.20,30.07,30.17,30.17,29.83,29.53,28.60,26.60,23.47,22.67,21.10,20.70,21.03,22.40,27.63,30.67,30.93,30.97,31.27,31.27,31.57,31.57,32.00,32.00,32.03,31.80,32.03,31.90,32.23,31.80,32.13,32.13,32.17,32.23,32.20,31.67,31.67,31.67,31.83,31.43,30.97,30.57,30.27,30.43,30.43,30.23,29.80,29.77,30.30,29.97,28.93,28.20,26.03,22.43,19.43,18.90,18.47,18.90,18.80,18.27,18.20,18.13,18.90,18.50,18.20,18.20,18.47,18.47,17.47,18.00,18.30,18.40,18.30,18.23,18.03,18.20,17.90,18.20,18.17,18.17,18.13,18.13,18.27,18.30,18.30,18.13,18.13,18.50,18.53,18.53,18.43,18.27,17.47,18.27,18.03,18.23,18.13,18.50,18.60,18.70,17.67,17.80,17.80,18.57,18.57
17.73,17.73,17.50,18.13,18.23,18.33,18.33,18.27,18.27,18.27,18.07,18.07,17.80,18.07,18.27,18.87,18.73,18.73,18.73,19.43,19.43,19.07,18.87,18.93,18.87,19.20,18.87,18.87,18.63,17.87,17.73,17.67,19.07,19.07,18.77,18.00,18.00,17.97,17.97,17.87,18.03,18.03,18.03,18.67,18.73,18.73,18.23,18.30,19.13,20.43,23.33,25.60,28.37,28.63,28.70,29.57,30.07,30.07,29.97,29.70,28.60,26.60,24.70,22.90,20.77,19.13,20.20,20.47,21.13,25.47,29.17,30.67,30.77,31.27,31.27,31.57,31.57,31.97,31.97,32.03,31.63,32.03,31.80,31.80,31.70,31.83,31.87,32.03,32.17,32.23,32.03,32.37,31.67,31.60,31.10,30.97,30.57,30.37,30.37,30.43,30.10,30.10,29.53,30.50,29.77,29.47,28.57,27.27,23.73,19.77,18.90,18.73,18.90,18.90,18.80,18.27,18.20,19.03,18.50,18.13,18.13,18.47,18.47,17.47,17.73,18.30,18.40,18.30,18.23,18.03,18.30,18.20,18.20,18.17,18.20,18.20,18.27,18.47,18.27,18.13,17.60,17.80,17.80,18.50,18.50,17.77,17.77,17.47,18.27,17.90,18.70,18.20,18.50,18.40,18.37,17.67,17.80,18.67,18.57,18.57
18.37,18.43,18.30,18.17,18.17,18.23,18.27,18.13,18.13,18.13,18.13,18.07,17.80,18.07,18.47,18.87,18.87,18.87,18.83,19.07,18.87,18.87,18.73,18.87,18.87,18.73,18.87,18.87,18.87,18.23,18.10,18.30,18.30,19.07,17.47,18.00,18.00,18.00,18.20,18.27,18.60,18.83,18.07,18.63,18.73,18.73,18.70,18.43,19.67,22.40,23.87,27.40,28.63,29.33,29.33,29.73,29.80,30.27,30.27,28.60,26.73,24.13,23.40,20.47,19.77,19.13,19.23,20.20,21.13,24.47,28.53,30.43,31.40,31.40,31.27,31.27,31.50,31.97,31.97,31.97,31.57,31.67,31.67,31.70,31.43,31.70,31.80,32.03,32.03,32.23,32.03,32.37,31.67,31.43,31.37,31.07,31.07,31.07,30.60,30.37,29.83,30.17,29.47,30.70,29.83,29.77,29.23,27.70,25.97,22.33,19.37,19.13,19.13,19.17,18.90,19.03,18.20,18.50,18.03,18.13,18.37,18.47,18.47,17.90,17.90,18.27,18.30,18.53,18.03,18.03,17.97,17.83,18.00,18.17,18.20,18.20,18.53,18.37,18.37,18.30,17.60,17.60,17.60,17.80,18.30,17.77,17.77,17.73,18.33,18.03,18.03,18.03,18.20,18.20,18.17,17.93,18.30,18.67,18.67,17.93
18.37,18.37,18.13,18.13,18.03,18.03,18.03,18.07,18.13,18.13,18.47,18.07,18.07,18.47,18.47,18.47,18.33,18.63,18.77,18.83,18.57,18.47,18.47,18.67,18.67,18.67,18.67,18.80,18.77,18.23,18.10,18.30,17.53,18.47,17.47,17.53,17.47,17.90,18.27,18.60,18.60,18.83,18.63,18.73,18.73,18.70,18.70,18.70,19.67,23.33,25.40,27.87,28.70,29.33,29.33,29.80,30.03,30.03,29.70,27.43,24.70,23.40,20.50,19.77,19.67,19.13,19.23,19.63,21.40,24.37,28.27,30.37,31.57,31.57,31.33,31.33,31.37,31.60,31.60,31.60,31.60,31.67,31.60,31.27,30.97,31.60,31.87,32.03,32.03,32.50,32.17,32.33,31.37,31.37,31.27,31.10,30.87,31.07,30.37,30.47,30.17,30.50,30.50,30.77,30.77,29.83,29.50,28.83,27.20,24.90,20.60,19.17,19.17,19.47,19.23,19.13,18.37,18.13,18.03,18.13,18.37,18.37,18.37,18.27,17.90,18.27,17.87,18.97,17.87,17.97,17.83,17.83,18.00,18.20,19.17,18.73,19.17,18.53,18.70,18.60,18.37,18.30,18.10,17.60,17.77,17.77,17.90,18.50,18.70,18.70,18.33,18.20,18.20,18.23,18.27,18.27,18.30,18.30,18.30,18.13
18.37,18.37,18.10,18.17,18.03,18.03,17.90,18.10,18.13,18.40,18.47,18.47,18.57,18.47,18.70,18.63,18.70,18.63,18.57,18.33,18.07,18.07,18.27,18.47,18.67,18.67,18.80,18.80,18.70,18.20,18.20,18.30,17.83,18.47,17.83,18.87,17.53,18.00,18.60,18.73,18.63,18.73,18.83,18.83,18.70,18.70,18.70,18.87,22.00,24.47,26.00,28.63,28.87,29.40,29.63,29.83,29.83,29.80,28.13,26.67,23.50,20.93,20.10,19.80,19.77,19.63,19.60,19.63,21.40,23.43,28.50,30.27,30.50,31.33,31.23,31.23,31.27,31.37,31.33,31.33,31.37,31.60,31.43,31.00,31.00,31.80,31.97,32.10,31.97,32.10,31.93,31.27,30.87,31.27,30.97,30.97,30.87,30.53,30.47,30.47,29.83,30.17,30.50,30.90,30.77,29.83,29.50,29.23,27.37,25.90,21.97,19.73,19.57,19.23,18.63,19.03,18.63,18.17,18.13,18.30,18.50,18.37,18.50,18.37,17.97,17.97,17.87,18.70,18.43,18.43,18.17,17.83,17.83,18.30,19.17,18.70,18.70,18.37,18.87,18.87,18.73,18.60,18.10,18.47,18.00,18.23,18.50,18.57,18.57,18.60,18.40,18.50,18.50,18.53,18.47,17.93,18.27,17.93,18.33,18.20
18.50,18.50,18.10,18.53,18.03,18.03,18.03,18.40,18.40,18.47,18.47,18.47,18.67,18.67,18.57,18.63,18.63,18.63,18.33,18.23,18.07,18.07,18.07,18.47,18.67,18.73,18.80,18.80,18.50,18.20,18.23,18.23,18.03,18.20,18.20,18.20,17.50,18.00,18.37,18.73,18.63,18.73,18.90,18.83,18.73,18.70,18.87,20.90,22.87,25.83,27.87,28.90,28.90,29.07,29.47,29.63,29.40,28.83,27.00,24.07,21.03,20.10,19.87,19.80,19.80,19.60,19.40,19.40,20.30,22.50,27.40,30.07,30.37,30.77,31.27,31.27,31.27,31.00,30.80,30.90,31.17,31.17,31.03,30.93,31.00,31.80,32.10,32.10,31.97,31.27,31.27,31.17,31.03,30.87,30.97,30.87,30.27,30.27,30.27,30.47,29.23,29.40,30.37,30.77,30.77,30.03,29.73,29.27,28.03,27.00,24.53,20.67,19.57,19.43,19.27,18.63,18.63,18.37,18.57,18.57,18.60,18.60,18.77,18.70,17.97,17.73,17.73,18.60,18.37,18.17,18.17,17.73,17.83,18.30,18.53,18.70,18.27,18.27,18.87,18.73,18.73,18.73,18.47,18.47,18.03,18.23,18.30,18.50,18.57,18.63,18.60,18.60,18.63,18.73,18.50,18.13,18.13,18.20,18.20,18.13
18.50,18.40,18.40,18.47,18.47,18.50,18.50,18.73,18.47,18.47,18.13,18.63,18.67,18.67,18.47,18.47,18.70,19.00,18.50,18.33,18.23,18.23,18.40,18.40,18.73,19.03,19.03,18.37,17.73,17.73,18.30,18.30,18.27,18.20,18.27,18.83,18.83,18.83,18.37,18.63,18.63,18.97,19.30,19.30,18.90,18.87,20.90,22.80,24.97,27.00,28.60,29.10,29.30,29.40,29.47,29.07,28.73,27.30,25.30,21.37,19.87,19.63,19.57,19.50,19.50,19.03,18.93,19.63,20.30,22.43,26.87,30.07,30.37,30.50,30.60,31.10,31.67,31.27,31.03,30.90,30.90,31.03,30.93,31.00,31.07,31.80,32.10,32.07,31.47,31.20,31.27,31.17,31.17,30.87,30.97,30.97,30.73,30.53,29.50,29.03,28.00,28.00,29.20,30.03,30.03,29.93,29.73,29.10,29.10,27.70,25.03,21.97,19.73,19.27,18.77,18.63,18.63,18.43,18.73,18.73,18.80,18.70,18.70,17.97,17.97,17.97,18.77,18.60,18.43,18.33,18.23,18.17,17.83,18.10,18.20,18.83,18.27,18.27,18.27,18.50,18.73,18.47,18.03,18.37,18.67,18.67,18.67,18.53,18.53,18.40,18.40,18.50,18.63,18.90,18.50,18.07,17.73,18.13,18.13,17.80
18.50,18.50,18.47,18.40,18.47,18.50,18.60,18.73,18.73,18.47,18.13,18.13,18.43,18.67,18.43,18.43,17.73,18.47,18.50,18.50,18.57,18.60,18.80,19.00,18.80,19.47,18.73,18.33,18.33,18.30,18.53,18.53,18.53,18.20,18.20,18.20,18.83,18.40,18.37,18.37,18.37,18.90,19.30,19.80,20.30,20.90,22.37,24.80,25.83,28.27,28.60,28.97,28.97,29.07,29.07,28.73,27.93,26.13,22.13,20.10,19.63,19.03,19.33,19.03,19.00,18.93,18.93,19.70,20.07,21.83,26.47,30.07,30.50,30.87,31.27,31.43,31.67,31.07,30.80,30.80,30.90,31.60,30.77,30.83,30.87,31.77,32.07,31.03,31.03,31.03,31.40,31.17,31.17,30.87,31.17,30.87,30.70,30.67,29.47,28.00,25.47,24.10,25.80,29.20,29.33,29.93,29.93,29.40,29.23,28.80,27.53,24.53,19.73,19.57,19.43,18.77,18.73,18.67,19.03,19.03,19.30,18.70,18.33,17.90,18.33,18.47,18.77,18.47,18.37,18.27,18.17,17.87,18.10,18.20,18.53,19.27,19.27,18.50,18.33,18.47,18.93,18.47,18.37,18.37,18.73,18.73,19.03,18.63,18.33,18.13,18.13,18.33,18.50,18.53,18.50,18.30,18.13,18.63,18.13,17.80
17.97,18.30,18.30,17.73,17.90,18.17,18.33,18.13,18.13,18.13,17.97,17.77,17.77,18.77,19.03,18.47,18.00,18.10,18.10,18.30,18.30,18.57,18.57,19.17,19.03,19.63,18.37,18.37,18.33,18.30,18.30,18.53,18.53,18.27,18.27,18.83,19.07,18.40,18.30,18.30,18.10,18.40,18.90,20.30,21.37,22.37,24.27,25.80,27.93,28.27,28.60,28.60,28.93,28.97,28.80,27.93,26.13,23.87,21.60,19.73,18.83,18.23,18.87,19.00,19.00,18.93,18.93,19.70,20.07,21.60,26.47,29.63,30.37,30.87,31.10,31.43,31.07,31.07,30.63,30.63,30.50,30.90,30.83,30.90,30.87,31.03,31.03,31.03,31.50,31.47,31.47,30.90,30.57,30.57,31.00,31.17,31.03,30.67,29.03,25.57,23.80,22.20,23.40,25.80,28.93,29.33,29.73,29.73,29.33,29.03,28.33,26.33,22.43,19.77,19.73,18.77,18.67,18.67,18.73,19.03,19.37,19.00,17.90,17.73,18.33,18.47,18.93,18.87,18.60,18.33,18.33,18.17,18.10,18.20,18.20,19.30,19.30,19.03,18.33,18.50,18.47,18.47,18.13,18.37,18.67,18.67,18.73,18.67,18.23,18.10,17.97,18.33,18.33,18.47,18.30,17.87,17.70,18.77,18.13,17.73
19.40,18.47,17.90,17.90,17.90,18.17,18.13,17.80,17.73,17.97,17.97,17.97,18.47,18.77,18.80,18.47,18.00,18.10,18.10,18.10,18.30,18.30,18.30,18.80,18.80,19.63,19.27,18.40,18.37,18.30,18.20,18.20,18.60,18.60,19.07,18.13,18.13,18.13,18.30,18.30,18.27,18.87,19.13,20.60,22.13,24.27,25.80,27.93,27.97,28.27,28.30,28.53,28.53,28.53,27.27,25.93,24.07,21.60,20.63,18.53,18.43,18.23,19.00,19.03,18.73,18.73,19.00,19.70,19.70,21.60,25.30,28.77,29.93,30.90,31.13,31.13,31.00,31.00,30.63,31.10,30.83,30.90,30.83,30.90,31.30,31.77,31.70,31.37,31.70,31.50,31.50,30.90,30.70,30.70,31.00,31.00,30.87,30.20,28.80,25.47,23.13,21.00,21.00,23.40,27.53,28.93,29.33,29.73,29.23,28.80,28.33,26.73,24.37,21.83,19.77,18.97,18.87,18.80,18.80,18.80,19.30,18.50,18.33,17.87,18.07,18.07,18.47,18.27,18.33,18.27,18.00,18.00,18.17,18.90,18.90,19.30,18.53,19.03,17.50,18.33,18.13,18.50,18.50,18.30,18.63,18.60,18.60,18.23,17.97,17.97,18.33,18.47,18.33,18.07,18.07,18.00,18.00,18.77,18.63,18.13
17.97,18.30,18.30,18.37,18.37,18.73,18.33,18.13,18.13,18.13,17.87,18.17,18.17,18.17,18.43,18.00,18.03,18.03,18.03,18.07,18.07,18.07,18.27,18.27,18.53,18.63,18.47,18.40,18.37,18.20,18.13,17.43,17.83,18.73,18.73,18.73,17.93,18.57,18.30,18.30,18.30,18.97,20.13,21.37,23.73,25.80,27.30,27.93,27.93,27.93,27.80,27.80,27.80,26.17,25.70,24.07,22.20,21.50,20.40,18.83,18.53,18.43,19.00,19.03,18.83,18.83,18.73,19.63,19.63,21.60,26.73,28.77,29.90,30.57,31.07,31.07,30.53,30.80,30.63,30.80,30.77,30.83,30.90,31.03,31.43,31.57,31.70,31.70,31.73,31.20,31.20,30.70,30.70,31.00,31.17,31.17,30.90,30.20,28.57,25.57,22.13,20.40,20.40,21.13,24.00,27.60,28.80,28.80,28.80,29.13,29.10,28.33,26.47,23.43,19.77,18.97,18.87,19.17,19.03,18.80,18.73,18.57,18.50,18.07,18.07,18.07,18.23,18.10,18.10,18.10,18.17,18.17,18.17,18.53,18.70,18.70,18.07,18.53,17.33,17.33,17.33,18.47,18.47,18.30,18.60,18.53,18.23,17.97,17.80,17.97,17.80,18.30,18.07,17.87,17.87,17.87,17.43,18.63,17.57,17.57
16.83,17.97,18.33,18.47,18.77,18.77,18.73,18.00,18.13,18.47,18.67,18.47,18.17,18.03,17.90,17.83,18.03,18.03,18.10,18.40,18.10,18.07,18.00,18.13,18.53,18.63,18.47,18.40,18.20,17.77,18.13,17.47,17.90,17.90,18.13,18.00,18.00,18.57,18.30,17.87,18.27,19.53,20.13,22.13,23.00,26.27,26.80,27.43,26.97,26.97,26.40,26.17,26.07,24.77,23.07,21.70,20.63,20.40,19.47,18.53,19.00,19.00,19.23,19.13,18.83,18.83,19.00,19.33,19.77,21.87,25.33,28.27,30.00,30.90,31.40,31.50,31.13,30.37,30.63,30.80,31.10,30.77,30.80,30.70,31.17,31.57,31.60,31.57,31.20,30.63,30.47,30.60,30.70,31.33,31.33,31.17,30.87,29.93,28.80,25.93,22.90,20.23,20.23,20.83,22.90,24.53,28.00,28.80,29.27,29.37,28.83,28.77,26.73,24.90,21.50,18.97,18.87,18.87,19.17,19.03,18.73,18.50,18.37,18.23,18.07,17.93,17.93,17.93,17.93,17.93,18.17,18.17,18.17,18.23,18.23,18.53,18.07,18.53,17.60,17.60,18.33,18.47,18.50,18.43,18.63,18.63,18.63,17.97,17.97,18.70,18.57,18.30,18.30,18.07,18.07,18.00,17.63,18.00,17.57,17.63
17.60,18.33,18.37,18.37,18.37,18.37,18.37,18.27,18.67,18.80,18.80,18.17,18.03,18.03,18.43,18.43,18.43,18.03,18.40,18.73,18.40,18.07,17.90,18.53,18.80,18.80,18.40,17.70,18.13,18.13,18.67,17.90,17.83,17.83,17.93,18.00,18.00,18.10,18.30,17.87,18.30,19.53,20.17,22.13,23.00,24.30,26.27,26.27,26.07,25.90,25.77,24.47,24.43,22.93,21.37,19.83,19.83,19.83,19.47,19.17,19.17,18.80,19.13,18.83,18.83,18.83,18.63,19.33,19.77,21.13,25.83,28.33,30.57,31.03,31.40,31.40,31.40,30.37,30.37,30.60,30.63,30.70,30.70,30.47,30.47,31.17,31.43,31.57,30.57,29.87,29.50,29.67,30.33,31.17,31.17,31.13,30.80,29.93,28.90,26.63,22.90,20.83,20.23,20.43,21.00,23.70,26.93,28.23,29.27,29.37,29.10,28.80,27.37,26.47,22.27,21.03,19.50,18.67,18.80,18.80,18.80,18.67,18.37,18.23,17.90,17.93,17.87,17.93,17.83,18.37,18.57,18.57,18.17,17.97,18.23,18.70,18.13,18.07,17.60,17.60,18.33,18.47,18.47,18.83,18.77,18.77,18.70,18.33,18.33,18.70,18.70,17.70,18.20,17.40,18.63,18.60,17.73,17.73,17.63,17.63
18.70,18.33,18.20,18.00,18.07,17.93,18.00,17.87,18.27,18.47,18.67,18.40,18.07,18.20,18.33,18.33,18.50,18.10,18.40,18.40,18.03,18.03,18.03,19.17,19.13,18.83,18.50,18.20,18.13,17.70,18.13,17.90,17.90,17.77,17.77,17.87,18.00,18.00,18.10,17.87,17.87,18.83,20.17,20.77,22.17,23.00,23.57,24.10,24.77,24.77,23.30,22.37,21.47,20.70,19.43,19.03,18.93,18.93,18.80,18.57,18.80,18.90,18.97,18.77,18.77,18.50,19.10,19.33,19.77,22.80,25.57,28.33,30.37,30.93,31.20,30.93,31.40,30.70,30.37,30.13,29.33,30.60,30.70,30.70,31.00,31.60,31.43,31.43,30.70,29.87,29.30,29.30,29.67,30.33,30.80,30.80,30.37,30.17,28.90,26.77,22.90,20.53,20.23,20.23,20.07,21.00,23.73,27.03,29.27,28.90,28.90,28.80,28.50,26.90,23.67,21.70,19.97,18.67,18.67,18.63,18.80,18.90,18.37,18.23,18.10,17.93,18.20,17.93,18.20,18.37,18.43,18.30,18.27,18.23,18.33,18.33,18.13,18.07,18.07,18.33,18.47,18.47,18.77,18.83,18.83,18.77,18.77,18.23,18.23,18.33,18.70,18.67,18.67,18.63,18.87,18.60,17.93,17.93,17.93,18.07
18.70,18.37,18.20,18.20,18.07,18.07,18.10,18.27,18.67,18.67,18.47,18.40,18.07,18.17,18.20,18.20,18.80,18.50,19.27,18.10,17.90,17.90,18.50,19.10,19.13,18.50,18.37,18.23,17.83,18.13,18.13,18.20,17.83,17.77,17.77,17.83,17.83,18.10,18.10,18.07,18.00,18.07,19.63,20.17,20.77,21.30,22.17,22.33,22.37,22.37,21.40,20.80,20.70,19.07,19.03,18.70,18.43,18.43,18.80,18.57,18.80,18.43,18.77,18.60,18.60,18.50,18.73,19.23,19.63,21.00,25.83,28.33,30.37,30.57,30.87,30.63,30.90,30.90,30.70,29.33,28.13,28.13,29.93,30.83,31.00,31.97,31.53,31.70,31.33,29.00,28.70,27.60,29.40,30.20,30.53,30.73,30.37,30.17,28.83,26.63,23.00,20.87,19.53,19.63,19.30,19.63,21.37,24.07,28.03,28.73,29.20,28.83,28.63,27.70,26.37,23.47,20.43,19.17,18.67,18.23,18.63,18.63,18.90,18.10,18.30,18.43,18.30,18.20,18.37,18.43,18.37,17.87,17.97,17.97,18.83,18.33,18.20,18.07,18.07,17.93,17.93,17.93,18.73,18.83,18.83,18.13,18.23,18.23,18.23,18.23,18.40,18.40,18.80,18.67,19.10,18.60,18.40,18.27,18.10,18.10
18.07,18.00,18.00,18.20,18.20,17.93,18.33,18.33,17.87,17.87,18.07,18.23,18.07,17.97,17.83,17.63,17.83,18.23,19.27,18.93,17.90,18.03,19.10,19.17,18.93,18.67,18.50,18.50,18.47,18.43,18.20,18.23,18.43,18.43,18.37,18.23,18.23,18.27,18.00,18.07,18.00,18.20,18.90,19.63,19.70,19.70,19.80,19.83,20.30,20.30,19.13,19.03,18.33,18.70,19.03,18.93,18.97,18.43,18.80,18.33,18.90,18.43,18.77,18.60,18.77,19.93,19.10,19.63,20.13,21.27,25.57,29.33,29.63,30.50,30.67,30.67,30.90,30.90,30.70,28.40,27.20,27.20,28.20,30.93,31.40,31.97,31.40,31.33,30.70,29.03,27.60,26.83,27.20,29.47,30.20,30.53,30.10,29.63,28.60,28.20,23.00,21.43,20.13,19.53,18.83,19.27,19.60,22.10,24.80,27.83,28.03,28.83,28.83,28.50,27.27,25.03,23.20,19.30,18.83,18.67,18.63,18.63,18.63,18.10,18.47,18.57,18.83,18.70,18.43,18.43,18.13,18.03,18.20,18.47,18.47,18.20,18.20,18.20,18.43,18.67,18.23,18.67,18.93,18.93,18.13,18.00,18.23,18.33,18.33,18.33,18.40,18.43,18.80,18.43,19.10,18.50,18.50,18.40,18.40,19.10
18.07,17.87,17.87,17.87,17.67,18.13,18.33,18.60,18.00,17.93,17.87,17.87,17.67,17.63,17.63,17.63,18.37,18.37,19.23,18.93,18.47,18.47,18.47,19.10,18.67,18.67,18.43,18.43,18.47,18.43,18.37,18.37,18.43,18.43,18.43,18.23,18.37,18.37,18.33,18.20,18.20,18.80,18.90,19.13,19.13,19.10,18.87,18.77,18.97,19.03,18.97,18.70,18.33,18.70,18.70,18.70,19.03,18.57,19.03,17.93,18.73,18.23,18.60,18.53,18.60,19.93,18.73,19.23,19.90,21.00,25.27,28.13,29.53,30.03,30.37,30.37,30.23,30.50,29.93,27.97,25.80,25.80,27.53,30.50,31.33,31.40,31.00,30.97,30.67,29.03,27.27,25.97,25.97,29.20,30.13,30.53,30.13,29.63,28.90,28.20,25.00,21.57,19.53,19.27,18.60,18.83,18.37,20.33,23.00,26.67,28.03,28.60,28.60,27.97,27.47,26.70,23.23,20.33,18.83,18.77,18.67,18.63,18.63,18.43,18.47,18.47,19.00,19.00,18.80,18.50,18.13,18.20,18.20,18.47,17.87,18.20,18.20,18.27,18.27,18.43,18.23,18.73,18.97,18.73,18.00,18.00,18.20,18.43,18.53,18.53,18.70,18.63,19.00,18.43,18.43,18.43,18.50,18.47,18.97,19.10
18.07,17.87,17.57,17.67,17.67,18.57,18.57,18.40,18.00,17.93,17.93,17.87,17.80,17.67,17.80,17.60,18.23,18.37,18.37,18.63,18.10,18.47,18.33,19.00,18.67,18.73,18.67,18.63,18.63,18.47,18.73,18.77,18.53,18.50,18.50,18.47,18.37,18.23,18.37,18.20,18.20,18.20,18.87,18.90,19.07,19.07,18.67,18.67,18.67,18.77,18.70,18.70,18.70,18.70,18.70,18.57,18.97,18.67,18.67,18.23,18.63,18.63,18.93,18.93,19.27,19.37,19.37,19.87,20.13,20.93,24.93,28.13,29.47,29.80,29.93,30.23,30.13,30.13,29.87,27.13,24.93,24.93,26.33,30.50,31.27,31.27,30.97,30.27,30.67,29.67,27.27,25.57,25.57,28.03,29.90,30.13,29.63,29.63,29.50,28.60,26.73,21.70,20.07,19.27,18.83,18.83,18.40,19.20,20.47,23.00,27.50,28.03,28.73,27.97,27.47,27.27,24.43,22.00,19.30,18.77,18.67,18.80,18.93,18.67,18.67,18.47,19.00,18.70,18.80,18.50,18.50,18.47,18.47,18.47,18.40,18.00,18.00,18.27,18.23,18.43,18.43,19.13,18.97,18.77,18.73,18.00,18.20,18.33,18.37,19.07,18.70,18.63,18.43,18.43,18.43,18.47,18.57,18.67,18.67,18.07
18.40,17.93,17.83,17.87,17.57,18.13,18.00,18.07,17.93,17.93,17.93,17.67,17.67,17.67,18.30,18.47,18.47,18.37,18.37,18.33,18.47,18.63,18.33,18.37,18.27,18.43,18.87,18.87,18.63,18.40,18.77,18.77,18.53,18.43,18.50,18.40,18.40,18.20,18.37,18.40,18.40,18.00,18.00,18.03,18.30,18.30,18.30,18.07,18.00,18.03,18.20,18.70,18.70,18.40,17.77,17.80,18.57,18.67,18.67,18.63,18.63,18.27,18.93,19.27,19.37,19.37,19.37,19.87,19.90,20.93,24.93,27.90,29.03,29.80,29.93,30.13,30.13,30.13,29.67,27.13,23.50,23.50,26.33,28.77,30.47,30.47,30.43,30.23,30.27,30.13,27.90,25.20,25.20,27.53,29.60,29.90,29.63,29.63,29.53,29.50,27.80,22.97,20.07,19.30,19.03,19.27,18.40,19.00,19.20,22.53,25.97,27.90,28.20,27.97,27.27,27.10,26.67,22.07,20.33,18.80,18.67,18.57,18.87,18.43,18.33,18.40,19.00,18.93,18.90,18.53,18.53,18.47,18.30,18.47,18.40,18.30,18.30,18.30,18.43,18.43,18.43,18.77,18.97,18.73,18.73,18.70,18.20,18.20,19.10,19.10,18.77,18.63,18.07,18.07,18.27,18.43,18.40,18.40,18.27,18.07
17.87,17.93,17.77,18.30,18.30,18.57,18.07,18.07,18.07,17.93,17.93,17.57,18.03,18.33,18.33,18.30,18.30,18.17,18.17,18.17,18.10,19.00,18.30,18.63,18.37,18.73,18.87,18.87,18.20,18.20,18.40,18.77,19.03,18.77,18.50,18.40,18.40,18.20,18.20,18.20,18.00,17.93,18.00,18.03,18.10,18.10,18.30,18.07,18.00,18.03,18.03,18.20,18.50,18.50,18.50,18.80,18.67,18.67,18.63,18.63,18.63,18.60,19.10,19.37,19.60,19.60,19.57,19.87,20.13,21.03,24.80,27.90,29.03,29.40,29.93,29.93,30.13,29.87,29.23,27.07,23.40,23.40,26.33,28.77,30.43,30.47,30.43,30.23,30.23,30.13,28.27,25.60,25.60,27.10,29.50,29.90,29.63,29.60,29.50,29.50,28.00,23.53,21.13,19.90,19.27,19.27,19.10,19.00,19.20,20.03,24.10,25.97,28.00,27.27,27.27,27.07,26.70,23.40,20.73,19.33,19.00,18.57,18.43,18.43,18.40,18.67,19.13,18.93,18.90,18.50,18.50,18.50,18.27,18.07,18.40,18.00,18.40,18.43,18.57,19.13,19.27,19.27,18.97,18.77,18.97,18.73,18.27,17.87,18.30,18.97,18.77,18.33,18.07,18.07,18.23,18.23,18.23,18.23,17.90,17.90
18.30,18.30,17.83,17.97,17.97,18.30,18.20,18.20,18.27,18.37,18.03,17.90,18.03,18.33,19.00,19.00,18.80,18.77,18.57,18.57,18.57,18.40,18.30,18.37,18.37,18.67,18.67,18.67,18.17,18.20,18.20,18.77,19.00,18.30,18.23,18.23,18.40,18.40,18.60,18.40,18.00,18.00,18.00,18.33,18.27,18.27,18.30,18.87,18.80,18.03,18.03,18.17,18.50,18.50,18.80,18.80,18.27,18.83,18.83,18.37,18.23,18.23,18.60,18.73,19.57,19.57,18.90,18.90,19.67,21.10,24.77,28.03,29.27,29.43,30.23,30.33,30.33,29.97,29.20,27.07,22.63,22.63,24.80,28.50,30.03,30.73,30.83,30.33,30.20,29.97,28.40,24.93,24.67,25.93,29.50,30.17,30.17,30.03,30.03,29.37,28.20,25.10,21.57,20.63,19.53,19.10,19.10,18.73,19.00,19.67,21.43,25.60,26.70,27.07,27.63,27.07,26.70,25.40,20.73,19.37,19.00,18.37,18.30,18.30,18.30,18.40,18.43,18.90,18.50,18.40,17.97,18.07,18.07,18.10,18.53,18.53,18.53,18.47,19.00,18.57,18.27,17.90,17.90,18.70,18.93,18.63,17.87,17.67,17.87,18.33,18.33,18.33,18.10,18.10,18.23,18.23,18.17,18.17,17.80,17.80
18.30,18.30,17.97,17.97,18.30,18.30,18.47,18.27,18.37,18.37,18.23,18.03,18.27,18.33,18.30,18.30,18.30,18.27,18.57,18.27,18.27,18.27,18.40,18.63,19.17,19.30,18.70,18.70,18.20,18.20,17.90,18.80,18.80,18.23,18.03,18.03,18.03,18.07,18.60,18.60,18.00,18.00,18.07,18.27,18.27,18.33,18.83,18.87,18.87,18.80,18.17,18.17,18.43,18.57,18.80,18.57,18.27,18.43,18.07,18.07,18.03,18.60,18.70,18.70,18.50,18.57,18.57,18.67,19.87,21.10,24.43,28.03,29.30,29.50,30.30,30.30,30.20,29.70,29.20,26.73,21.77,21.77,23.67,28.50,30.03,30.37,30.83,30.80,30.60,30.20,28.77,25.60,24.67,24.67,29.50,30.17,30.03,30.03,29.37,28.87,28.20,26.47,22.83,20.77,19.70,18.97,19.17,18.37,19.00,19.00,20.03,22.97,25.77,26.70,27.63,26.77,26.70,25.53,21.40,19.53,19.23,19.00,18.40,18.40,18.30,18.70,18.70,18.83,18.40,17.93,17.93,18.10,18.10,18.10,18.53,18.53,18.53,18.27,18.57,17.97,17.97,18.20,18.37,18.63,18.63,18.33,18.23,18.33,18.33,18.33,18.37,18.37,18.90,18.90,18.77,18.63,17.87,18.13,17.70,17.80
18.30,18.30,18.37,17.97,17.97,18.20,18.47,18.20,18.23,18.57,18.43,18.13,18.03,18.03,18.27,18.53,19.00,18.80,18.80,18.57,18.57,18.47,18.47,18.73,19.17,18.73,18.70,18.67,18.27,18.27,17.80,17.90,17.90,17.90,17.97,17.97,18.07,17.87,18.67,18.73,18.73,18.57,18.27,18.30,18.27,18.33,18.47,18.73,18.23,17.87,17.87,18.00,18.43,18.43,18.23,18.27,18.27,19.00,19.03,19.00,18.37,18.37,18.07,18.50,18.07,18.27,18.27,18.67,19.87,21.20,24.77,28.03,29.53,30.07,30.30,30.00,29.97,29.80,29.20,25.70,22.23,22.23,23.40,28.20,29.97,30.37,30.50,30.50,30.27,29.80,29.13,25.63,24.53,24.53,27.73,29.53,29.53,29.53,29.37,29.20,28.53,27.33,23.17,20.97,19.70,18.80,19.40,18.43,18.83,18.83,19.10,21.43,24.33,26.67,26.73,26.77,26.70,25.53,21.60,20.87,19.07,18.77,18.37,18.30,18.30,18.70,19.07,18.83,18.43,17.67,18.47,18.17,18.10,18.17,18.53,18.63,18.27,17.93,17.87,17.87,17.87,17.97,18.07,18.07,18.07,18.03,18.03,18.07,18.37,18.37,18.37,18.37,18.60,18.60,18.77,18.77,18.13,18.63,18.60,18.67
18.53,18.37,18.37,18.37,18.27,18.20,18.20,17.60,17.87,18.10,18.23,18.10,17.83,17.73,17.83,18.50,19.03,19.03,18.90,18.63,18.63,18.70,18.90,19.17,19.33,19.33,18.80,18.77,18.77,18.27,17.77,17.77,17.90,18.43,18.43,18.43,18.07,18.07,18.67,18.67,18.67,18.33,18.97,18.33,18.33,18.33,18.33,18.23,18.23,18.63,18.67,18.43,18.43,18.43,18.57,18.57,18.57,19.13,19.00,18.70,17.90,18.50,17.93,18.47,18.17,18.47,18.50,18.83,20.20,21.63,24.27,28.07,29.53,30.07,30.13,30.00,30.00,29.80,28.53,25.10,21.73,21.73,22.60,27.13,29.37,30.37,30.50,30.50,30.47,29.80,29.30,26.13,22.73,22.73,25.93,29.03,29.10,29.40,29.20,29.33,28.87,28.13,23.97,20.97,20.03,18.83,19.13,18.97,18.97,18.97,18.97,19.20,21.73,24.67,26.67,26.67,26.23,25.10,22.27,20.87,19.17,18.80,18.63,18.30,18.47,19.13,19.50,19.60,18.80,18.47,18.50,18.47,17.83,17.83,17.83,19.13,18.27,18.53,17.87,17.97,17.97,18.00,18.07,18.00,17.87,18.03,18.17,18.47,18.47,18.47,18.67,18.67,18.67,18.47,18.47,18.60,18.27,18.63,18.60,18.67
18.10,18.53,18.77,18.77,18.20,18.20,18.20,17.70,17.87,18.33,18.33,17.83,17.73,17.80,18.80,19.03,19.03,18.53,18.90,18.70,18.70,18.47,18.47,18.73,18.73,18.83,18.77,18.27,18.40,18.33,18.33,17.90,17.90,17.90,17.83,18.00,18.30,18.00,17.87,17.83,18.80,19.03,19.20,18.77,18.63,18.33,18.33,18.23,18.83,18.63,18.67,18.00,18.67,18.37,18.77,18.77,19.20,19.27,19.13,19.00,18.50,18.50,17.93,18.63,18.47,18.50,18.50,18.83,20.53,21.63,24.60,28.47,29.53,30.03,30.13,30.13,30.17,30.00,28.53,24.93,21.73,21.73,22.50,26.00,29.03,30.50,30.50,29.93,29.80,29.80,29.43,26.67,22.53,22.30,25.67,27.37,29.03,29.40,29.77,29.33,29.00,28.17,25.23,21.93,19.63,18.83,18.83,18.83,18.83,18.63,18.57,19.07,19.60,21.83,24.67,25.90,25.10,24.07,22.27,20.87,19.17,18.80,18.63,18.63,18.63,19.13,18.80,18.80,18.57,18.53,18.50,18.17,18.07,18.67,19.17,19.17,18.63,18.63,18.03,17.97,17.97,18.00,18.07,18.00,17.87,18.07,18.17,18.47,18.40,18.77,18.67,18.60,18.60,18.40,18.50,18.50,18.50,19.00,18.67,18.73
18.83,18.80,18.77,18.77,18.27,18.27,18.27,18.43,18.33,18.33,18.33,18.10,17.83,18.40,18.80,18.70,18.70,19.03,18.90,18.07,17.80,17.80,18.57,18.70,18.70,18.83,18.77,18.30,18.30,18.03,18.03,18.20,17.83,18.20,17.73,18.00,18.00,18.30,17.83,17.80,17.80,18.80,18.80,18.77,18.57,18.33,18.33,18.23,18.83,18.73,18.67,17.97,18.17,18.40,18.57,18.57,19.00,19.13,18.77,18.50,18.23,18.80,18.90,18.97,18.67,18.67,18.57,18.83,19.23,22.23,24.27,28.47,29.43,30.03,30.13,30.20,30.23,30.17,28.30,24.87,21.20,20.97,22.20,25.20,28.90,29.87,30.47,29.93,29.93,29.93,29.43,26.90,22.53,22.27,22.27,26.53,28.73,29.43,29.77,29.77,29.33,28.27,26.00,22.77,20.20,19.53,18.83,18.63,18.63,18.57,18.53,18.97,19.47,19.60,21.83,22.67,23.27,22.80,21.13,20.30,19.17,18.87,18.23,18.90,18.50,19.13,18.73,18.83,18.57,18.37,18.07,18.37,18.47,18.87,18.87,19.13,19.00,19.00,18.50,18.17,18.40,18.37,18.37,18.37,18.57,18.80,18.80,18.47,18.47,18.77,18.83,18.60,18.27,18.33,18.40,18.50,18.50,18.53,18.30,17.93
17.90,18.43,18.63,18.43,17.97,18.10,18.43,18.53,18.43,18.47,18.47,18.77,18.77,18.60,18.80,18.70,18.70,18.27,18.77,18.07,18.07,17.80,18.27,18.20,18.43,18.30,18.30,18.30,18.30,18.33,18.33,18.20,18.17,17.93,17.63,17.80,17.93,17.93,17.53,17.53,17.53,17.80,18.23,18.63,18.23,17.77,17.43,17.77,18.23,18.23,18.13,17.90,18.17,18.40,18.57,18.40,18.33,18.33,18.67,18.67,18.23,18.60,18.60,18.97,18.77,18.90,18.57,18.90,19.23,22.27,24.60,27.53,29.00,29.77,29.93,30.03,29.87,29.80,27.87,24.70,20.97,20.80,21.00,24.93,28.33,29.87,30.13,29.93,29.93,30.07,29.57,26.90,22.67,21.80,21.80,24.73,28.07,28.80,29.53,29.53,28.93,27.60,26.00,23.17,20.27,19.53,19.00,18.63,18.53,18.53,18.57,19.07,19.07,19.07,19.87,20.80,21.07,21.07,21.00,19.17,19.17,18.87,18.40,18.90,18.67,18.73,18.67,18.73,18.57,18.43,18.43,18.43,18.87,18.87,18.87,18.90,18.90,18.30,18.03,18.03,18.40,18.40,18.80,18.80,19.23,19.20,19.20,18.60,18.93,18.77,18.77,18.60,17.97,18.50,18.40,18.53,18.53,18.73,18.73,18.73
17.93,17.93,17.73,17.80,17.87,17.97,18.50,18.53,18.50,18.23,18.37,18.77,18.73,18.40,18.60,18.13,18.70,18.73,18.77,18.70,18.07,18.07,18.27,18.57,18.50,18.30,18.43,18.30,18.33,18.07,18.03,18.07,17.93,18.23,17.63,18.73,17.93,17.97,17.63,17.53,17.50,17.53,17.80,18.23,17.70,17.70,17.43,17.73,18.23,18.17,18.17,17.97,18.17,18.40,18.57,18.40,17.77,17.77,18.20,18.20,18.13,18.60,18.60,18.90,18.67,18.90,18.77,19.10,19.97,22.27,23.37,26.90,29.00,29.37,29.37,29.63,29.73,29.73,27.87,24.70,21.23,20.97,21.00,24.53,28.23,29.80,30.13,30.13,30.13,30.07,29.57,26.90,23.73,21.80,21.63,22.40,26.57,28.73,29.40,29.53,29.30,28.00,26.07,24.00,20.27,19.73,19.40,19.07,18.40,18.13,18.13,18.60,18.60,18.60,18.77,18.93,19.87,19.20,19.20,18.97,19.00,18.97,19.13,19.13,18.40,18.67,18.67,18.83,18.63,18.43,18.43,18.37,18.87,18.73,18.73,18.73,18.53,18.40,18.30,18.40,18.50,18.40,18.40,18.40,19.10,18.53,18.57,18.60,19.10,18.73,18.93,18.50,17.90,17.97,17.90,18.80,18.73,18.73,18.47,17.73
17.93,18.13,18.13,17.97,17.87,17.97,18.60,18.53,18.50,18.07,18.23,18.37,18.60,17.93,18.13,18.50,18.50,18.50,17.87,18.70,18.27,18.27,18.27,18.53,18.43,18.10,18.13,18.13,18.33,18.13,18.13,18.07,18.17,17.93,18.23,18.03,17.97,17.93,17.80,17.53,17.50,17.53,17.80,18.40,17.80,17.70,17.70,17.73,18.40,18.17,18.47,18.17,18.17,18.17,18.57,18.57,18.57,18.67,18.97,18.67,18.13,18.13,18.13,18.90,18.77,18.77,18.63,19.10,19.23,21.40,23.40,26.90,29.00,29.37,29.40,29.73,29.77,29.73,28.43,24.70,21.23,20.03,21.00,24.43,28.03,29.30,29.80,29.40,29.57,29.57,29.57,29.00,24.43,21.43,20.70,21.23,25.23,28.07,29.17,29.30,28.33,27.77,27.60,24.20,20.93,19.40,19.07,18.90,18.63,18.40,18.70,18.70,18.77,18.60,18.50,18.10,18.93,18.73,19.00,18.73,18.97,18.40,18.40,18.27,18.40,18.67,18.67,18.53,18.43,18.43,18.27,17.70,18.87,18.87,18.77,18.73,18.27,18.40,18.30,18.30,18.47,18.47,18.93,18.93,18.93,18.53,18.90,18.73,19.07,18.73,18.83,18.50,18.30,18.30,18.30,18.80,18.87,18.87,18.73,18.47
18.27,18.27,18.13,18.13,18.60,18.60,18.60,18.50,18.37,18.07,18.23,18.23,18.27,18.00,18.13,18.47,18.30,18.33,18.27,18.57,18.43,18.43,18.53,18.57,18.50,18.30,18.13,18.13,18.13,17.73,17.77,17.77,18.10,18.10,18.10,18.03,17.90,17.80,17.80,17.80,17.53,17.53,18.20,18.20,18.13,18.17,18.40,18.40,18.47,18.47,18.97,18.17,18.17,17.77,17.77,17.77,18.33,18.33,18.47,18.47,18.47,18.83,18.97,19.10,18.97,19.07,19.03,19.07,19.83,21.40,23.03,26.53,28.90,29.07,29.37,29.80,29.80,29.23,28.47,24.77,21.53,19.43,19.43,23.43,27.57,29.30,29.67,29.40,29.83,29.40,29.40,29.00,25.30,21.43,20.70,20.70,24.07,27.30,29.20,29.30,28.63,28.00,27.77,24.40,20.93,19.73,19.23,18.90,18.63,18.37,18.43,18.60,18.60,18.50,18.30,18.23,18.53,18.53,18.73,18.67,18.60,18.50,18.50,18.27,18.27,18.27,18.63,18.63,18.53,18.43,18.17,18.17,18.17,18.73,18.73,18.73,18.40,18.40,18.40,18.60,18.60,18.93,18.47,18.40,18.43,18.53,18.90,18.73,18.73,18.73,18.93,18.67,18.43,18.30,18.30,18.57,18.87,18.87,18.27,17.73
18.27,18.27,18.13,18.13,18.60,18.63,18.60,18.73,18.37,18.37,18.00,17.93,17.93,17.93,18.03,18.47,18.30,18.33,18.27,18.43,17.93,18.07,18.07,18.07,18.17,18.17,18.17,17.93,18.13,17.73,18.13,18.10,18.57,18.10,18.10,17.90,18.03,17.80,17.80,17.80,17.67,18.20,18.23,18.20,18.17,18.17,18.40,17.77,18.17,19.00,19.07,18.70,18.57,18.57,17.77,17.77,17.87,18.53,18.33,18.33,18.23,18.33,18.97,19.10,19.33,19.07,18.70,18.70,18.83,19.83,23.27,26.13,28.00,29.33,29.40,29.80,29.80,29.23,28.47,23.80,21.60,19.27,19.27,22.43,26.03,28.37,29.43,29.13,29.60,29.40,29.30,29.03,25.50,22.17,20.70,20.70,22.93,26.23,28.33,28.77,28.63,28.63,27.77,25.73,22.07,20.03,18.93,18.90,18.90,18.70,18.70,18.70,18.43,18.23,18.30,18.53,19.07,18.67,18.67,18.60,18.40,18.17,18.17,18.07,18.73,18.73,18.73,18.63,18.63,19.00,18.27,18.27,18.17,17.77,17.80,18.10,18.17,18.40,18.40,18.53,18.37,18.83,18.93,18.93,18.93,18.90,18.90,18.63,18.57,18.63,18.93,18.93,18.63,18.43,18.57,18.13,18.67,18.57,19.00,19.13
18.20,18.53,17.97,18.53,18.10,18.60,18.20,18.37,17.97,17.83,17.47,17.43,17.60,17.87,17.93,17.93,18.27,18.27,18.27,18.17,18.03,18.07,18.20,18.20,18.30,18.43,18.43,17.93,17.93,17.67,18.03,18.10,18.57,18.60,18.10,17.90,17.97,18.20,18.20,18.20,18.10,18.20,18.23,18.70,18.70,18.17,18.07,17.50,18.07,18.07,18.57,18.30,18.70,18.70,17.87,17.87,17.87,18.33,18.33,18.47,18.47,18.83,19.10,18.90,19.07,18.80,18.80,18.70,19.03,19.83,23.03,26.10,27.73,28.80,28.90,28.87,29.43,29.23,28.13,24.17,21.60,19.43,19.43,21.53,25.30,28.37,29.60,29.60,29.83,29.30,29.30,28.80,26.07,22.80,21.23,21.23,22.93,26.00,28.53,28.77,28.70,28.70,28.63,25.93,23.30,20.17,19.70,18.93,18.93,18.77,18.57,18.43,18.43,18.30,18.60,18.60,18.80,18.67,18.67,18.63,18.50,18.47,18.50,17.87,18.73,18.20,18.63,18.63,19.10,19.10,18.40,18.37,18.17,17.77,18.17,18.17,18.17,17.90,18.40,18.70,18.50,18.83,18.83,18.60,18.60,18.60,18.63,18.47,18.47,18.57,18.83,18.93,18.83,18.70,18.63,18.13,18.57,18.60,18.60,18.27
18.20,18.40,18.67,18.60,17.97,18.10,17.97,18.20,17.97,18.47,17.60,17.60,17.60,17.77,17.87,17.93,17.70,17.77,17.77,18.03,18.03,18.07,18.20,18.07,18.17,18.17,18.17,17.90,17.90,18.00,18.10,18.10,18.57,18.60,18.53,18.03,18.00,18.20,18.17,18.17,17.97,18.47,18.70,18.70,18.43,17.93,17.63,17.57,18.07,18.07,18.57,18.70,18.97,19.30,18.97,18.53,18.17,18.53,18.90,18.90,18.33,18.33,18.90,18.67,18.73,18.23,18.40,18.40,19.13,19.50,21.97,25.20,28.00,28.93,28.93,28.87,28.90,28.90,27.83,24.17,20.80,19.90,20.33,20.90,25.07,28.03,28.90,29.43,29.53,29.30,29.30,28.53,26.47,23.50,21.23,21.17,21.67,24.13,27.97,28.53,28.57,28.70,27.97,26.13,23.80,20.57,19.70,19.33,18.83,18.87,18.70,18.57,18.33,18.33,18.60,18.60,18.53,18.50,17.97,18.03,18.17,18.17,18.47,17.73,18.47,18.47,19.07,19.07,18.97,18.63,18.40,18.37,18.10,18.10,18.17,18.17,17.90,17.37,17.37,17.83,18.20,18.33,18.33,18.60,18.60,18.60,18.33,17.93,17.93,18.10,18.10,18.83,18.83,18.87,18.70,18.43,18.43,18.60,18.60,18.60
18.20,18.37,18.67,18.60,18.10,18.10,18.13,18.13,18.13,17.83,17.60,17.60,17.60,17.77,17.77,17.93,18.60,18.17,18.30,18.30,18.33,18.33,18.30,18.30,18.20,17.97,17.40,17.90,17.40,18.00,18.03,18.07,18.37,18.60,18.60,18.03,18.00,18.17,18.17,17.97,17.93,18.10,18.43,18.43,18.07,17.63,17.63,17.93,18.07,18.07,18.17,18.67,18.97,18.97,18.40,18.40,18.40,18.97,18.97,18.97,19.40,19.10,19.10,18.67,18.80,18.23,18.80,18.40,19.50,19.50,21.40,25.20,28.00,28.63,28.87,28.90,29.10,28.90,27.27,24.17,20.33,19.90,20.07,20.73,22.80,26.83,28.90,29.43,29.53,29.53,29.53,28.80,26.77,24.20,21.63,20.77,21.17,24.00,27.43,28.53,28.53,28.63,27.97,26.37,23.80,22.20,19.70,19.07,18.77,18.70,18.57,18.57,18.57,18.60,18.73,18.73,18.73,18.50,18.13,18.57,18.60,18.57,18.50,17.63,18.47,18.47,18.83,18.83,18.77,18.63,18.53,18.53,18.40,18.27,18.27,18.27,18.03,17.90,17.77,18.20,18.33,18.57,18.57,18.43,18.33,18.43,18.20,17.93,17.93,18.10,18.20,18.77,18.83,18.87,18.70,18.43,18.37,18.47,18.47,18.07
18.07,18.33,18.67,18.67,17.87,17.67,17.87,17.67,17.67,17.93,17.93,18.00,18.00,18.17,18.60,18.60,18.63,18.30,18.30,18.57,18.33,17.90,17.63,17.60,17.80,17.80,17.80,17.90,17.90,18.07,18.13,18.13,18.30,18.37,18.53,18.00,18.00,18.00,18.17,17.93,17.93,18.23,18.40,18.23,18.07,17.93,18.40,18.23,18.23,18.23,18.07,18.97,18.97,18.97,18.40,18.40,18.40,18.90,18.90,18.93,18.97,18.97,19.10,18.80,18.70,18.70,19.13,19.17,19.20,19.50,21.97,24.87,26.70,28.33,28.87,29.10,28.90,28.90,27.23,23.53,20.83,20.33,20.37,20.73,22.63,24.77,27.97,29.43,29.53,29.63,29.23,28.77,28.53,24.90,21.43,20.77,20.80,22.47,25.97,27.73,28.37,28.03,27.87,27.50,24.43,22.20,19.50,19.17,18.87,18.87,18.87,19.00,19.00,18.47,18.47,18.73,18.73,18.63,18.60,18.57,18.60,18.50,18.50,18.47,18.73,18.77,19.07,18.93,18.83,18.77,18.63,18.63,18.27,18.10,18.03,18.03,18.03,18.43,18.33,18.33,18.33,18.33,18.33,18.63,18.63,18.63,18.33,18.23,18.23,18.23,18.70,18.83,18.87,19.20,18.93,18.43,18.37,18.47,18.67,18.67
17.87,17.93,18.37,18.70,18.07,18.17,18.17,18.13,17.83,17.67,17.67,17.93,18.20,18.20,18.60,18.60,18.70,18.57,18.57,18.33,17.90,17.90,17.87,18.63,17.97,18.37,18.37,18.40,18.40,18.07,18.13,18.30,18.37,18.37,18.63,18.17,18.63,18.17,18.17,17.93,17.93,18.23,18.17,18.17,18.07,17.60,17.60,18.23,18.53,18.50,18.03,18.03,18.03,18.77,18.20,18.20,18.20,18.80,18.50,18.80,17.83,18.97,19.10,18.83,18.83,18.83,19.13,19.13,19.20,19.77,21.00,23.20,26.70,28.17,28.60,28.83,29.10,28.10,27.23,23.53,21.33,20.37,20.37,20.70,21.97,24.03,27.87,29.20,29.27,29.97,29.23,29.03,28.77,26.33,21.70,20.77,20.77,22.47,25.13,27.33,28.37,28.63,27.90,27.50,24.80,22.20,19.73,19.17,18.87,18.33,18.33,18.17,18.47,18.47,18.73,18.93,18.93,18.93,18.63,18.60,18.60,18.50,18.50,18.40,18.57,18.20,18.73,18.73,18.73,18.30,18.70,18.97,18.70,18.37,18.03,18.03,18.43,18.43,18.33,18.37,18.37,18.57,18.63,19.17,19.17,18.63,18.20,18.23,18.87,18.87,18.83,18.83,19.53,19.53,19.20,18.73,18.73,18.97,18.97,18.67
17.60,17.93,18.50,18.70,18.07,18.17,18.17,18.17,18.17,17.93,17.67,17.80,18.00,18.27,18.67,18.53,18.70,18.53,18.40,18.10,17.87,17.63,17.63,17.87,17.87,18.53,18.53,18.57,18.20,18.07,18.20,18.30,18.50,17.97,18.37,18.17,18.60,18.17,18.13,18.07,18.63,18.37,18.33,18.33,18.53,18.53,17.60,18.40,18.53,18.53,18.50,18.17,18.77,18.77,18.47,18.40,18.17,18.37,18.50,18.50,17.87,17.87,18.10,18.50,18.70,19.13,19.10,19.13,19.10,19.77,20.50,23.13,26.23,28.17,28.63,28.87,28.87,28.10,26.80,24.37,21.80,20.70,20.37,20.70,21.97,23.77,27.67,27.97,29.23,29.23,28.87,28.77,27.70,26.33,21.43,20.67,20.67,21.10,24.67,27.10,27.30,27.37,27.37,27.33,24.80,22.90,19.73,19.27,18.93,18.87,18.87,18.80,18.70,18.80,18.97,18.97,18.87,18.63,18.60,18.50,19.03,18.40,18.40,18.30,18.07,18.20,18.73,18.93,18.80,18.30,18.67,18.67,18.67,17.93,18.37,18.47,18.47,18.33,18.33,18.37,18.37,18.30,18.60,19.17,19.17,18.63,18.53,18.23,18.83,18.87,18.83,18.83,18.83,19.20,18.53,18.53,19.07,19.07,19.03,18.97
17.60,18.50,18.50,18.50,18.67,18.33,18.50,18.33,18.50,18.30,18.17,17.80,17.80,18.27,18.27,18.27,18.50,18.40,18.10,17.77,18.03,18.03,18.23,18.00,18.00,18.50,18.50,18.50,18.20,18.07,18.20,18.50,18.50,18.30,18.40,18.37,18.40,18.30,18.13,18.07,18.37,18.63,18.63,18.97,18.87,18.53,17.60,18.10,18.20,18.40,18.33,18.33,18.63,18.63,18.40,18.37,18.17,18.33,18.33,18.50,17.97,17.97,19.07,19.07,19.17,19.30,19.30,19.30,19.17,19.77,20.17,22.67,26.03,28.63,28.87,28.87,28.87,28.53,27.30,24.37,21.43,21.13,20.60,21.03,21.53,23.77,27.10,28.37,29.23,29.23,28.87,28.87,27.70,26.47,21.70,20.73,20.73,21.10,24.43,26.93,27.30,27.37,27.33,26.73,24.60,23.90,20.50,19.33,19.30,18.50,18.93,18.63,18.63,18.80,18.93,19.17,18.87,18.50,18.43,18.43,19.00,18.17,18.30,18.07,18.03,18.03,18.73,18.97,18.80,18.30,18.60,18.60,18.70,18.83,18.63,18.63,18.47,18.33,18.10,18.10,18.60,18.33,18.60,18.57,19.17,18.57,18.50,18.13,18.83,18.93,18.87,18.40,18.40,18.40,18.53,18.53,19.17,19.17,18.97,18.70
18.30,18.47,18.50,18.50,18.73,18.67,18.50,18.43,18.43,18.43,18.40,17.80,17.67,17.80,18.00,18.17,17.73,18.40,17.77,18.00,18.03,18.23,18.27,18.00,18.00,18.13,18.23,18.23,18.20,18.20,18.50,18.50,18.50,18.30,18.40,18.37,18.40,18.30,18.07,17.73,18.23,18.63,19.07,18.97,18.87,18.53,18.20,18.20,18.20,18.27,18.40,18.77,18.97,18.97,18.40,18.40,18.37,18.67,18.60,18.60,18.50,17.97,18.33,18.93,19.07,19.30,19.27,19.30,19.27,19.43,20.17,22.20,25.43,28.47,28.87,29.10,28.87,28.53,27.30,24.83,22.13,21.50,21.37,21.27,21.37,22.50,26.37,27.67,28.97,28.97,28.87,28.67,28.13,26.47,23.17,20.73,20.73,21.33,22.90,26.60,26.93,27.30,27.33,27.10,24.60,23.90,21.60,19.73,19.33,19.40,19.40,18.93,18.77,18.80,18.90,18.97,18.97,18.87,18.50,18.50,19.30,18.53,18.70,18.17,18.70,18.97,18.97,19.07,18.97,18.97,18.60,18.23,17.93,18.60,18.60,18.63,18.33,18.33,18.33,18.30,18.60,18.33,18.60,18.33,18.70,18.57,18.53,18.13,18.73,18.80,18.80,18.40,18.40,18.40,18.80,18.77,18.77,19.17,18.77,18.70
18.50,18.30,18.33,18.50,18.67,18.13,18.13,18.30,18.30,18.40,18.40,18.40,17.77,18.60,18.17,18.17,17.70,17.73,17.70,17.77,18.03,18.27,18.33,18.43,18.13,18.13,18.13,18.23,18.10,18.10,18.50,18.50,18.50,18.53,18.53,18.30,18.30,18.17,18.17,18.17,18.23,19.07,19.07,18.97,18.87,18.33,18.33,18.20,18.20,18.17,18.33,18.40,18.63,18.63,18.07,18.07,18.37,18.67,18.60,18.53,18.53,18.53,18.93,18.93,18.93,18.30,18.53,19.27,19.30,19.60,20.90,22.20,25.23,27.87,28.47,29.00,28.87,28.53,27.67,24.73,22.47,21.87,21.50,21.87,22.30,22.50,25.87,28.37,29.10,29.10,28.80,28.73,28.23,26.97,23.20,22.57,21.17,21.40,21.50,25.00,26.70,27.07,27.10,26.73,24.60,22.73,21.57,19.73,19.47,19.40,19.47,19.40,18.90,18.80,18.80,18.93,19.27,19.27,19.00,19.00,19.33,19.47,19.23,18.70,18.90,19.03,18.97,18.97,18.87,19.13,18.87,18.60,17.93,18.60,18.60,18.70,17.97,17.90,17.90,18.13,18.40,18.37,18.37,18.33,18.70,17.77,18.70,18.00,18.77,18.73,18.80,18.53,18.90,18.90,18.90,19.07,18.80,18.77,18.53,18.53
18.20,18.17,18.17,18.30,18.80,18.17,18.13,18.13,18.13,18.40,18.30,18.13,17.90,18.13,18.03,18.03,17.70,18.30,18.30,18.00,18.00,18.33,18.43,18.47,18.43,18.37,18.23,18.23,18.10,18.10,18.33,18.07,18.23,18.23,18.47,18.23,18.10,18.10,18.10,18.40,18.40,18.40,18.37,18.77,18.93,18.33,18.47,18.33,18.47,18.27,18.30,18.40,18.83,18.83,18.07,18.07,18.67,19.03,19.03,18.43,18.43,18.43,18.27,18.27,18.30,18.30,18.53,19.43,19.43,19.60,20.90,22.10,25.17,26.83,27.93,28.17,28.50,28.37,27.67,24.83,22.57,21.87,21.50,21.87,22.27,22.47,24.57,27.23,28.97,29.10,28.80,28.60,28.23,27.07,24.67,22.70,21.33,21.33,21.40,22.57,25.93,26.70,26.93,25.80,23.93,21.97,21.37,20.00,19.77,19.67,19.77,19.77,19.77,19.10,18.93,19.23,19.40,19.27,19.27,19.27,19.33,19.77,19.40,19.13,19.07,19.13,19.07,19.10,18.87,19.10,18.60,18.60,17.93,17.90,17.90,18.70,18.20,18.20,18.13,18.30,18.40,18.37,18.37,18.37,18.70,18.70,18.77,18.00,18.77,18.80,19.00,18.80,19.00,18.77,19.00,18.80,18.80,18.70,18.53,18.53
18.17,17.90,17.80,18.30,18.77,18.00,18.00,18.10,18.13,18.27,18.13,18.13,18.13,18.30,18.03,17.60,17.57,17.57,18.53,18.67,18.10,18.17,18.33,18.43,18.60,18.37,18.73,18.37,17.77,17.53,17.77,17.93,18.23,18.47,18.47,18.10,18.07,18.10,18.30,18.30,18.40,18.40,18.60,18.93,18.97,17.77,17.77,18.47,18.77,18.77,18.30,18.73,18.73,17.77,17.77,17.90,18.77,18.47,18.43,18.43,18.43,18.43,18.43,18.33,18.57,18.30,18.53,19.00,19.00,19.47,20.77,21.70,22.97,25.73,28.13,28.53,28.13,28.20,27.40,24.73,22.57,22.13,21.93,22.13,22.17,22.47,24.03,27.03,28.97,29.10,29.10,28.73,28.60,27.47,24.93,22.57,21.33,21.17,21.33,22.00,23.77,25.57,25.57,25.20,23.20,21.70,21.37,20.10,19.93,19.93,19.83,19.83,20.03,20.03,20.20,20.17,20.17,19.80,19.70,19.70,19.43,19.97,19.43,19.40,18.90,19.20,19.07,19.10,18.93,18.73,18.73,18.87,18.87,18.57,18.33,18.57,18.20,18.20,18.20,18.20,18.20,18.20,18.37,18.13,18.37,18.30,18.77,18.30,18.70,19.10,19.27,19.60,19.00,18.47,18.77,18.77,19.07,18.67,18.70,18.87
18.17,17.90,17.50,18.00,18.00,18.00,18.00,18.10,18.27,18.27,18.27,18.13,17.93,18.03,17.90,17.80,17.57,18.27,18.60,18.70,17.60,17.90,18.27,18.27,18.60,18.10,18.73,18.37,17.90,17.90,17.90,17.93,18.23,18.30,18.47,18.10,18.03,18.03,18.10,18.30,18.40,18.47,18.60,18.93,18.97,18.63,17.17,17.17,18.70,18.70,18.17,18.30,18.73,18.83,17.90,17.90,19.37,19.37,18.47,18.43,18.43,18.33,18.33,18.33,18.80,18.90,18.90,19.20,19.00,19.33,19.47,21.10,22.43,25.57,27.30,27.63,27.27,27.40,27.27,24.97,22.73,21.50,21.30,21.57,21.93,22.13,23.77,25.87,28.23,28.40,28.37,28.37,28.60,28.33,25.83,22.70,21.33,21.33,21.33,22.00,22.77,23.77,24.07,23.53,22.80,22.00,21.40,20.70,20.60,20.60,20.20,20.20,20.73,20.63,20.63,20.20,20.47,20.07,20.07,19.97,19.97,19.83,19.60,19.53,19.23,19.20,19.07,19.10,18.97,18.73,18.60,18.73,18.83,18.63,18.33,18.17,18.20,18.73,18.90,18.73,18.93,18.20,17.97,18.13,18.13,18.30,18.40,18.40,18.70,19.27,19.27,19.00,18.50,18.47,18.97,18.67,18.67,18.67,18.83,18.87
18.43,18.17,17.50,18.17,18.00,17.97,17.97,18.10,18.27,18.13,17.93,17.93,18.30,18.60,17.97,17.90,17.90,18.27,18.60,18.87,17.90,17.90,18.27,18.27,18.60,18.10,17.93,17.90,17.93,17.90,18.00,18.07,18.30,18.30,18.53,18.00,17.90,18.00,17.83,18.03,18.30,18.47,18.60,19.07,18.63,17.83,17.17,17.17,18.70,18.70,18.40,18.63,18.70,18.73,17.90,18.73,19.20,19.20,18.77,18.43,18.43,18.50,18.80,18.80,18.80,18.90,18.83,18.87,18.87,19.33,20.43,21.10,21.97,25.27,27.30,27.37,27.27,27.27,26.83,24.70,23.20,22.60,21.50,21.57,21.80,22.13,23.77,25.77,28.33,28.40,28.27,28.33,28.93,28.33,26.03,22.77,22.07,21.77,22.00,22.60,22.77,22.77,22.77,22.80,22.30,22.00,21.70,20.77,21.47,20.80,20.80,20.80,20.77,20.63,20.47,20.47,20.47,20.47,20.63,20.07,19.97,19.97,19.83,20.00,19.33,20.17,19.23,19.17,18.97,18.73,18.73,18.73,18.90,18.63,18.57,18.30,18.40,18.70,18.90,18.93,18.20,18.20,17.93,17.93,17.70,18.13,18.30,18.40,18.70,19.20,19.20,19.00,18.50,18.47,18.13,18.67,18.63,18.67,17.97,17.97
18.67,18.47,18.43,18.07,18.00,17.63,17.63,18.13,18.17,18.13,18.00,17.70,17.70,18.60,18.43,18.43,18.40,18.50,18.50,17.60,17.47,17.53,18.27,18.27,18.17,17.90,17.90,17.90,17.93,17.97,18.13,18.07,18.07,17.73,18.67,18.80,18.37,18.37,18.07,18.23,18.17,18.47,18.33,18.33,17.97,17.97,17.97,18.07,18.70,18.70,18.63,18.63,18.70,18.90,18.73,19.07,19.13,19.20,19.07,18.43,18.37,18.40,18.60,18.80,18.97,19.10,18.83,18.87,18.97,19.67,20.27,20.47,21.40,23.93,26.73,27.20,27.07,27.07,26.60,24.97,22.73,22.50,21.83,21.33,21.57,22.07,22.97,24.90,26.73,28.23,28.23,28.23,28.23,28.00,26.40,23.10,22.53,22.03,22.03,22.33,22.33,22.33,21.97,22.30,21.97,21.70,21.70,21.20,21.47,21.20,21.43,21.67,21.27,20.80,20.80,20.80,20.63,20.53,20.63,20.67,20.73,19.83,19.83,19.83,19.33,19.33,19.23,19.73,18.97,18.97,18.97,18.83,18.83,18.47,18.30,18.40,18.60,18.90,18.70,18.70,18.00,18.67,17.97,18.67,17.93,18.17,18.27,18.73,18.90,19.20,18.57,18.50,18.13,18.47,18.13,18.47,18.33,18.83,18.33,17.97
18.67,18.67,18.47,18.17,17.87,17.63,17.63,18.17,18.17,18.13,18.00,18.00,18.30,18.30,18.00,18.40,18.40,18.40,18.50,17.80,17.77,17.77,18.23,18.23,18.43,17.97,17.93,17.97,18.00,18.03,18.13,18.13,18.13,18.67,18.67,18.80,17.90,18.37,18.23,18.23,18.17,18.37,18.37,18.50,17.97,18.43,18.33,18.43,18.77,19.07,18.97,18.90,18.63,18.73,18.73,18.73,18.40,18.63,18.63,18.63,18.50,18.50,18.70,18.93,18.93,18.93,18.67,18.83,18.97,19.67,19.93,20.27,21.40,22.73,25.63,26.87,26.93,26.70,25.53,24.70,23.10,22.50,22.13,21.83,21.83,22.07,22.97,23.50,26.53,27.87,28.13,28.27,28.17,28.00,26.27,23.43,22.53,22.30,22.07,22.10,22.10,22.33,22.13,22.13,21.97,21.47,21.87,21.20,21.83,21.20,21.43,21.33,21.27,20.97,21.10,20.87,20.53,20.53,20.53,20.53,20.53,20.53,20.00,19.93,19.93,20.70,20.53,19.93,19.10,18.97,19.10,19.13,19.13,18.37,18.37,18.40,18.60,18.60,18.30,18.30,17.97,18.00,18.00,18.57,18.57,18.57,18.90,18.90,18.83,18.67,18.57,18.23,18.23,18.23,18.13,18.33,18.33,18.33,18.33,18.87
18.43,18.43,18.07,17.87,17.63,17.97,17.93,18.17,18.17,18.17,18.37,18.30,17.83,17.97,18.00,18.43,18.43,18.43,18.07,18.07,17.77,17.93,18.23,18.43,18.17,18.03,17.97,17.97,17.97,18.03,18.13,18.13,18.67,18.73,18.73,18.70,18.57,18.37,18.27,18.23,18.17,18.17,18.73,18.50,18.50,18.43,18.43,18.43,18.77,19.07,19.23,18.97,19.10,18.73,18.73,18.73,18.40,18.87,18.53,18.60,18.60,19.23,19.10,18.93,18.93,18.83,18.77,18.83,19.67,19.67,19.23,19.53,20.47,21.93,24.00,25.70,26.70,25.67,25.33,23.17,23.03,22.13,21.97,21.83,21.40,22.03,22.23,23.23,24.97,26.73,27.70,28.07,28.07,27.57,26.27,23.70,22.63,22.03,21.90,21.50,21.50,22.37,22.37,22.37,21.90,21.63,21.70,21.20,21.20,21.07,21.13,21.33,21.33,21.63,21.63,21.67,21.00,20.87,20.80,20.80,20.67,20.53,20.60,19.93,19.93,20.00,20.43,20.00,19.10,19.00,19.00,19.13,19.13,18.37,18.30,18.37,18.60,18.60,18.23,18.23,18.00,18.50,18.20,19.10,19.33,18.90,18.90,18.73,18.73,18.70,18.60,18.23,18.60,18.83,18.83,18.33,18.33,18.33,18.93,18.93
17.60,17.93,17.93,17.93,17.87,17.97,17.97,18.17,18.17,18.27,18.73,18.40,18.40,17.97,18.00,18.03,18.00,17.90,18.07,18.23,18.07,17.93,18.30,18.60,18.60,18.40,18.23,18.23,18.27,18.80,18.80,18.80,18.80,18.80,18.73,18.57,18.47,17.50,18.27,17.60,17.60,17.60,18.73,18.73,18.50,18.43,18.43,18.43,18.73,18.73,19.17,18.63,19.10,18.73,18.90,18.73,18.27,18.53,18.53,18.60,19.00,19.40,19.40,19.10,18.93,18.90,18.77,18.77,19.23,19.23,19.23,19.53,20.47,21.50,23.33,24.10,25.10,25.10,24.10,23.10,23.03,21.97,21.43,21.37,21.40,22.03,22.40,23.23,24.67,26.53,27.30,28.07,28.07,26.77,25.93,23.70,22.43,22.03,21.90,21.50,21.80,22.37,22.37,22.13,21.67,21.67,22.00,21.80,22.03,21.00,21.13,21.13,21.63,21.63,21.63,21.50,21.50,21.20,21.20,20.77,20.67,20.67,20.93,20.70,20.40,20.17,20.40,19.93,19.77,18.90,18.90,19.13,19.13,18.77,18.67,18.37,18.27,18.27,18.27,18.30,17.73,18.33,17.87,18.20,18.57,18.90,18.97,18.90,19.10,18.70,18.67,18.37,18.77,19.07,19.07,18.57,18.73,18.07,19.07,19.07
17.60,17.93,18.07,18.07,18.17,17.97,18.17,18.17,18.27,18.63,18.73,18.63,18.50,18.40,18.50,18.43,18.43,18.03,18.43,18.07,17.93,17.73,18.30,18.57,18.40,18.40,18.33,18.40,18.10,18.70,18.27,18.67,18.27,18.33,18.33,18.57,18.67,18.57,18.47,18.13,18.13,18.10,18.73,18.57,18.50,18.13,18.73,18.73,18.73,18.30,18.60,18.63,19.10,19.00,19.00,18.10,18.10,18.67,18.67,18.60,18.60,19.30,18.93,18.40,18.40,18.90,18.90,18.57,18.57,19.00,19.00,19.20,20.47,21.30,22.03,23.33,24.10,24.10,23.63,23.03,22.07,21.97,21.43,21.43,21.40,22.30,22.30,22.40,23.40,24.83,26.10,27.13,26.63,26.07,25.13,23.70,22.43,22.03,21.90,21.90,22.00,22.03,22.03,21.90,21.67,21.80,21.80,21.93,21.93,21.27,21.23,21.23,21.70,21.70,21.63,21.40,21.40,21.40,21.40,20.77,20.97,20.93,20.97,20.67,20.60,20.30,20.00,19.93,19.87,19.13,19.13,19.13,19.17,19.17,18.77,18.43,18.27,18.23,18.20,18.20,18.00,18.37,18.33,18.33,19.17,18.97,18.93,18.30,18.93,18.67,18.23,18.23,18.37,19.07,19.10,18.83,18.73,18.27,19.07,19.17
17.60,18.07,18.30,18.17,18.17,17.80,18.17,18.17,18.67,18.73,18.73,18.63,18.40,18.30,18.50,18.43,18.43,18.03,18.63,18.43,17.80,17.73,18.23,18.23,18.33,18.33,18.33,18.87,18.37,18.70,18.37,18.80,18.67,18.33,18.07,18.07,18.47,18.67,18.67,18.13,18.13,18.40,18.73,18.57,18.50,17.87,18.53,18.53,18.53,18.20,18.20,18.20,18.60,18.70,18.70,18.30,18.10,18.37,18.67,18.53,18.53,19.00,18.93,18.87,18.60,18.90,18.90,18.67,18.50,18.67,19.00,20.40,20.53,21.30,21.50,22.03,23.20,23.20,23.20,22.43,22.00,21.50,21.53,21.73,21.73,22.50,22.50,22.37,23.23,24.17,25.43,26.10,26.07,25.37,25.03,23.70,22.40,21.80,22.17,22.17,22.03,22.03,22.03,21.90,21.67,21.80,21.80,22.03,22.03,21.93,21.27,21.63,21.70,21.07,21.07,21.10,21.40,21.40,21.40,20.77,20.93,20.93,20.93,20.97,20.67,20.60,19.93,19.77,19.87,19.80,19.70,19.13,19.37,19.30,19.10,18.70,18.27,18.27,18.20,18.30,18.30,18.37,18.33,18.33,18.90,18.63,18.90,18.63,18.87,18.30,18.30,18.30,18.23,18.57,18.57,18.73,18.27,18.73,18.73,19.07
18.30,18.30,18.53,17.67,18.00,17.80,18.50,18.20,18.20,18.20,18.40,18.63,18.50,18.90,18.80,18.80,18.70,17.90,18.63,17.80,17.80,17.80,18.23,18.23,18.23,18.40,18.40,18.57,18.00,18.00,18.17,18.17,18.53,18.07,17.87,17.87,18.43,18.77,18.73,18.47,18.73,18.47,18.77,18.10,18.33,18.57,18.53,18.13,18.13,18.20,18.60,18.37,18.37,18.47,18.40,18.30,18.30,18.43,18.73,18.53,18.67,18.67,18.73,18.73,18.40,18.60,18.90,19.63,18.67,18.83,19.27,19.87,20.40,21.27,21.40,22.03,22.20,22.43,22.43,22.03,22.00,22.00,21.87,22.00,22.03,22.10,22.07,22.07,22.07,23.00,23.40,25.33,25.33,25.03,23.73,23.23,22.73,22.40,22.17,22.00,22.03,22.03,22.10,21.90,21.70,21.90,21.90,21.93,21.93,21.63,21.27,21.63,21.23,21.07,21.07,21.27,21.27,21.40,20.93,20.70,20.70,20.67,20.67,20.60,20.63,20.93,20.80,19.80,19.80,19.77,19.37,18.73,19.30,19.03,18.70,18.70,18.43,18.27,18.20,18.30,18.37,18.40,18.37,18.40,18.90,18.80,18.87,18.63,18.57,18.30,18.57,18.30,18.10,18.10,18.10,18.73,17.83,18.73,19.17,19.17
17.50,17.60,18.07,17.60,18.00,17.80,18.53,18.20,17.60,17.80,17.90,18.17,18.17,18.30,18.40,18.40,18.23,17.73,17.73,18.60,18.60,18.60,18.23,18.20,18.20,18.43,18.43,18.30,18.00,18.17,18.23,18.33,18.67,18.53,18.03,18.03,18.27,18.43,18.77,18.47,18.77,18.77,18.77,18.13,18.13,18.33,18.33,18.10,18.10,18.20,18.20,18.20,18.10,18.37,18.27,18.30,18.27,18.43,18.73,18.53,18.67,18.67,18.90,18.87,18.83,18.83,19.63,19.67,19.40,19.40,19.83,19.87,20.40,20.80,21.33,21.53,22.03,22.17,22.17,21.87,21.83,21.87,21.83,21.87,22.03,22.10,22.03,21.83,21.83,21.90,22.50,24.43,24.43,24.43,23.47,23.10,22.73,21.80,22.00,22.00,22.60,22.37,22.53,22.00,22.00,21.90,21.90,21.90,22.43,21.63,21.73,21.73,21.40,21.23,20.97,21.27,20.97,21.80,21.53,21.53,21.27,21.23,20.67,20.63,20.73,20.93,20.80,19.80,19.80,19.80,19.67,18.73,19.30,18.70,18.70,18.67,18.67,18.67,18.30,18.67,18.57,18.83,18.27,18.57,18.80,18.80,18.80,18.63,18.57,18.57,18.80,18.97,18.93,18.93,18.10,17.97,17.83,18.73,18.83,18.37
17.50,17.50,17.60,17.60,18.07,18.53,18.63,18.33,17.83,17.83,17.90,18.17,18.43,18.43,18.40,18.27,18.23,17.73,17.73,18.07,18.63,18.73,18.47,18.47,18.43,18.67,18.43,18.20,17.83,18.00,18.23,18.40,18.53,18.40,18.37,18.37,18.37,18.43,18.43,18.47,19.03,19.00,18.97,18.13,18.13,18.33,18.37,18.43,18.43,18.77,18.73,18.60,18.27,18.37,18.27,18.27,18.27,18.43,19.03,18.43,18.67,18.43,18.73,18.83,18.90,18.83,19.77,19.90,19.77,19.50,19.50,19.83,20.23,20.77,21.33,21.53,22.17,22.10,22.00,21.63,21.53,21.83,21.83,22.03,22.03,22.03,21.70,21.70,21.77,21.80,22.33,22.50,23.33,23.37,23.37,23.00,22.73,22.53,22.23,22.23,22.50,22.27,22.53,22.17,22.53,22.33,22.57,21.87,21.67,21.37,21.83,21.73,21.83,21.40,21.47,21.47,20.93,20.93,21.17,21.27,21.23,21.23,20.73,20.43,20.73,20.87,20.80,20.23,20.23,19.77,19.50,18.80,19.03,18.80,18.67,18.67,18.67,18.53,18.30,18.57,18.57,18.77,18.57,18.83,19.00,19.10,18.80,18.70,18.57,18.70,18.70,18.80,18.47,18.47,18.17,17.97,17.97,18.57,18.57,18.37
17.70,17.60,17.60,17.83,18.23,18.47,18.47,18.33,18.33,17.83,17.90,18.17,18.43,18.43,18.43,18.40,18.23,18.07,18.10,18.10,18.63,18.73,18.73,18.37,18.37,18.37,18.20,18.20,18.03,18.13,18.13,18.33,18.40,18.43,18.43,18.43,18.37,18.53,18.33,18.33,18.33,18.97,18.97,18.13,18.23,18.43,18.43,18.43,18.43,18.73,18.10,18.03,17.77,17.77,18.27,18.27,18.30,18.33,19.03,18.33,19.00,18.10,18.60,18.53,18.53,18.53,18.97,19.40,19.90,19.83,19.90,20.00,20.77,20.77,20.77,21.03,21.70,21.90,21.87,21.60,21.33,21.53,21.63,22.13,22.13,21.90,21.87,21.77,21.77,21.77,21.80,22.53,23.10,23.37,23.37,23.00,22.43,22.00,22.23,22.53,22.60,22.53,22.53,22.33,22.33,22.33,22.00,21.67,21.67,21.50,21.73,21.50,21.20,21.23,21.23,21.23,20.93,21.27,21.73,22.10,21.27,21.23,20.73,20.43,20.73,20.87,20.73,20.17,20.17,19.97,19.60,19.27,19.20,19.00,18.70,18.70,18.67,18.67,18.43,18.67,18.43,18.83,18.57,18.83,19.00,19.10,19.00,18.43,18.57,18.57,18.57,18.53,18.70,18.47,18.47,18.40,19.00,18.57,18.37,17.97
17.50,17.50,17.47,18.07,18.13,18.13,18.00,17.90,17.83,18.00,18.57,18.10,18.43,18.27,18.27,18.27,18.70,18.80,18.47,18.10,18.63,18.73,18.70,18.37,18.33,18.00,18.00,18.00,18.03,18.13,18.67,18.40,18.67,18.80,18.83,18.80,18.53,18.53,18.40,18.47,18.33,18.47,17.90,17.87,17.87,18.37,18.43,18.43,18.43,18.77,18.77,18.27,18.67,18.67,18.67,18.47,18.47,18.37,18.37,18.33,18.10,18.03,18.27,18.53,18.53,18.53,18.97,19.30,19.33,19.50,20.00,20.50,20.57,20.67,20.77,20.77,20.97,21.70,21.70,21.33,21.27,21.50,22.03,22.13,21.90,21.83,21.67,21.70,21.70,21.70,21.70,22.27,22.53,23.27,23.27,23.23,22.53,22.87,22.80,22.77,22.77,22.53,22.60,22.60,22.57,22.37,22.17,22.00,22.00,21.67,22.20,21.67,21.53,21.53,21.63,21.63,21.60,21.27,21.27,21.27,21.17,20.90,20.83,20.50,20.73,21.03,20.73,20.17,19.93,19.27,19.20,19.20,18.80,18.90,18.70,18.90,18.00,18.00,18.30,18.37,18.33,18.77,18.33,18.77,19.00,19.03,19.00,18.33,18.33,18.57,18.57,18.03,18.10,18.43,18.47,18.93,19.00,18.57,18.37,17.97
17.50,17.70,17.47,18.07,18.13,18.07,17.90,17.70,17.80,18.13,18.13,18.00,18.10,18.50,18.50,18.50,18.70,18.80,18.47,17.63,18.10,18.50,18.33,18.33,18.33,18.00,18.00,17.70,18.13,18.13,18.13,18.27,18.30,18.80,19.03,19.07,18.70,18.70,18.60,18.53,17.93,17.93,17.87,18.13,18.70,18.77,18.43,18.43,18.43,18.60,18.73,18.63,18.73,18.73,18.80,18.83,18.57,18.37,18.33,18.30,18.10,18.57,18.57,18.83,18.53,19.23,19.03,19.23,19.33,19.40,20.00,20.50,20.67,21.17,20.97,20.97,21.57,21.70,21.70,21.57,21.33,21.50,22.20,22.30,21.90,21.83,21.83,22.23,22.47,22.60,22.67,22.90,22.90,23.10,23.03,23.03,22.80,22.87,22.87,22.90,22.97,22.77,22.93,22.70,22.70,22.57,22.37,22.03,22.17,22.03,22.27,22.27,21.53,21.63,21.63,21.90,21.73,21.73,21.73,21.83,20.97,20.60,20.50,20.50,20.40,21.10,20.87,20.27,19.47,19.03,19.03,19.07,18.63,18.63,18.70,18.90,18.70,18.80,18.43,18.87,18.43,19.00,18.40,18.57,18.40,18.83,18.83,18.33,18.23,18.53,18.80,18.53,18.43,18.43,18.43,18.60,18.60,18.27,18.17,18.37
17.47,17.47,17.47,18.17,18.13,18.07,17.80,17.53,17.80,18.13,18.67,18.00,17.33,17.93,18.23,18.50,18.50,18.80,18.33,17.63,18.27,18.27,18.30,18.27,18.27,18.00,18.00,17.70,17.83,17.90,18.70,18.67,18.67,18.30,18.97,18.80,18.70,18.70,18.60,19.10,18.47,18.13,18.13,18.13,18.70,18.70,18.10,18.17,18.53,18.60,18.77,18.63,18.73,19.00,19.00,18.67,18.53,18.53,18.37,18.07,17.97,18.57,18.83,19.63,19.73,19.67,19.47,19.40,19.40,19.43,20.00,20.43,20.50,20.90,21.27,20.97,21.23,21.57,21.57,22.10,22.10,21.20,21.10,22.10,21.53,22.10,21.83,21.83,22.60,22.67,22.70,22.67,22.57,22.67,23.03,23.10,22.87,22.87,22.87,22.90,23.27,22.97,22.97,22.93,22.93,22.63,22.63,22.30,22.17,22.00,22.20,22.27,21.53,21.53,21.53,22.50,22.50,21.83,21.20,21.07,21.00,20.60,20.77,20.77,20.40,21.07,20.40,20.27,19.40,19.03,18.80,18.67,18.63,18.63,18.63,19.03,18.80,18.87,18.80,18.87,18.33,18.33,18.33,18.40,18.40,18.67,18.67,18.67,18.23,18.87,18.87,18.87,18.43,18.70,18.43,18.27,18.20,18.17,18.17,18.50
17.83,17.47,17.47,18.07,18.17,18.07,17.90,17.70,17.90,18.13,18.13,17.57,17.87,17.93,18.50,18.40,18.40,18.50,18.33,17.87,17.87,17.87,18.30,18.33,18.47,18.47,18.47,18.10,17.83,17.83,17.90,18.50,18.67,18.30,17.87,18.40,18.70,18.73,18.83,18.83,18.83,18.13,18.13,18.40,19.13,18.90,18.27,18.10,18.53,18.53,18.60,18.53,18.63,18.63,18.57,18.67,18.67,18.87,18.53,17.77,18.57,19.00,19.07,19.27,19.73,19.67,19.67,19.40,19.43,19.60,19.77,20.10,20.93,21.10,21.27,21.10,21.73,21.57,21.73,22.53,22.10,21.60,21.60,22.10,22.10,22.23,22.63,22.63,22.60,22.67,22.73,22.77,22.80,22.80,23.03,22.80,22.40,22.40,22.77,22.90,22.97,22.87,22.97,22.93,23.10,23.03,23.03,22.20,22.20,21.43,22.00,21.60,21.50,21.50,21.03,21.90,21.20,21.83,21.30,21.13,21.00,20.30,20.30,20.77,20.77,21.20,20.87,20.33,19.23,18.77,18.77,18.67,18.73,18.63,18.63,19.03,18.80,18.87,18.87,18.90,19.17,19.00,18.87,18.57,18.47,18.57,18.47,18.30,18.27,18.50,18.87,18.93,18.93,18.83,18.67,18.60,18.60,18.27,18.90,18.90
16.63,17.07,17.07,17.07,17.37,17.67,17.90,17.93,17.93,18.60,18.23,18.23,17.93,17.93,18.67,18.40,18.40,18.40,18.33,18.33,18.07,18.00,18.30,18.53,18.53,18.47,18.47,17.97,17.83,17.83,18.10,18.67,18.97,18.67,17.87,17.90,18.73,18.73,18.73,18.50,18.83,18.97,18.40,18.40,18.27,17.90,17.90,17.77,18.53,18.30,18.33,18.30,18.43,18.47,18.23,18.47,18.53,18.87,18.87,18.87,18.90,18.50,19.07,19.07,19.27,19.13,19.13,19.63,19.63,19.77,20.00,20.07,20.07,20.93,21.27,21.40,21.70,21.23,21.47,21.77,21.77,21.60,21.43,22.10,22.30,22.30,22.87,21.53,22.30,22.37,22.63,22.63,22.63,22.80,23.13,23.10,22.67,22.40,23.03,22.87,23.07,22.87,23.10,22.93,23.03,22.20,22.30,22.00,22.00,21.60,21.90,21.90,21.80,21.53,21.03,21.07,21.07,21.33,21.33,21.30,21.30,21.30,21.30,21.30,21.13,21.23,21.00,20.00,19.23,18.80,18.80,18.73,18.97,18.97,18.60,18.60,18.10,18.83,18.10,18.83,18.90,18.50,18.50,18.50,18.93,18.67,18.30,18.27,18.27,18.87,18.87,18.93,18.93,18.83,18.97,18.83,18.90,18.20,18.57,18.57
17.10,16.87,16.50,16.70,17.10,17.67,17.93,18.27,17.93,18.23,17.93,17.87,17.83,17.87,17.83,17.53,17.67,18.23,18.73,18.23,18.07,18.20,18.30,18.40,18.40,18.53,18.57,18.57,17.93,17.77,17.77,18.43,18.50,18.67,18.13,18.30,18.50,18.30,18.50,18.10,18.60,18.87,18.87,18.87,18.47,18.27,17.90,17.77,18.10,18.10,18.30,18.23,18.23,18.23,18.03,18.17,18.17,19.03,17.77,18.90,19.40,19.40,19.27,19.13,19.27,19.03,19.13,19.63,19.67,20.00,20.07,20.47,20.70,21.40,21.40,21.47,21.70,21.47,21.27,21.27,21.47,21.77,22.07,22.30,22.30,22.03,21.90,21.83,22.30,22.37,22.63,22.77,22.83,23.10,23.13,22.67,22.50,22.40,22.40,22.87,22.87,22.93,22.93,22.93,22.77,22.00,22.20,21.83,21.83,21.43,21.90,22.10,22.10,22.07,21.53,21.40,21.07,21.07,21.33,21.80,21.70,21.30,21.20,21.30,21.13,21.13,20.87,19.93,19.37,18.80,18.80,18.73,19.07,19.07,18.80,18.80,18.80,18.83,18.03,18.00,18.33,18.67,18.87,18.87,19.17,18.93,18.27,18.13,18.20,18.77,19.03,19.27,19.27,19.37,19.37,18.90,18.83,18.83,18.83,17.77
16.50,16.50,16.73,16.90,17.10,17.37,17.10,17.67,17.80,18.23,18.23,18.23,17.83,18.57,18.67,18.67,18.07,18.07,18.23,18.23,18.23,18.37,18.60,18.37,18.23,17.90,17.97,17.97,17.93,17.83,17.87,18.20,18.20,18.40,18.13,18.57,18.30,18.30,18.37,18.37,18.60,18.83,18.83,18.73,18.70,18.37,18.33,18.17,18.17,18.10,18.30,18.23,18.23,18.03,18.00,18.17,18.17,19.03,17.70,18.47,18.77,18.77,18.77,19.03,19.13,19.13,19.37,19.37,19.37,20.47,20.47,20.47,20.20,20.73,20.90,21.40,21.47,21.47,21.47,21.47,21.77,21.90,22.07,22.30,22.30,21.90,21.83,21.83,22.37,22.63,22.83,23.07,23.03,23.10,23.13,23.70,23.03,22.67,22.80,22.67,23.50,23.03,22.93,22.93,22.63,22.23,22.70,21.90,21.83,21.77,21.90,22.10,22.10,21.80,21.53,21.40,21.30,20.93,20.93,20.93,21.30,21.20,20.93,21.20,20.87,20.87,20.27,19.93,19.73,19.37,19.20,19.07,19.20,19.07,18.37,18.37,18.57,18.57,18.10,18.00,18.23,18.47,18.67,19.17,19.47,19.40,18.87,18.20,18.20,18.77,18.67,18.23,18.23,19.10,18.97,18.67,18.63,18.63,18.63,17.77
16.87,16.87,17.30,16.97,17.10,16.97,16.90,16.90,17.07,17.80,17.80,18.13,18.13,18.53,18.53,18.07,17.93,18.07,18.40,18.23,18.37,18.20,18.37,17.73,17.87,18.23,18.23,18.57,17.97,17.77,17.53,17.47,17.80,17.80,17.40,18.57,18.30,18.37,18.37,18.37,18.60,18.60,18.73,18.73,18.77,18.70,18.37,18.37,18.93,18.77,18.77,18.23,18.23,18.23,18.03,18.17,18.17,18.80,18.47,18.47,18.77,19.47,19.13,19.13,19.50,19.63,19.57,19.57,19.57,20.47,20.70,20.93,20.93,21.10,20.90,20.90,21.63,21.80,21.97,21.87,22.03,22.23,22.33,22.33,21.97,21.97,21.87,22.03,22.63,23.03,23.07,23.10,23.03,23.10,23.47,23.60,23.60,23.37,23.50,23.77,23.70,23.70,23.70,23.03,22.70,22.70,22.90,22.90,21.90,21.90,22.13,22.20,22.20,21.83,21.63,21.83,21.40,21.40,20.93,21.70,21.70,20.93,20.53,20.43,20.27,19.73,19.93,19.93,19.83,19.53,19.37,19.07,19.07,18.93,18.20,18.20,18.57,18.60,18.57,18.47,18.33,18.33,18.67,19.17,19.17,19.13,18.53,18.20,18.47,18.67,18.67,18.23,19.10,19.10,18.67,18.63,18.63,18.67,18.67,18.67
16.53,16.53,17.57,17.30,17.73,16.97,16.90,16.93,16.93,17.80,17.80,18.13,18.33,18.67,18.67,18.67,18.07,18.07,18.40,18.23,18.23,18.13,18.37,17.87,18.30,18.30,18.47,18.17,17.97,17.87,17.70,17.47,17.47,17.47,17.40,18.60,18.23,18.37,18.37,18.37,18.77,17.93,18.60,18.70,18.77,18.77,18.53,18.53,19.07,18.90,18.77,18.60,18.73,18.63,18.63,18.63,19.10,19.07,18.80,18.53,18.53,18.77,18.77,19.03,19.63,19.63,19.57,19.57,19.80,20.57,20.93,21.00,21.10,21.10,21.10,21.30,21.93,21.93,22.13,22.03,22.03,22.23,22.40,22.40,22.30,22.27,22.27,22.90,22.90,22.90,22.90,23.07,22.73,23.07,23.23,23.47,23.70,23.77,23.77,23.50,23.60,23.70,23.77,23.70,22.80,22.80,22.80,22.80,22.13,22.13,22.20,22.20,21.63,21.63,21.63,21.77,21.43,21.43,21.43,21.63,21.37,20.90,20.90,20.90,20.43,20.07,20.07,20.10,20.10,19.80,19.57,19.17,19.10,18.93,18.20,18.20,18.30,18.60,18.60,18.60,18.47,18.33,18.33,18.73,18.67,18.67,18.47,18.43,18.50,18.50,18.50,18.17,18.43,18.43,18.67,18.63,18.57,18.63,18.63,18.67
16.53,16.53,17.30,17.57,17.97,17.97,17.70,17.70,16.93,17.90,18.07,18.07,18.33,18.67,18.67,18.80,18.60,18.40,18.90,18.13,18.13,16.87,16.87,17.57,18.57,18.53,18.53,18.47,18.17,17.90,17.70,17.47,17.47,17.47,17.63,18.60,18.27,18.23,18.23,18.10,18.77,17.93,18.60,18.60,19.43,19.60,18.53,18.53,18.90,18.90,18.73,18.73,19.70,19.70,19.47,18.97,19.10,19.07,18.87,18.80,18.53,18.73,19.03,19.63,19.77,19.63,19.57,20.17,20.40,20.57,20.93,21.13,21.30,21.30,21.77,21.93,22.03,21.93,22.17,22.13,21.17,21.17,22.40,22.40,22.30,22.30,23.17,23.17,22.90,22.87,22.87,22.67,22.53,22.73,23.23,23.37,23.87,23.37,23.77,23.23,23.60,23.70,24.07,24.07,23.23,22.80,22.67,22.67,22.67,22.20,22.20,22.20,21.63,21.77,21.77,22.07,22.07,21.87,21.87,21.70,21.63,21.37,21.37,21.37,21.37,19.73,19.93,20.53,20.23,20.23,19.53,19.10,19.10,19.10,18.67,18.03,18.50,18.93,18.80,19.27,18.57,18.33,18.27,18.27,18.53,18.53,18.43,18.43,18.50,18.50,18.50,18.43,18.43,18.43,19.10,18.67,18.43,18.43,17.77,17.77
