16.13,16.00,16.00,16.30,17.93,18.13,18.13,17.77,17.77,17.77,18.77,18.97,18.77,18.00,17.60,17.67,17.70,18.57,18.90,18.90,18.60,19.43,18.17,18.17,18.17,17.77,18.50,18.50,18.53,18.53,18.83,18.83,18.83,18.00,18.00,18.17,18.87,18.17,18.00,18.00,18.00,19.40,19.40,19.83,19.70,19.70,19.70,20.27,20.63,21.47,21.77,22.73,22.27,22.73,23.97,23.97,23.83,23.13,23.67,23.07,23.20,22.73,22.73,22.73,23.27,24.13,23.77,23.67,23.50,23.47,23.43,23.47,23.43,23.93,23.53,24.00,24.00,24.17,23.67,23.60,22.60,23.27,23.43,23.67,23.67,23.43,23.23,22.60,21.43,21.43,20.03,20.37,20.37,20.60,20.67,19.93,18.80,18.50,19.20,18.83,19.20,18.93,19.20,19.20,18.27,18.93,18.80,18.93,18.70,18.70,18.83,18.83,18.83,18.67,18.67,18.40,18.33,18.33,18.77,19.20,19.33,19.20,17.30,17.30,18.10,18.77,18.47,18.17,18.17,18.57,18.57,18.33,18.33,18.20,18.10,18.20,19.20,19.20,18.17,18.17,17.10,18.00,18.00,18.00,18.27,18.27,18.27,18.87,18.17,18.50,18.50,18.50,18.40,18.27,18.77,18.80,18.80,17.47,17.37,17.37
16.13,16.13,16.30,16.90,16.90,17.47,17.47,17.47,17.57,18.30,18.40,18.97,18.77,18.03,18.00,18.00,18.17,18.57,18.60,18.60,18.37,18.37,18.17,18.60,18.17,18.00,18.50,18.50,18.87,18.83,18.87,18.83,19.00,18.40,18.40,18.17,18.33,18.07,18.07,18.00,18.17,18.20,18.97,19.40,18.97,19.60,19.60,19.80,20.63,21.47,21.50,22.27,22.27,22.90,23.00,23.30,23.37,23.13,23.20,22.90,23.20,22.73,22.80,22.73,22.87,22.93,23.13,23.50,23.13,23.47,23.13,23.83,23.87,23.93,23.87,23.53,23.67,23.67,23.67,23.60,23.40,23.43,23.57,23.73,23.67,23.23,23.20,22.63,21.83,21.43,20.37,20.37,20.13,20.10,20.10,19.40,19.07,18.80,19.07,18.83,18.90,18.90,18.93,18.27,18.27,18.53,18.53,18.33,18.17,18.33,18.57,18.83,18.83,18.67,18.67,18.40,18.40,18.40,18.33,18.77,19.20,18.63,17.87,17.87,18.30,18.77,18.30,18.47,18.57,19.13,18.57,18.33,18.33,18.93,18.10,18.20,18.43,18.43,18.37,18.37,18.30,18.27,18.27,18.27,18.77,18.37,18.37,18.37,18.17,18.50,18.57,18.50,18.50,18.40,18.67,18.77,18.47,17.50,17.47,17.37
16.13,16.73,16.93,17.00,16.90,16.53,16.97,17.43,17.57,18.37,18.97,18.97,18.60,18.23,18.23,18.40,18.40,18.17,18.17,18.37,18.00,18.00,19.00,19.00,18.60,18.50,18.70,19.00,18.87,18.83,18.87,18.83,19.00,18.50,18.40,18.33,18.33,18.33,18.20,18.17,18.20,18.67,18.97,18.97,18.97,19.60,19.70,19.60,19.87,21.10,21.40,21.77,22.90,23.00,23.00,23.30,24.03,23.33,23.20,22.90,23.20,23.20,23.20,22.80,22.93,23.17,23.13,23.13,22.70,22.70,22.70,23.83,23.87,24.00,23.87,23.50,23.47,23.30,23.43,23.43,23.57,23.87,23.73,23.80,23.20,23.20,23.20,23.03,22.53,21.90,20.57,20.13,20.10,19.93,19.40,18.90,19.60,19.60,19.10,18.70,18.50,18.70,18.70,18.27,18.53,18.53,18.80,18.33,18.17,17.93,18.43,18.43,18.43,17.73,18.30,18.30,18.67,18.93,18.33,18.30,17.93,17.93,17.97,18.57,18.30,18.47,18.17,18.47,18.57,18.73,18.13,18.10,18.63,18.93,18.63,18.60,18.43,18.43,18.43,18.43,18.67,18.43,18.67,18.27,18.67,18.37,18.43,18.13,18.43,18.47,18.57,18.57,18.73,18.50,18.47,18.10,17.97,17.67,17.60,17.60
17.13,17.07,17.07,17.20,17.00,16.53,16.80,17.43,18.40,18.40,18.40,19.03,18.60,18.53,18.43,18.43,18.43,18.17,18.17,18.10,18.00,18.10,19.00,19.07,18.17,18.50,18.67,18.80,18.80,18.80,18.87,18.60,19.00,18.40,18.40,18.40,18.37,18.63,18.80,18.80,18.20,18.63,18.80,18.80,18.90,19.50,19.80,19.80,19.87,20.73,21.10,21.63,23.23,23.37,23.30,23.50,23.70,23.50,23.33,22.90,23.03,23.03,23.03,22.87,22.93,23.17,23.13,23.13,22.87,22.37,23.17,23.47,23.87,23.93,23.50,23.47,23.47,23.27,23.17,23.13,23.17,23.57,23.57,22.87,22.80,22.80,22.67,22.60,22.27,21.90,20.87,20.37,20.10,19.30,19.20,18.90,19.07,19.07,18.37,18.70,18.70,18.90,18.70,17.73,18.20,17.93,18.53,18.17,18.10,18.10,18.17,18.43,18.43,18.47,18.47,18.40,18.67,18.93,18.30,17.93,18.03,18.63,18.87,18.63,18.30,18.30,17.97,18.23,18.50,18.73,18.90,19.43,19.30,18.97,18.63,18.60,18.60,18.63,18.73,18.63,18.77,18.43,18.53,18.27,18.53,18.27,18.27,18.20,18.43,18.47,18.73,18.67,18.73,18.67,18.47,18.03,17.90,17.70,17.50,16.80
17.27,17.13,17.20,17.60,17.37,16.80,16.80,17.57,18.40,18.63,18.63,19.03,18.60,18.53,18.23,18.23,18.23,18.10,18.37,18.37,18.10,18.10,18.57,18.70,18.57,18.67,18.70,18.80,18.67,18.60,19.07,19.07,19.03,18.33,18.33,18.43,18.77,18.80,18.80,18.70,18.70,18.87,18.90,19.03,19.33,19.50,19.83,19.83,19.90,21.00,21.40,22.50,23.67,23.77,23.70,23.77,24.40,24.40,24.40,23.83,23.80,23.43,23.53,23.53,23.57,23.57,23.47,23.40,23.33,22.90,23.17,23.47,23.77,23.77,23.50,23.50,23.50,23.13,23.43,23.17,23.43,23.47,23.40,23.40,22.87,23.20,22.83,22.77,22.60,21.90,20.87,20.77,20.20,19.43,19.20,19.07,19.07,18.73,18.63,18.63,18.37,18.37,18.67,17.53,18.10,17.90,18.67,18.10,18.03,17.97,17.83,17.83,17.63,17.80,18.13,18.20,18.40,18.40,18.60,18.03,18.30,18.03,19.00,18.57,17.97,17.80,17.97,18.23,18.27,18.30,18.50,19.13,19.13,18.93,18.87,18.70,18.60,18.60,18.73,18.77,18.97,18.17,18.17,18.17,18.50,17.80,18.27,17.67,18.30,18.30,18.50,18.67,18.67,18.67,18.07,17.93,17.93,17.83,17.63,17.13
17.93,17.43,17.27,17.80,17.80,17.97,17.30,17.70,17.97,18.20,18.20,18.63,18.53,18.53,18.43,18.23,18.43,18.37,18.47,18.40,18.40,18.40,18.57,18.57,18.20,18.63,18.67,18.73,18.33,18.33,18.70,18.87,18.27,18.27,18.43,18.83,18.87,18.80,18.70,18.23,18.40,18.40,18.70,18.63,19.33,19.50,19.63,19.73,19.90,21.00,21.63,22.97,23.67,23.83,23.70,23.77,24.23,24.43,24.50,24.17,24.17,24.17,24.50,24.50,24.63,24.23,23.60,23.60,23.60,23.47,23.47,23.47,24.27,23.93,23.87,23.50,23.60,23.60,23.93,23.97,23.47,23.13,23.10,23.10,23.20,23.20,22.93,22.77,22.60,21.63,20.77,20.67,20.20,19.73,19.37,19.27,19.07,18.63,18.57,18.53,18.27,18.17,18.33,17.73,18.33,18.10,18.60,18.20,18.03,17.97,17.83,17.83,17.80,18.20,18.13,18.20,18.20,18.30,18.30,18.03,18.30,18.57,18.87,18.57,17.80,17.80,18.27,18.27,18.27,18.30,19.10,19.10,19.10,18.70,18.70,18.70,18.70,18.70,18.77,19.27,19.27,18.17,18.17,18.17,18.53,17.80,18.20,17.73,18.17,18.17,18.73,18.67,18.60,18.07,18.50,18.07,18.03,17.73,17.63,17.63
17.53,17.53,17.60,17.97,17.97,18.37,17.97,17.97,17.97,18.37,18.37,18.53,18.20,17.97,17.97,18.10,18.33,18.33,18.37,18.40,18.40,18.40,18.77,18.70,18.57,18.63,18.87,18.87,18.73,18.33,18.70,18.87,18.87,18.37,18.37,18.83,18.87,18.70,18.23,18.20,18.40,18.67,18.70,19.17,19.33,19.33,19.20,18.97,19.87,20.97,21.50,22.83,23.33,23.83,23.83,24.23,24.33,25.23,25.17,24.80,24.53,24.53,24.57,24.93,25.17,24.90,24.23,24.23,24.20,24.20,24.13,23.77,24.13,23.77,23.87,23.70,23.60,23.67,24.00,24.20,24.17,23.73,23.40,23.30,23.20,23.20,23.10,22.93,22.33,21.50,20.80,20.67,20.13,19.87,19.77,19.50,19.07,19.03,18.63,18.27,18.17,18.03,18.33,18.33,18.67,18.63,18.63,18.47,18.20,18.00,18.00,17.83,17.80,18.10,18.20,18.20,17.93,18.20,18.33,18.33,18.57,18.47,18.57,18.00,18.00,18.33,18.50,18.73,18.47,18.30,19.10,18.83,18.57,18.33,18.53,18.70,18.77,18.77,18.77,19.10,19.10,18.20,18.47,18.53,18.57,18.53,18.03,17.87,17.87,18.17,18.60,18.57,18.50,18.00,18.07,18.07,18.27,17.93,17.73,17.73
17.93,17.53,17.13,18.13,18.27,18.47,18.90,19.07,17.97,17.70,18.20,18.30,18.20,17.97,18.23,18.53,18.87,18.53,18.70,18.70,18.70,18.77,18.77,18.77,18.20,18.20,18.73,18.80,18.77,18.33,18.33,18.70,18.87,18.47,18.27,18.37,18.30,18.30,18.23,18.20,18.20,18.20,18.67,18.67,19.17,19.47,19.30,19.30,19.47,20.93,21.20,22.60,23.10,23.83,24.03,24.33,24.50,25.50,25.30,25.23,24.93,24.93,24.60,24.97,25.60,25.47,24.70,24.70,24.37,24.50,24.37,24.30,24.27,23.93,23.93,23.90,23.67,23.67,24.20,24.47,24.27,23.80,23.73,23.10,22.43,22.43,22.60,22.10,21.67,21.30,20.67,20.67,20.13,20.00,19.87,19.67,19.03,19.03,18.53,18.03,18.27,18.27,18.93,18.67,18.67,18.67,18.63,18.47,18.20,18.10,18.10,18.10,18.10,18.10,18.67,18.37,17.93,17.93,18.33,18.47,18.57,18.47,18.47,17.97,18.00,18.33,18.50,18.47,18.70,19.20,19.20,19.10,19.10,18.33,18.30,18.33,18.77,18.93,19.23,18.80,18.47,18.20,18.57,18.57,18.57,18.57,18.03,17.87,17.87,18.20,18.60,18.57,18.40,18.00,17.73,18.47,18.40,18.17,18.13,18.17
17.80,17.53,18.13,18.27,18.13,18.10,18.90,19.07,18.43,18.30,18.37,18.30,17.97,17.63,18.03,18.40,18.87,18.33,18.33,18.30,19.17,19.13,19.13,18.77,18.07,18.33,18.80,18.87,18.87,18.93,19.00,18.83,18.83,18.37,18.33,18.33,18.63,18.70,18.70,18.70,18.70,18.67,18.77,19.07,19.17,19.23,19.13,19.20,19.33,20.60,21.17,22.50,22.63,24.03,24.60,25.50,25.60,25.67,25.63,25.43,25.43,25.43,24.97,25.67,25.70,25.77,25.20,25.17,25.17,25.20,25.03,24.63,24.47,23.77,24.23,24.03,24.03,24.20,24.57,24.57,24.27,23.97,23.90,23.40,22.43,22.43,22.07,22.10,21.67,21.30,20.67,20.13,20.07,19.77,19.17,19.17,19.17,19.03,18.77,18.27,18.27,18.27,19.03,18.93,18.63,18.43,18.37,17.90,17.90,18.00,18.10,17.63,17.63,18.10,18.10,18.37,18.30,18.37,18.80,18.80,18.80,18.47,18.30,17.97,18.30,18.50,18.67,18.87,19.23,19.30,19.30,19.20,19.10,18.63,18.63,18.30,18.33,18.73,18.73,18.73,18.17,18.47,18.53,19.00,19.20,19.17,18.57,18.03,18.13,18.20,18.60,18.57,18.57,18.00,17.90,18.40,18.17,18.17,18.13,18.13
17.80,17.20,18.00,18.10,18.10,18.10,18.83,18.30,17.97,17.83,18.20,18.20,18.20,17.63,18.23,18.37,18.87,19.03,18.87,18.30,18.37,18.87,18.87,18.53,18.20,18.47,18.80,18.93,18.93,19.03,19.00,18.73,18.73,18.47,18.47,18.33,19.10,18.97,18.80,18.80,18.80,18.77,18.93,19.17,19.23,19.33,19.30,19.63,19.50,20.00,20.93,22.50,22.63,24.43,25.27,25.70,25.60,25.83,25.67,25.67,25.87,25.87,25.67,25.63,25.67,25.70,25.20,25.20,25.20,25.30,25.23,24.93,24.93,24.93,24.47,24.20,24.20,24.47,24.87,25.27,24.47,24.13,23.97,23.80,22.90,22.60,22.30,22.30,21.90,20.97,20.07,20.07,20.00,19.43,18.93,19.17,19.40,19.47,18.77,18.43,18.27,18.27,18.87,18.60,18.43,18.43,17.90,17.83,17.83,18.47,18.47,18.43,18.17,18.43,18.07,18.37,18.30,18.37,18.80,18.63,18.80,18.63,18.30,18.07,18.07,18.07,18.20,18.20,19.23,19.30,19.40,19.33,18.63,18.50,18.50,18.30,18.30,18.73,18.73,18.73,18.27,18.27,19.00,19.00,19.43,19.17,19.17,17.77,18.70,18.20,18.67,18.60,18.67,18.77,18.77,18.63,17.87,17.77,17.87,17.90
17.20,17.30,17.73,17.73,17.83,17.83,18.83,18.90,18.30,18.30,18.40,18.20,18.20,17.93,18.30,18.20,18.37,18.03,18.87,18.37,18.37,18.17,18.67,18.53,18.47,18.70,18.80,18.93,18.93,19.03,18.83,18.73,18.73,18.47,19.10,19.20,19.10,18.63,18.63,18.87,18.93,18.93,19.00,19.23,19.33,19.80,19.33,20.00,19.50,20.00,20.47,22.00,22.63,24.43,24.90,25.70,25.83,26.23,26.37,26.37,26.73,26.73,26.73,26.10,26.17,26.20,26.03,26.03,25.73,25.40,25.40,25.40,24.97,24.97,25.03,25.20,24.70,25.20,25.37,25.60,25.27,24.77,24.13,23.40,22.90,22.67,22.03,22.43,21.90,20.73,20.00,20.00,19.67,19.37,19.13,19.30,19.47,19.47,19.47,18.43,18.10,18.17,18.33,18.43,18.43,18.43,18.37,18.10,17.83,18.67,18.47,19.30,18.43,18.50,18.43,18.43,18.03,18.30,18.53,18.80,18.63,18.63,18.53,18.73,18.30,18.20,18.57,18.63,19.30,19.37,19.37,18.50,18.50,18.63,18.63,18.40,18.20,18.73,18.73,18.73,17.90,18.27,18.50,18.53,19.43,18.97,18.83,17.77,18.70,18.47,18.47,18.47,18.60,18.60,18.77,18.20,17.77,17.43,17.43,17.77
17.10,17.30,17.73,17.73,18.00,18.07,18.83,18.90,18.57,18.57,18.57,18.57,18.90,18.30,18.37,18.03,17.53,18.03,18.87,18.70,18.37,18.17,18.67,18.53,18.47,18.47,18.70,19.07,19.03,18.33,18.33,18.73,18.83,18.57,18.97,18.97,18.97,18.33,18.33,18.70,19.07,19.17,19.17,19.77,19.80,20.00,20.07,20.97,19.63,20.43,20.97,21.50,22.37,24.03,24.43,25.53,25.83,26.37,26.80,27.10,27.67,27.83,27.67,27.33,27.33,26.83,26.03,26.43,26.03,26.43,25.73,25.73,25.73,25.73,25.67,25.67,25.43,25.27,25.60,25.87,25.87,25.30,24.77,24.50,23.10,23.00,21.93,21.90,20.73,20.37,20.17,20.27,20.27,19.67,19.30,19.37,19.47,19.47,18.43,18.37,18.17,18.43,18.33,18.33,18.23,18.43,18.30,18.30,18.30,18.53,18.47,18.67,18.40,18.43,18.40,18.43,18.00,17.87,18.27,18.70,18.63,18.67,18.70,18.90,18.90,18.57,18.50,18.20,18.50,18.63,18.87,18.50,18.50,18.50,18.70,18.57,18.57,19.00,18.97,18.67,17.80,18.27,18.47,18.47,18.70,17.67,18.23,17.50,18.40,18.40,18.30,17.53,17.53,18.20,18.63,18.63,17.77,17.40,17.40,17.43
18.73,18.73,18.63,18.63,18.50,18.43,18.50,19.00,18.63,18.57,18.63,18.67,18.73,18.57,18.53,18.13,17.50,17.53,18.70,19.30,19.13,17.97,17.97,17.97,18.40,18.37,18.40,18.70,18.80,18.13,18.33,18.33,19.00,19.20,19.20,18.97,18.90,18.33,19.03,19.03,19.07,18.93,19.33,19.40,19.77,20.00,20.40,20.97,20.97,20.97,21.10,21.73,22.37,24.03,24.43,25.53,26.23,26.80,27.70,27.83,27.83,28.20,27.90,28.23,27.83,27.83,27.57,26.83,26.60,26.97,26.70,26.97,26.70,26.57,26.53,26.40,26.00,25.60,26.00,26.17,26.17,25.87,25.03,24.43,23.00,22.27,20.87,20.60,20.73,20.73,20.27,20.27,20.27,19.20,19.13,19.20,19.30,18.70,18.37,18.37,18.43,18.93,18.03,17.80,17.70,17.70,18.23,18.30,18.30,18.60,18.53,18.27,18.13,18.13,18.30,18.40,18.30,18.60,18.60,18.83,18.67,18.70,18.83,18.90,18.90,18.63,18.57,18.50,18.50,18.50,18.43,18.07,18.23,18.70,18.73,18.63,18.57,18.97,18.97,18.53,17.80,17.80,18.13,17.67,18.13,17.67,18.23,18.23,18.30,18.30,17.87,17.73,17.87,18.20,18.47,18.63,18.33,17.43,17.43,18.10
18.90,18.73,18.73,18.73,18.63,18.43,18.43,18.53,18.53,18.53,18.63,18.97,19.00,18.97,18.53,17.77,17.53,18.10,18.70,18.70,19.13,17.97,17.97,17.97,18.40,18.37,18.40,18.37,18.13,17.87,18.90,19.00,19.00,18.53,18.57,18.90,18.90,18.70,18.70,18.70,18.70,18.93,19.20,19.40,19.40,19.90,20.40,20.47,20.97,20.97,21.73,22.00,22.93,24.03,25.13,25.53,26.33,27.43,27.83,27.83,27.83,28.73,29.07,29.47,29.90,29.90,28.93,29.87,29.00,28.20,28.20,27.73,27.67,27.60,27.60,27.37,27.27,27.10,26.50,26.17,26.17,26.13,25.87,25.43,24.07,22.67,21.37,20.60,20.87,20.43,20.73,20.17,20.37,19.87,19.67,19.20,18.73,18.67,18.53,18.53,18.53,18.93,18.43,17.97,17.47,17.00,17.17,18.30,18.53,18.53,18.27,18.07,17.90,18.07,17.93,18.30,18.30,18.60,18.83,18.70,18.70,18.70,18.77,18.70,18.77,18.20,18.23,18.00,18.23,18.43,18.50,18.50,18.50,18.63,18.23,18.57,18.57,18.73,18.73,18.67,18.10,18.10,18.10,17.57,18.13,18.23,18.23,18.40,18.23,17.97,17.77,17.57,18.30,18.30,18.47,18.33,18.10,18.10,18.10,18.67
18.73,18.73,18.73,19.00,18.20,18.20,18.43,18.53,18.50,18.50,18.50,18.57,18.73,18.63,18.50,17.90,17.90,18.10,18.43,18.67,18.67,18.27,18.27,17.97,18.10,18.10,18.13,18.13,18.13,18.30,19.00,19.00,18.73,18.53,18.73,19.00,18.60,18.70,18.60,18.70,19.20,19.27,19.40,19.50,19.50,20.30,20.40,20.93,20.97,21.43,21.97,22.60,23.80,25.00,25.23,25.63,26.67,27.43,27.90,27.90,28.93,29.13,29.83,30.40,30.40,30.40,29.97,30.10,29.97,29.97,29.00,28.93,28.93,29.33,28.30,27.80,27.80,27.83,27.83,27.37,26.97,27.00,26.53,25.93,24.43,23.30,21.47,21.13,21.37,21.13,20.73,19.67,19.53,19.50,19.20,18.83,18.83,18.70,18.70,18.53,18.53,18.47,18.03,18.00,18.00,17.47,17.30,18.57,18.57,18.60,18.50,17.80,17.80,17.63,17.90,17.93,18.33,18.50,18.60,18.57,18.77,18.73,18.77,18.17,18.60,18.20,18.20,18.00,18.17,18.17,18.23,18.50,18.47,18.47,18.17,18.57,18.23,18.63,18.53,18.53,18.17,18.23,18.23,18.37,18.23,18.63,18.23,18.23,17.77,17.73,17.77,17.87,18.50,18.83,18.47,18.33,18.10,18.67,18.67,18.67
18.27,18.10,18.10,18.07,18.07,18.07,18.50,19.17,18.50,18.53,18.50,18.53,18.63,18.50,18.40,17.90,17.90,18.13,18.67,18.67,18.67,18.70,18.70,18.50,18.50,18.50,18.80,18.80,18.30,18.50,19.20,19.20,18.30,18.03,18.30,18.80,18.60,18.60,18.57,18.70,19.27,19.47,19.83,20.07,20.30,20.60,20.93,21.07,21.43,21.97,22.20,23.30,24.03,25.00,25.23,25.20,26.33,27.20,27.90,27.90,29.13,29.30,29.37,30.67,30.67,30.90,30.53,30.53,30.43,30.10,29.83,29.53,29.43,29.53,29.43,29.43,28.83,29.40,28.83,29.00,27.77,28.17,27.13,26.53,25.53,25.03,23.30,21.73,21.73,20.57,20.57,19.83,19.67,19.50,19.50,18.83,18.83,18.53,18.53,18.53,18.53,18.47,18.00,18.00,18.03,18.57,18.60,18.57,18.57,18.53,18.43,17.40,17.60,17.63,18.07,17.93,17.93,18.23,18.40,18.57,18.77,18.57,18.23,18.17,18.60,18.60,18.23,17.83,18.17,18.17,18.50,18.50,18.47,18.37,18.17,18.17,18.07,18.57,18.37,18.43,18.23,18.43,18.60,18.77,18.77,18.63,18.23,18.07,17.97,17.97,17.97,17.90,18.43,18.13,17.97,17.97,17.97,18.23,18.67,19.03
18.07,18.10,18.27,18.10,18.40,18.20,18.40,18.57,18.50,18.53,18.53,18.53,18.17,17.97,17.97,17.97,18.07,18.13,18.43,19.03,18.63,18.70,18.70,18.50,18.17,18.10,18.10,18.47,18.13,18.50,18.50,19.10,18.30,18.03,18.73,18.80,18.80,18.57,18.57,18.80,19.53,19.90,20.33,20.67,20.67,20.87,20.97,21.23,21.80,22.20,22.70,23.30,24.53,24.63,25.33,25.33,26.40,27.20,27.90,28.37,29.27,29.47,29.33,30.63,30.90,30.90,30.90,30.80,31.00,30.87,30.70,29.83,29.83,29.90,29.90,29.83,29.43,29.67,29.40,29.37,28.90,28.90,28.77,28.43,26.40,25.40,24.03,22.27,22.00,21.73,20.90,20.20,19.93,19.50,18.83,18.80,18.87,18.87,18.67,18.53,18.53,17.93,17.93,17.93,18.03,18.60,18.63,18.63,18.73,18.53,18.27,17.73,17.73,17.73,18.07,18.10,17.93,17.87,17.63,18.07,18.13,17.70,17.90,17.90,18.37,18.23,17.83,17.77,18.03,18.03,18.37,18.37,18.63,18.47,18.17,18.00,18.00,18.07,18.17,18.37,18.23,18.23,18.37,18.37,18.87,18.07,18.07,17.93,17.83,17.60,17.67,18.07,18.43,18.43,18.13,18.13,18.23,18.67,18.67,18.33
18.27,18.10,18.10,18.10,18.40,18.07,18.13,18.57,18.40,18.57,18.53,18.63,18.17,18.17,18.20,18.27,18.13,18.20,18.67,18.67,18.67,18.73,18.73,18.73,18.17,18.50,18.80,18.80,18.50,18.50,18.50,19.10,18.17,17.73,18.17,18.40,18.40,18.07,18.10,18.80,19.83,20.07,20.33,20.67,20.77,20.87,21.07,21.73,22.27,22.70,22.87,23.30,24.17,24.60,25.33,25.33,26.40,27.50,27.90,28.37,28.40,29.00,29.27,29.37,30.63,30.63,30.53,30.53,30.87,30.87,30.70,30.67,30.47,29.90,29.60,29.43,29.30,29.47,28.83,28.90,28.90,29.17,29.17,28.77,28.23,26.33,24.50,23.47,22.27,21.63,20.90,20.80,20.37,19.40,19.07,18.67,18.57,18.53,18.67,18.67,18.67,18.53,18.30,18.03,18.03,18.33,18.80,18.73,18.73,17.73,17.73,17.73,17.80,18.07,18.07,17.93,17.50,17.60,17.63,18.13,18.13,17.70,17.30,17.50,18.23,18.23,18.23,17.83,18.03,18.40,18.37,18.37,18.37,18.37,18.00,18.00,18.00,18.00,18.23,18.37,18.37,18.23,18.23,18.07,17.70,17.97,17.93,17.93,17.93,18.47,18.07,18.07,18.43,18.50,18.33,18.13,18.23,18.23,18.97,18.97
19.17,18.53,18.53,18.43,18.43,18.07,18.00,17.97,18.20,18.53,18.63,18.63,18.63,17.97,17.97,18.13,18.13,18.53,18.90,18.67,18.60,18.60,18.73,19.00,19.30,19.10,18.93,18.93,18.50,18.50,18.50,18.83,18.77,18.67,18.40,18.17,18.17,18.03,19.37,19.73,20.20,20.33,20.67,21.03,21.03,21.13,21.43,22.27,23.03,23.10,23.87,24.17,24.33,24.60,25.50,25.90,26.80,27.83,28.37,28.40,28.50,28.97,29.00,29.93,30.63,30.63,30.80,30.83,30.87,31.03,30.70,30.67,30.47,30.27,29.80,29.80,29.47,30.20,29.47,29.10,29.10,29.23,29.17,28.93,28.23,28.17,24.50,23.83,22.60,21.63,20.90,20.80,20.43,20.03,19.40,18.80,18.67,19.13,18.97,18.67,18.30,18.33,18.33,18.33,18.17,18.17,18.77,18.77,18.77,18.13,17.83,17.83,17.80,17.80,17.73,17.87,17.87,17.87,17.63,17.87,18.17,17.70,17.30,17.50,18.10,18.23,18.10,18.23,18.03,18.70,18.10,18.47,18.93,18.93,18.00,18.00,18.00,18.07,18.30,18.03,18.17,18.03,18.17,17.70,17.70,18.00,17.97,17.97,17.93,18.47,18.20,18.63,18.27,18.63,18.50,18.33,18.47,18.47,18.47,18.33
19.17,18.53,18.53,18.43,18.43,18.17,18.00,17.97,18.37,18.63,18.63,18.63,18.03,18.13,18.27,18.27,18.13,18.13,18.47,18.47,18.60,18.70,18.80,19.30,19.10,19.10,18.93,19.07,18.53,19.00,18.83,19.20,18.77,18.60,18.17,18.03,18.17,19.20,19.47,20.43,20.43,20.43,20.20,21.10,21.10,21.73,22.27,23.30,23.87,23.87,24.03,24.17,24.33,25.13,25.50,25.90,26.80,27.83,28.23,28.33,28.40,28.97,29.63,30.20,30.63,30.63,30.63,30.80,30.67,31.13,30.67,30.67,30.67,30.40,30.00,30.00,29.47,29.47,29.43,29.10,29.00,29.23,29.17,28.93,28.40,28.20,26.27,24.47,22.60,21.63,20.90,20.83,20.63,20.37,20.23,19.40,18.50,18.30,18.20,18.30,18.30,18.63,18.30,18.30,18.17,18.17,18.40,18.40,18.97,18.13,18.30,18.53,17.83,17.63,17.63,17.87,17.87,17.87,17.87,17.87,18.67,18.73,17.87,17.87,18.10,18.30,18.10,18.13,18.13,19.13,18.67,18.67,18.47,18.60,18.20,18.00,18.00,18.23,18.30,18.03,18.17,18.17,18.20,18.17,18.17,18.43,18.43,18.27,18.13,18.20,18.00,17.93,18.27,18.77,18.50,17.93,17.93,17.90,17.90,17.70
17.73,17.73,18.33,18.33,18.43,18.17,17.87,17.83,17.83,18.63,18.70,18.83,18.83,18.13,18.13,18.13,18.20,18.23,18.47,18.57,18.47,18.60,18.70,19.30,19.43,19.10,18.93,18.77,18.53,18.60,18.83,19.20,18.83,18.60,18.17,18.33,19.47,19.47,19.57,20.43,20.43,20.63,21.40,21.47,22.10,22.17,22.73,23.30,23.87,24.53,25.00,25.00,25.17,25.80,26.47,26.57,27.27,28.23,28.50,28.33,28.97,29.10,29.93,30.20,30.20,30.83,30.80,30.83,30.67,31.10,30.57,30.87,30.40,30.30,30.10,30.10,30.40,30.47,30.10,29.67,29.00,29.43,29.00,29.33,28.73,28.40,26.97,25.57,23.07,21.97,21.37,21.37,20.63,20.40,20.23,19.70,19.53,19.13,19.13,18.30,18.27,18.30,18.43,18.43,18.17,18.00,18.20,18.20,18.20,18.30,18.53,18.53,17.67,17.63,17.87,18.43,18.43,17.87,17.87,18.17,18.77,18.73,18.67,17.87,18.10,18.10,18.10,18.13,18.50,18.83,18.67,18.47,18.50,18.60,18.20,17.83,17.40,18.07,18.30,18.00,18.60,18.63,18.67,18.20,18.43,18.43,18.43,18.13,18.13,18.13,18.20,18.57,18.57,18.57,18.90,17.53,17.70,17.70,17.90,17.70
17.07,17.27,18.13,18.13,18.17,17.90,17.87,18.37,18.37,18.63,18.63,18.83,18.37,18.33,18.33,18.20,18.00,18.10,18.10,18.57,18.87,18.87,18.67,18.53,18.67,18.53,18.77,18.60,18.60,18.73,19.10,19.20,19.20,18.33,18.33,19.33,19.47,19.67,20.13,20.37,20.17,20.63,21.40,22.17,22.73,22.93,23.30,24.37,24.53,25.07,25.17,25.80,25.87,25.87,26.90,27.03,27.40,28.23,28.57,28.33,29.07,30.20,30.20,30.67,30.87,31.00,30.83,30.83,30.50,30.50,30.57,31.00,30.87,30.77,30.30,30.10,30.00,30.10,30.10,29.67,29.43,29.43,29.00,29.33,29.00,28.43,27.90,26.33,23.07,23.03,21.97,21.37,20.63,20.10,19.70,19.53,19.07,18.57,18.33,18.40,18.47,18.63,18.47,18.63,18.43,18.40,18.20,17.77,17.77,17.77,18.30,18.20,17.67,17.67,18.30,18.30,18.43,18.40,18.40,18.27,18.67,18.67,18.67,17.40,17.73,17.73,17.77,17.80,18.03,18.13,18.67,18.60,18.20,18.50,18.20,18.07,18.07,17.60,18.00,17.60,17.83,18.63,18.67,18.63,18.43,18.27,18.27,18.13,18.23,18.27,18.33,18.33,18.73,18.57,18.13,17.53,17.87,17.90,17.90,17.70
17.10,17.27,17.97,17.90,17.90,17.87,17.87,18.53,18.30,18.30,18.57,18.83,18.83,18.37,18.37,18.33,18.20,18.20,18.13,18.60,18.87,18.57,18.30,18.30,18.67,18.97,19.10,18.63,18.73,18.93,19.10,19.10,18.03,19.23,19.33,19.37,19.67,20.63,20.63,20.63,20.37,21.27,21.50,22.93,24.37,24.60,24.60,25.07,25.33,25.83,26.07,26.10,26.90,27.37,27.50,27.50,27.87,29.07,29.20,29.57,29.10,30.10,30.10,30.20,30.87,31.07,31.00,31.00,30.57,30.57,31.00,31.00,30.77,30.47,30.30,30.10,30.10,30.53,30.53,30.40,30.10,29.67,29.43,29.33,29.00,28.80,27.90,27.03,24.97,23.23,22.60,22.20,20.40,20.13,19.70,19.47,19.00,18.60,18.40,17.97,18.27,18.47,18.53,18.67,18.67,18.87,18.20,17.77,17.77,18.20,18.63,18.20,18.20,17.93,17.93,17.93,17.70,18.43,18.40,18.40,18.27,18.27,17.40,17.20,17.50,17.73,17.97,18.03,18.03,18.43,17.80,17.80,17.83,18.50,18.20,18.07,18.07,17.57,17.57,17.57,18.57,18.57,18.77,18.60,18.77,18.10,18.23,17.90,18.47,18.57,18.70,18.57,18.87,18.57,18.13,17.97,18.20,18.00,18.00,18.00
17.80,17.80,18.03,18.03,18.13,17.87,18.53,18.30,18.30,18.13,18.30,18.37,18.37,18.37,18.37,18.37,18.13,18.10,18.10,18.60,18.83,18.57,18.53,18.30,18.67,18.93,18.93,18.63,18.63,18.93,19.07,19.07,19.07,19.37,19.37,19.37,20.70,20.70,20.80,20.67,20.80,21.27,21.50,22.93,23.33,24.63,24.90,25.53,25.53,26.03,26.10,26.40,27.37,27.43,27.83,28.23,27.87,29.07,28.50,29.57,29.07,30.10,29.80,29.80,30.47,30.57,30.57,30.57,30.57,30.83,31.63,31.23,31.13,30.80,30.77,30.47,30.10,30.10,30.53,30.53,30.10,29.57,29.43,29.00,29.00,28.80,27.87,27.53,25.00,23.80,22.60,22.23,20.90,20.23,20.13,19.47,18.60,18.47,18.33,17.97,18.40,18.50,18.53,18.67,18.60,18.87,18.53,18.20,18.20,18.47,18.63,18.03,18.20,17.93,17.60,17.57,17.50,17.57,18.27,18.27,18.27,18.27,17.40,17.40,17.97,17.97,17.97,18.03,18.03,18.50,18.50,18.70,18.70,18.80,17.97,17.97,18.20,18.23,17.90,17.90,18.23,18.23,18.77,18.60,18.77,18.43,18.43,18.27,18.63,18.63,18.70,18.70,18.73,18.73,18.13,18.13,18.00,18.00,17.93,17.73
17.27,17.80,17.97,18.30,18.30,18.53,18.30,18.17,18.03,18.13,18.33,18.37,18.43,18.37,18.37,18.13,18.13,18.10,18.37,18.37,18.60,18.53,18.53,18.53,18.83,18.93,18.93,18.73,18.60,18.60,19.17,19.37,19.43,19.60,20.77,20.77,20.87,20.87,21.00,21.27,21.27,21.50,22.80,24.57,24.63,24.90,25.73,25.73,25.53,26.03,26.23,27.37,27.43,28.70,28.70,28.70,28.73,29.40,29.73,29.73,29.93,30.10,29.87,29.87,30.47,30.57,30.57,30.60,30.60,30.97,31.27,31.27,31.13,31.07,30.80,30.67,30.67,30.73,30.73,30.67,29.87,29.60,29.57,28.97,28.90,28.80,28.03,27.57,25.63,24.47,22.60,22.20,21.50,20.33,20.13,19.63,19.47,19.43,19.13,18.50,18.50,18.53,18.60,18.60,18.60,18.63,18.63,18.53,18.47,18.53,18.57,18.03,17.90,17.90,17.67,17.67,17.50,17.50,17.50,18.27,18.27,18.27,17.20,17.50,18.10,18.33,18.03,18.10,18.27,18.43,18.43,18.43,18.70,18.80,18.13,18.23,18.23,18.23,18.07,18.40,18.57,18.57,18.57,18.17,18.77,18.60,18.47,18.47,18.57,18.57,18.70,18.83,18.83,18.63,17.97,17.97,18.40,18.00,18.03,18.03
17.43,17.80,18.10,18.40,18.60,18.77,18.30,18.13,18.03,18.13,18.33,17.77,17.67,17.67,18.13,18.03,18.03,17.97,18.50,18.37,18.60,18.53,18.53,18.70,18.70,18.70,18.73,18.73,18.43,18.07,19.07,19.60,19.90,20.17,20.77,21.13,21.33,21.47,21.47,21.50,22.20,23.13,23.83,24.57,24.73,24.83,25.73,25.73,25.83,26.20,26.73,27.47,27.43,28.47,28.83,28.83,28.83,29.40,29.73,30.27,30.27,30.23,29.87,29.87,30.47,30.47,30.57,30.60,30.60,30.70,30.97,31.27,31.13,31.13,31.07,30.93,30.93,30.90,30.97,30.73,30.00,29.60,29.57,29.53,29.57,28.97,28.13,27.70,26.07,25.07,22.67,22.23,21.70,21.47,20.33,20.13,19.63,19.60,19.40,19.13,18.93,18.93,18.77,18.30,18.40,18.30,18.50,18.60,18.60,18.53,18.13,17.77,17.67,17.57,17.57,17.60,17.50,17.87,18.07,18.27,18.27,18.17,17.97,17.97,18.27,18.27,18.03,17.83,18.10,18.27,18.63,18.67,18.67,18.13,17.97,18.27,18.30,18.40,18.40,18.23,18.27,18.23,18.27,18.17,18.60,18.43,18.43,18.37,18.90,18.90,18.70,18.70,18.70,18.63,18.37,18.23,18.03,18.00,18.03,18.03
17.43,17.70,18.10,18.30,18.30,19.07,19.07,18.17,17.57,18.17,18.50,18.50,18.50,18.13,18.13,18.07,18.03,18.37,18.50,18.47,18.57,18.53,18.93,18.83,18.70,18.57,18.43,18.73,18.57,18.57,19.23,19.60,19.90,20.57,20.87,21.33,21.57,21.60,21.60,22.57,23.13,23.77,24.47,24.90,25.20,25.27,25.73,25.73,26.10,27.50,27.50,27.77,28.20,28.90,28.97,28.87,29.20,29.57,29.93,30.30,30.30,30.43,30.43,30.57,30.57,30.57,30.80,30.80,30.70,30.70,30.60,31.13,31.13,31.27,31.27,30.93,31.10,30.97,31.13,30.90,30.03,30.00,29.87,29.10,29.10,29.33,28.30,27.70,27.43,25.63,24.50,22.60,21.77,21.50,21.37,19.97,19.80,19.80,19.40,19.30,18.93,18.93,18.97,18.63,18.50,17.93,18.50,18.53,18.53,18.33,17.67,17.67,17.67,17.90,18.17,18.47,18.23,18.23,18.13,18.13,18.13,18.17,18.17,17.97,18.27,18.03,18.03,17.60,18.27,18.27,18.33,18.27,18.67,18.67,18.70,18.70,18.40,18.27,18.07,18.00,18.27,18.27,18.27,18.17,18.17,18.17,18.37,18.13,17.97,17.93,17.93,17.93,18.23,18.07,18.07,18.23,18.40,18.23,18.47,18.47
18.10,18.10,18.33,17.87,17.87,17.73,19.03,18.07,18.43,18.43,18.50,18.47,18.20,18.23,18.20,18.17,18.03,18.10,18.47,18.57,18.60,18.60,18.87,18.87,18.70,18.50,18.43,18.87,18.77,18.77,18.73,19.33,19.70,20.17,20.57,21.33,21.60,22.10,21.83,22.57,23.20,23.77,24.47,25.20,25.27,26.17,26.17,26.33,27.50,27.77,27.53,27.87,28.20,28.83,28.93,28.83,29.40,29.57,30.27,30.57,30.53,30.57,30.23,30.57,30.87,31.03,31.03,31.03,30.70,30.70,30.63,31.03,31.13,31.13,31.10,30.83,30.97,30.97,30.97,30.37,30.00,30.03,30.03,29.60,29.60,29.60,29.33,27.70,27.43,26.57,24.93,23.07,22.23,21.57,21.50,21.17,19.97,19.77,19.47,19.30,19.30,19.30,18.97,18.70,18.50,17.93,18.03,18.47,18.47,18.17,18.13,18.27,18.17,17.83,18.03,18.03,18.03,17.87,18.43,18.43,18.17,17.90,18.03,17.90,17.97,17.90,18.00,17.70,18.33,18.33,18.33,18.33,18.67,18.67,18.70,18.60,18.40,18.27,18.17,18.10,18.20,18.37,18.37,18.37,18.60,18.60,18.13,18.13,19.03,18.70,18.20,18.17,18.20,18.17,18.07,18.03,18.23,18.23,18.47,18.47
18.10,18.10,18.33,18.37,17.97,17.97,18.47,18.47,18.43,18.43,18.50,18.50,18.23,18.23,18.20,18.17,18.13,18.10,18.47,18.57,18.60,18.60,18.93,19.20,19.10,18.87,18.87,18.87,18.77,18.90,19.43,19.47,19.70,20.37,21.27,21.33,21.60,22.23,22.40,23.77,24.13,24.47,25.53,25.53,25.87,26.17,26.33,27.53,27.77,27.83,27.87,28.83,28.83,28.83,29.40,29.40,29.73,29.73,30.53,30.53,30.53,30.67,30.23,30.73,30.87,31.10,31.10,31.17,31.03,31.20,31.00,31.03,31.10,31.27,31.10,30.67,30.97,30.97,30.97,30.10,29.70,30.57,30.47,29.90,29.47,29.47,29.33,28.30,27.57,26.57,25.03,23.13,22.23,21.57,21.47,20.23,20.00,19.83,19.77,19.47,19.30,18.87,18.90,18.87,18.37,17.93,17.97,18.33,18.17,18.10,18.10,18.53,18.17,18.03,18.03,18.03,18.03,18.23,18.27,18.27,18.27,17.97,18.03,17.90,17.90,17.70,18.00,18.00,18.40,18.33,18.33,17.93,18.17,18.60,18.70,18.60,18.70,18.17,18.17,18.17,18.63,18.63,18.37,18.07,18.10,18.80,18.80,18.80,18.63,18.07,18.23,18.17,18.20,18.03,18.07,18.03,18.70,18.70,18.63,18.63
18.33,18.33,18.33,18.37,17.83,17.83,18.47,18.47,18.47,18.33,18.33,18.20,18.20,18.20,18.17,18.13,18.17,18.17,18.40,18.60,18.90,19.07,19.07,19.13,19.10,18.97,19.30,19.23,19.33,19.23,19.33,20.03,20.37,20.67,21.27,21.27,22.17,23.03,24.27,24.33,24.80,25.23,25.53,26.03,26.17,26.83,27.17,27.83,27.83,28.20,28.83,29.10,28.83,29.37,30.00,30.07,30.27,30.53,30.53,30.53,30.37,30.37,30.30,30.43,30.73,31.03,31.10,31.17,31.20,31.23,31.20,31.13,31.30,31.30,31.30,30.83,30.97,30.70,30.37,30.13,29.93,29.93,29.93,29.97,29.97,30.03,29.37,28.57,28.00,26.57,25.53,24.03,22.23,21.57,21.47,20.50,20.23,19.77,19.77,19.77,19.77,18.87,18.43,18.73,18.70,18.70,18.37,18.47,18.17,17.77,18.10,18.17,18.30,17.83,17.60,17.37,17.73,17.77,18.27,18.27,18.27,17.97,18.00,17.90,17.37,17.37,18.00,18.93,18.93,18.43,18.33,18.00,17.93,18.17,18.37,18.37,18.40,18.10,18.20,18.20,18.73,18.63,18.13,18.07,18.73,18.87,18.80,18.27,18.27,18.27,18.30,18.20,18.33,18.17,18.03,17.73,18.40,18.40,18.70,18.77
17.83,18.07,18.10,19.03,17.97,17.97,18.47,18.47,18.33,18.33,18.33,17.97,18.33,17.83,17.93,17.93,18.30,18.30,18.57,18.90,18.97,19.07,18.90,18.90,19.10,19.10,19.30,19.23,19.33,19.33,19.83,20.37,20.83,21.47,21.47,22.27,22.53,23.37,24.27,24.77,25.20,25.53,26.03,26.53,26.90,27.20,27.20,27.83,28.20,28.20,28.83,29.10,29.27,29.37,29.90,30.27,30.27,30.60,30.53,30.37,30.20,30.37,30.57,31.50,31.43,31.43,31.43,31.40,31.20,31.23,31.23,31.13,31.37,31.13,31.37,31.17,31.20,31.20,31.07,30.70,30.27,30.47,30.47,29.97,30.23,30.23,30.17,28.93,28.30,28.00,25.73,24.20,22.77,21.77,21.47,20.37,20.10,19.83,19.77,19.50,19.00,18.43,17.93,17.97,18.37,18.73,18.53,18.20,17.97,17.77,17.97,18.17,18.17,17.50,17.37,17.37,18.23,18.43,18.40,18.27,18.27,18.27,18.20,17.90,17.37,17.37,18.67,18.67,18.67,18.43,18.00,17.77,17.77,17.80,17.90,18.37,18.37,17.80,17.90,17.90,18.63,18.53,18.13,17.87,18.87,18.93,18.87,18.03,18.03,18.00,18.07,18.30,18.37,18.33,18.03,17.73,18.33,18.33,18.33,18.77
17.47,17.47,17.87,17.87,18.17,18.07,18.33,18.47,18.47,18.00,17.97,17.90,18.20,18.20,18.03,18.03,18.07,18.30,18.57,18.97,18.97,18.97,18.90,18.07,18.77,18.97,19.30,19.23,19.33,19.43,19.83,20.67,21.37,21.47,21.47,22.27,22.57,23.80,24.20,24.77,25.23,26.00,26.53,26.97,27.20,27.53,27.73,28.20,28.33,28.53,28.83,29.10,29.27,29.90,30.13,30.13,30.07,30.60,30.47,30.47,30.30,30.57,30.80,31.50,31.50,31.50,31.50,31.60,31.60,31.30,31.60,31.13,31.67,31.13,31.37,31.20,31.37,31.20,31.13,31.13,31.27,30.97,30.97,30.67,30.57,30.50,29.37,28.93,28.30,28.00,27.47,24.13,23.43,22.00,21.50,20.50,20.13,20.10,19.63,19.33,19.00,19.00,17.97,18.27,18.53,18.63,18.53,18.33,18.20,18.20,17.97,18.17,18.30,17.50,17.37,17.37,17.67,17.77,17.77,17.87,17.87,17.87,17.67,17.60,17.60,18.03,18.57,18.67,18.57,18.43,18.00,18.67,18.00,18.57,18.50,18.57,17.97,17.90,17.97,18.20,18.20,18.40,18.40,18.40,19.00,18.93,18.40,18.27,18.27,18.23,18.23,18.37,18.63,18.50,18.20,18.03,18.20,18.07,18.07,18.07
17.47,17.57,17.87,17.87,18.33,18.20,18.33,18.47,18.50,18.07,18.07,18.03,18.33,18.33,18.20,18.07,17.93,18.23,18.97,19.20,18.97,18.67,18.67,18.77,18.83,19.20,19.63,19.90,19.80,19.90,20.20,21.07,21.47,21.47,22.17,22.57,23.80,24.13,24.43,24.77,25.70,26.00,26.73,27.43,27.67,28.30,28.30,28.43,28.53,28.53,28.93,29.17,29.97,30.13,30.13,30.27,29.97,30.60,30.33,30.47,30.47,30.80,31.07,31.50,31.50,31.60,31.50,31.60,31.60,31.60,31.83,31.10,31.83,31.10,31.70,31.20,31.30,31.30,31.30,31.27,31.27,30.97,30.97,30.97,30.57,30.50,29.90,29.10,28.60,28.17,27.47,24.97,23.97,22.00,21.50,21.37,20.80,20.80,20.10,19.17,19.17,19.17,18.53,18.53,18.53,18.53,18.27,18.20,18.10,18.20,18.50,18.30,17.97,17.33,17.37,17.60,17.83,17.83,17.83,17.87,18.10,17.87,18.00,17.80,17.80,18.03,18.23,18.33,17.90,17.90,17.93,18.53,18.53,18.53,18.50,18.50,17.97,17.80,17.97,18.03,18.20,18.40,18.50,18.40,19.30,18.83,18.70,18.67,18.67,18.67,18.23,18.37,18.50,18.50,18.37,18.13,18.13,17.90,17.90,18.07
17.57,17.70,17.87,18.17,18.53,18.33,18.50,18.50,18.80,18.03,18.00,18.03,18.20,18.47,18.47,18.47,17.93,18.20,19.23,19.23,18.97,18.67,18.67,18.67,18.77,18.83,20.00,20.40,19.90,19.90,20.90,21.37,22.30,22.17,22.30,23.20,23.93,24.43,24.70,25.37,25.77,26.60,26.77,27.53,28.27,28.30,28.30,28.43,28.53,28.63,29.17,29.57,30.23,30.63,30.37,30.37,30.37,30.50,30.33,30.43,30.47,30.80,31.40,31.53,31.53,31.70,31.20,31.83,31.60,32.27,31.83,31.83,31.83,31.40,31.80,31.40,31.37,31.30,31.37,31.37,31.27,30.97,30.93,30.67,30.57,30.57,30.43,29.27,28.60,27.63,27.00,26.17,23.97,22.47,21.83,21.77,21.37,20.57,20.13,20.13,20.13,19.23,19.17,18.53,18.53,18.63,18.47,18.47,18.47,18.33,18.47,17.90,18.00,17.33,17.73,17.60,17.67,17.60,17.67,17.87,18.13,17.87,18.00,17.80,17.80,17.80,18.10,18.23,17.90,17.93,17.93,18.10,18.67,18.53,18.37,18.30,18.37,18.47,18.43,18.43,18.43,18.57,18.77,18.77,19.30,18.83,18.70,18.40,18.67,18.67,18.50,18.50,18.50,18.50,18.20,18.20,18.13,17.90,17.63,17.90
18.03,18.03,18.17,18.23,18.80,18.60,18.80,18.80,19.10,18.80,18.10,18.10,18.10,18.47,18.53,18.30,18.13,18.20,19.20,19.20,19.20,19.30,19.97,20.27,19.20,20.00,20.47,20.47,20.60,20.80,21.37,21.40,22.43,22.43,23.20,23.67,24.70,24.90,25.20,25.50,26.30,26.77,27.10,28.27,28.80,28.97,29.00,28.67,28.63,29.50,29.83,29.97,30.63,30.63,30.77,30.80,30.43,30.50,30.33,30.43,30.97,31.40,31.43,31.60,31.63,31.77,31.83,31.83,31.80,32.27,31.83,31.83,31.63,31.67,31.80,31.70,31.40,31.40,31.37,31.37,30.67,30.67,30.67,30.80,30.57,30.03,30.03,30.00,28.67,28.10,27.00,26.70,24.00,23.00,22.47,22.10,21.77,20.57,20.13,20.07,20.13,19.17,18.73,18.17,18.53,18.00,18.27,18.47,18.47,18.07,17.93,17.90,17.90,17.90,18.37,19.03,19.33,17.97,17.97,17.97,18.40,18.00,18.00,17.87,17.60,17.80,17.40,17.90,17.23,17.90,17.73,17.73,18.13,18.13,18.37,17.90,18.37,18.30,18.47,18.33,18.43,18.50,18.57,18.77,19.20,18.83,18.43,18.07,18.43,18.67,18.50,17.63,17.43,17.70,17.87,18.20,18.33,17.90,17.90,17.90
18.17,18.17,18.17,18.23,18.60,18.50,18.80,18.53,18.67,18.53,18.10,18.10,18.10,18.40,18.53,18.37,18.83,18.50,19.20,19.23,19.37,20.00,20.07,20.43,20.43,20.43,20.47,20.47,21.17,21.33,21.40,22.03,23.10,23.40,24.13,24.27,24.70,25.20,25.40,25.77,26.60,27.10,27.87,28.70,28.80,28.97,29.00,29.70,29.70,29.87,29.87,29.83,30.23,30.33,30.87,30.73,30.73,30.80,30.90,30.90,31.33,31.33,31.43,31.03,31.60,31.43,31.43,31.80,31.93,32.27,31.93,31.93,31.63,31.50,31.50,31.67,31.73,32.00,31.40,32.20,30.73,31.33,31.03,30.80,30.30,30.30,30.37,30.37,29.13,28.10,27.10,26.70,24.87,23.07,22.80,22.10,21.23,20.57,20.57,20.47,20.47,20.17,19.90,18.30,18.53,18.30,18.63,18.63,18.47,18.47,17.93,17.93,18.10,18.23,18.87,18.77,18.77,18.17,18.13,18.13,18.47,18.10,17.97,17.87,17.60,17.80,17.50,17.80,18.03,18.10,18.03,17.73,17.73,17.73,18.13,18.30,18.47,18.47,18.47,18.47,18.47,18.57,17.80,19.00,18.90,18.90,18.07,18.03,18.10,18.10,18.10,17.77,17.20,17.40,17.40,18.20,18.37,18.33,18.13,18.13
18.17,18.17,18.23,18.80,18.80,18.37,18.37,18.50,18.53,18.47,18.33,18.10,18.83,18.87,18.87,18.83,18.87,18.87,19.20,19.77,19.80,20.00,20.27,20.57,20.60,20.80,21.07,21.23,21.60,21.77,22.03,22.83,23.43,23.87,24.33,24.73,25.20,25.30,25.60,26.23,26.87,27.23,27.67,28.57,28.87,28.97,29.03,29.90,29.90,30.07,30.30,30.30,30.37,30.43,30.43,30.73,30.87,30.90,30.90,30.90,31.33,31.03,31.33,31.03,31.60,31.73,31.73,31.80,32.10,32.33,32.10,31.93,31.87,31.67,31.67,31.93,32.00,32.50,32.50,32.00,30.73,31.33,31.37,31.37,30.60,30.20,30.07,30.03,29.77,29.13,28.23,26.80,26.40,24.00,23.07,23.00,21.43,21.23,20.90,20.50,20.47,20.03,19.90,19.33,18.97,18.30,18.27,18.30,18.27,18.47,17.93,18.10,18.23,18.37,19.03,19.13,19.13,18.77,18.00,18.10,18.10,18.10,17.97,17.87,17.60,18.00,18.00,18.20,18.03,18.03,18.03,17.73,17.73,17.73,17.93,18.23,18.43,18.40,18.43,17.07,17.80,17.80,17.50,18.40,18.50,18.70,18.43,18.43,18.43,18.10,17.90,17.77,17.23,17.30,17.40,17.87,18.33,18.33,18.13,17.33
17.97,17.97,18.03,18.40,18.37,17.80,17.80,18.50,18.53,18.47,18.37,18.10,18.40,18.87,19.07,19.07,18.87,18.87,19.37,20.03,20.00,20.03,20.07,20.60,20.60,20.60,21.00,21.60,21.77,22.23,22.83,23.37,23.87,24.13,24.33,24.67,24.73,25.00,25.30,25.60,26.03,26.67,27.43,27.93,28.60,28.97,30.03,29.90,29.90,29.90,30.07,29.83,29.83,30.43,30.20,30.73,30.80,30.90,31.17,31.13,31.27,31.03,31.33,31.07,31.40,31.60,31.60,31.60,32.37,32.37,32.37,32.60,32.03,32.23,32.03,32.00,32.00,32.00,32.00,32.00,31.33,31.37,31.37,31.37,30.77,30.60,30.57,30.07,29.80,29.40,29.27,28.23,26.40,24.20,23.40,23.27,21.43,21.17,20.83,20.47,20.47,19.93,19.90,19.53,19.33,18.97,18.83,18.30,18.27,18.47,18.47,18.47,18.47,18.23,18.20,18.77,18.77,18.77,18.00,18.17,18.10,18.10,17.97,17.97,18.57,18.70,18.50,18.50,18.53,18.33,18.33,18.07,17.93,17.57,17.67,17.70,18.40,18.40,18.10,17.07,17.30,17.80,17.80,18.40,17.60,18.27,17.60,18.20,18.10,18.10,18.10,18.07,18.07,17.40,17.30,17.40,17.87,18.43,18.33,18.13
17.97,17.60,17.60,18.03,17.70,17.70,17.67,17.80,18.37,18.37,18.37,18.63,18.93,19.07,19.17,19.17,19.77,20.03,20.03,20.07,19.80,19.90,20.47,20.60,20.60,21.43,21.60,21.77,22.13,22.83,23.37,23.77,24.00,24.27,24.37,24.73,24.73,25.00,25.00,25.47,26.03,26.50,26.67,27.40,28.57,28.97,29.20,29.90,29.90,29.90,30.07,30.37,30.17,30.20,30.10,30.80,30.80,30.87,30.90,31.17,31.20,31.20,31.57,31.57,31.57,31.73,31.73,31.67,31.93,31.93,32.27,32.27,32.60,32.60,32.50,32.03,31.93,31.77,31.63,31.63,30.60,31.20,30.83,30.83,30.77,30.60,30.20,30.07,29.93,29.77,29.27,28.23,26.40,24.73,24.00,23.47,22.07,21.43,20.90,20.13,19.93,19.80,19.57,19.53,19.27,18.97,18.57,18.30,18.30,19.27,19.37,18.80,18.80,18.80,18.93,19.13,19.07,18.87,18.27,18.73,18.27,18.13,18.03,18.07,18.37,18.70,18.70,18.40,18.30,18.27,18.27,18.03,17.73,17.73,17.73,18.23,18.27,18.27,17.77,17.37,17.30,18.03,18.37,18.40,18.40,18.30,18.27,18.20,17.60,17.87,17.87,17.87,17.70,17.50,17.37,17.37,17.87,18.27,18.33,18.33
17.97,17.67,17.60,18.03,18.20,18.03,18.03,18.57,18.57,18.57,18.63,18.93,18.93,18.93,19.30,19.83,19.83,20.00,20.07,20.47,20.47,20.57,20.57,21.60,21.73,22.03,22.20,22.30,22.30,23.23,23.63,23.60,23.77,24.20,24.20,24.43,24.43,24.63,24.73,25.30,25.47,26.50,26.67,27.23,27.40,28.83,30.40,30.40,30.13,30.13,30.13,30.20,29.83,30.17,30.17,30.80,30.53,30.80,31.17,31.27,31.20,31.27,31.63,31.70,31.70,31.70,32.20,31.67,31.67,31.93,32.03,32.27,32.27,32.57,32.03,31.97,31.80,31.67,31.33,31.97,31.93,31.77,30.80,30.80,30.80,30.77,30.57,30.20,29.97,29.87,29.27,28.37,26.73,24.73,23.97,23.47,22.07,21.17,20.90,19.93,19.93,19.80,19.57,19.27,18.93,18.90,18.83,18.30,18.30,18.30,19.87,18.80,18.80,18.73,18.80,18.87,19.00,19.00,18.73,18.73,18.73,18.73,18.50,18.37,18.37,18.07,18.40,18.40,18.53,18.53,18.57,18.27,18.07,18.10,19.17,18.17,18.17,17.97,17.87,18.03,18.10,18.40,18.30,18.10,17.57,17.60,17.57,17.60,17.53,17.67,17.67,17.87,17.70,17.60,17.13,17.13,18.00,18.27,18.33,18.33
18.07,18.07,18.00,18.03,18.20,18.40,18.40,19.07,18.93,18.87,18.87,18.93,18.93,19.40,19.30,19.60,19.83,20.00,20.03,20.63,20.80,20.83,21.07,21.73,22.27,22.27,22.30,22.83,22.90,23.23,23.77,23.77,23.77,24.23,24.23,25.30,24.87,24.87,24.73,25.17,25.43,26.40,26.47,26.53,26.97,28.33,29.00,29.50,30.13,30.57,30.57,30.57,30.07,30.30,30.60,31.07,30.53,30.77,30.77,31.27,31.10,31.20,31.47,31.70,31.57,31.70,32.10,32.10,31.33,31.67,31.97,32.10,32.03,32.07,31.90,31.93,31.73,31.73,31.70,31.97,31.93,31.23,31.00,30.83,30.83,30.77,30.20,30.20,29.97,29.93,29.20,28.37,26.77,26.40,23.97,23.47,22.97,22.30,22.00,21.47,19.97,19.80,19.27,19.27,19.07,19.07,19.33,19.27,19.27,18.93,19.80,18.93,18.80,18.73,18.93,19.03,19.23,19.03,18.73,18.73,18.73,18.77,18.73,18.37,18.07,18.00,18.37,18.43,18.43,18.43,18.43,18.33,18.20,18.33,19.20,19.03,18.60,17.97,17.83,18.03,18.30,18.50,18.30,17.57,17.57,18.60,18.60,18.47,17.60,17.87,17.87,17.87,17.67,17.60,17.37,17.07,18.07,18.07,18.33,18.33
18.07,18.07,18.07,18.33,18.33,18.40,18.90,19.27,19.27,19.27,19.17,19.27,19.03,19.40,19.30,19.60,20.00,20.00,20.47,20.80,21.03,21.07,21.57,22.20,22.50,22.50,22.90,22.90,22.90,23.20,24.03,24.03,24.03,23.77,24.23,25.37,24.87,25.00,24.87,25.17,25.37,25.77,25.77,25.87,26.53,27.47,28.63,29.10,30.10,30.57,30.57,30.30,30.07,30.60,31.03,31.07,30.90,30.90,30.70,31.43,31.00,31.43,31.47,31.70,32.23,32.27,32.27,32.20,31.33,31.33,31.83,32.03,31.97,32.07,31.90,31.93,31.73,31.97,31.97,32.03,32.30,31.93,31.80,31.17,31.17,30.83,30.77,30.20,30.17,29.97,29.70,28.90,27.23,26.73,26.03,22.97,22.57,22.30,22.00,21.63,20.60,19.97,19.73,19.60,19.07,18.90,19.33,18.87,19.17,18.30,18.93,18.73,19.40,18.73,18.73,18.73,19.00,18.93,18.93,18.77,18.40,18.77,18.50,18.27,18.10,18.00,18.07,18.43,18.77,18.73,18.43,18.33,18.20,18.33,19.27,19.03,18.60,17.97,17.97,17.97,18.13,18.33,18.30,17.57,17.57,18.53,18.53,18.47,18.47,18.47,18.10,17.90,17.67,17.63,17.60,17.07,18.00,18.00,18.33,18.33
18.07,18.07,18.37,18.00,18.40,18.33,18.67,19.30,19.53,19.57,19.53,19.53,19.53,19.40,19.40,19.60,20.00,20.03,20.60,21.03,21.07,21.07,22.53,22.53,22.67,23.13,23.13,23.13,23.20,23.40,24.03,24.03,24.03,24.17,24.53,25.00,24.87,25.00,24.87,25.17,25.17,25.37,25.33,25.33,26.17,26.37,28.33,28.97,29.33,30.37,30.37,30.30,30.60,31.17,31.07,31.27,31.07,31.50,30.70,31.43,31.43,31.43,31.47,31.47,31.63,32.20,32.20,31.93,31.80,31.33,31.83,32.03,31.97,32.07,31.97,32.07,31.73,31.97,31.97,32.03,31.70,31.23,31.67,31.20,31.17,31.13,31.07,31.27,30.20,30.17,29.87,29.70,27.97,26.77,26.03,23.00,22.97,22.43,22.07,21.17,20.67,19.93,19.70,19.60,19.13,18.87,19.07,18.87,19.17,18.87,18.93,18.67,19.20,18.63,18.63,18.67,19.03,19.03,19.27,18.93,18.90,18.40,18.40,18.27,18.27,18.10,18.40,18.67,18.67,18.53,18.20,17.90,17.83,18.13,18.60,19.03,18.60,17.77,17.97,17.97,17.97,18.17,17.93,17.93,18.17,18.33,18.33,17.87,17.97,17.97,18.43,17.90,17.90,17.67,17.67,18.00,18.27,17.97,17.97,17.97
18.13,18.13,18.37,18.23,18.70,18.33,18.33,18.67,19.47,19.53,19.53,19.67,19.67,19.60,19.60,20.37,20.60,20.67,21.20,21.43,21.67,22.53,22.83,22.57,22.90,23.13,23.13,23.40,23.73,23.73,24.00,23.50,23.70,24.17,24.30,24.63,24.53,25.23,25.00,25.23,25.30,25.33,25.30,25.33,26.00,26.37,27.10,28.53,29.33,30.10,30.30,30.13,30.30,31.03,31.13,31.13,31.37,31.37,31.00,31.00,31.43,31.80,31.80,31.63,32.33,32.20,32.33,31.93,32.33,31.93,31.87,31.97,31.97,32.07,31.67,31.97,31.77,31.97,31.97,32.10,31.67,31.67,31.67,31.20,31.17,31.13,31.07,30.97,30.37,30.20,29.90,29.87,28.50,27.43,26.17,24.57,22.97,22.50,21.90,21.17,21.00,20.33,19.73,19.60,19.53,18.30,18.50,18.50,19.07,18.00,18.67,18.73,19.53,19.53,18.67,18.67,18.80,19.27,19.37,19.37,19.20,18.43,18.40,18.10,18.27,18.10,18.40,18.67,18.73,18.63,17.83,17.83,17.83,18.13,18.77,18.77,17.97,17.77,17.97,18.17,17.97,18.17,18.20,18.33,18.53,18.17,18.17,17.83,17.97,17.97,18.23,18.67,18.20,18.20,18.20,18.27,18.27,18.00,17.77,17.47
18.60,18.23,18.47,18.50,18.70,18.63,18.33,18.63,18.67,19.03,19.53,20.20,20.17,19.90,19.90,20.47,21.13,21.27,21.97,22.03,22.37,22.53,22.97,22.97,23.20,23.13,23.20,23.40,23.73,23.73,23.50,22.93,23.50,24.17,24.23,24.63,24.50,24.63,24.57,24.63,24.63,24.70,24.70,25.33,26.00,26.33,26.17,27.10,28.67,29.67,29.93,30.13,30.90,31.03,31.07,31.07,31.43,31.77,31.37,31.00,31.20,31.47,31.50,31.63,32.20,32.20,32.47,32.17,32.50,32.33,32.33,32.07,31.47,31.60,31.50,31.97,31.87,31.93,31.87,32.00,31.67,31.83,31.67,31.23,31.20,31.13,31.07,31.27,30.37,29.93,29.90,29.90,29.40,28.03,26.30,25.93,24.10,23.00,21.80,21.13,21.00,20.67,20.20,19.57,19.23,18.50,19.17,18.77,18.77,18.53,18.73,18.73,19.53,19.33,18.40,18.20,18.30,19.27,19.27,19.43,19.43,18.97,18.57,18.27,18.10,18.27,18.40,18.73,18.53,18.53,17.83,17.83,17.83,17.97,18.17,18.17,18.23,18.23,18.47,18.37,18.13,18.17,18.20,18.20,18.33,18.17,18.37,18.37,18.37,18.23,18.23,18.67,18.67,18.57,18.23,18.27,18.27,18.03,17.77,17.40
18.13,18.23,18.47,18.80,18.50,18.90,18.33,18.67,19.03,19.03,19.10,19.90,20.17,19.90,20.37,21.13,21.43,21.43,22.07,22.50,22.80,22.80,22.97,22.97,23.20,23.20,23.87,23.87,24.10,23.87,24.77,23.50,23.67,24.23,24.23,24.23,24.23,24.23,24.13,23.87,24.10,24.30,24.30,24.87,24.90,25.63,25.63,26.63,27.63,29.63,30.03,30.47,30.50,30.90,31.33,31.33,31.37,31.37,31.37,31.00,31.20,31.20,31.47,31.73,32.20,32.20,32.50,32.50,32.60,32.17,32.07,32.07,31.70,31.70,31.50,31.87,31.87,31.87,31.77,31.73,31.53,31.83,31.83,31.83,31.80,31.23,30.83,30.83,30.37,30.37,30.03,29.93,29.43,28.53,27.83,26.00,24.57,23.27,21.80,21.60,21.20,21.03,20.33,19.43,19.43,19.03,19.17,18.77,18.53,18.53,18.73,19.10,19.53,19.33,18.60,17.90,17.87,18.23,18.23,18.23,19.20,18.57,18.57,18.10,18.10,18.13,18.40,18.80,18.80,18.63,18.10,18.13,17.93,17.97,18.17,18.23,18.67,18.37,18.37,18.37,17.87,18.13,18.20,18.33,18.43,18.43,18.40,18.63,18.63,18.67,18.23,18.57,18.57,18.57,18.40,18.27,18.13,18.03,18.03,17.77
17.80,17.80,18.47,18.80,18.47,18.07,17.93,18.67,18.67,18.97,19.10,19.97,20.20,20.03,20.40,21.73,21.90,21.90,22.87,22.50,22.80,22.37,23.20,23.73,23.73,23.33,23.80,24.10,24.60,24.77,24.83,24.60,23.67,23.80,24.23,24.23,24.20,24.07,23.87,23.60,23.53,23.63,24.03,24.03,24.27,24.90,25.13,25.63,26.37,29.07,29.77,30.47,30.90,30.90,31.33,31.33,31.33,31.00,31.00,30.90,31.03,31.03,31.47,31.73,32.33,32.20,32.47,32.20,32.17,32.17,32.07,32.07,31.70,31.97,31.97,31.97,31.87,31.87,31.60,31.60,31.60,31.73,31.83,31.23,31.63,31.23,30.53,30.40,30.13,30.13,30.03,30.07,30.03,29.40,28.03,26.03,24.97,23.17,21.93,21.70,21.70,21.57,20.50,19.43,19.17,19.00,19.00,18.70,18.60,18.70,20.10,19.43,19.10,18.77,18.60,17.97,17.90,17.97,18.10,18.23,18.63,18.57,18.57,18.27,18.13,18.27,18.53,18.57,18.53,18.53,18.53,18.53,18.10,18.10,18.10,18.17,18.23,18.37,18.37,18.37,17.83,17.73,17.73,18.20,18.43,18.43,18.63,18.67,18.70,18.67,17.83,17.83,18.40,18.73,18.73,18.37,18.00,18.03,18.03,18.03
17.80,17.80,18.43,18.43,18.43,18.07,18.77,18.93,18.90,19.10,19.33,19.90,20.10,20.07,20.90,21.27,21.90,21.87,22.50,22.50,22.83,22.80,22.97,23.73,23.93,23.90,23.93,24.57,24.60,24.63,24.63,24.17,24.17,24.00,24.23,24.23,24.17,23.63,23.60,23.60,23.33,23.53,23.50,23.63,23.53,23.67,24.50,24.83,26.27,27.47,29.37,30.40,30.47,30.40,31.33,31.17,31.00,31.00,30.77,31.07,31.47,31.47,31.47,31.50,31.73,32.20,32.33,32.00,31.60,31.77,32.03,32.60,32.10,32.07,31.83,31.83,31.50,31.87,31.53,31.53,31.53,30.80,31.10,31.13,31.40,30.80,30.60,30.40,30.60,30.40,30.13,30.07,30.03,29.43,28.30,27.40,25.60,23.37,22.67,21.93,21.93,21.70,20.10,19.43,19.43,19.00,19.00,18.70,18.60,18.37,19.43,19.10,18.77,18.77,18.60,18.13,18.00,17.97,18.03,18.27,18.57,18.40,18.20,18.20,18.33,18.37,18.40,18.13,18.13,18.53,18.83,18.63,18.37,18.37,18.53,19.00,19.00,18.37,18.37,18.40,18.47,17.83,17.83,17.83,18.47,18.47,18.90,18.70,18.70,18.57,18.57,17.87,18.40,18.40,18.60,18.37,18.00,17.53,18.00,17.90
18.50,18.40,18.43,18.43,18.43,18.07,18.23,18.87,18.73,18.97,19.33,19.77,20.07,20.10,21.17,21.27,21.97,21.90,22.07,22.23,22.83,23.10,23.10,23.63,23.73,23.80,23.90,23.90,24.60,24.60,24.30,24.07,23.53,23.43,24.00,24.00,23.63,23.60,23.60,23.33,23.33,23.33,22.97,23.50,22.90,22.90,23.20,23.33,24.50,26.37,28.00,29.07,30.33,30.30,30.17,30.30,30.17,31.00,30.77,31.07,31.47,31.47,31.50,31.50,32.03,32.00,32.03,32.00,31.60,32.00,32.03,32.03,32.37,32.37,32.07,32.07,31.67,31.67,31.60,31.40,31.60,31.13,31.13,31.13,31.10,30.80,30.60,30.27,30.40,30.33,30.33,30.07,30.07,29.43,28.63,28.03,26.93,23.67,22.67,22.27,21.93,21.70,21.47,20.07,19.70,19.00,19.00,18.50,18.50,18.50,19.13,18.40,18.30,18.30,18.13,18.13,18.10,18.10,18.10,18.27,18.40,18.20,18.13,18.20,18.33,18.37,18.43,18.43,18.53,18.53,18.53,18.37,18.30,18.30,18.53,18.57,17.83,17.83,17.93,18.40,18.23,18.03,18.13,18.13,18.77,18.10,18.87,18.43,18.67,18.43,18.37,17.97,18.60,18.60,18.73,18.10,18.03,17.90,18.00,17.90
18.50,18.40,18.40,18.43,18.43,18.77,18.43,18.87,18.43,18.73,19.33,19.43,19.77,20.10,21.17,21.27,21.50,21.87,22.07,22.27,22.83,23.10,23.10,23.50,23.67,23.90,23.90,23.90,24.40,24.30,24.07,24.03,23.53,23.43,23.90,23.90,23.63,23.60,23.60,22.97,22.90,22.83,22.27,21.50,21.57,22.20,22.30,22.77,23.33,24.93,26.40,28.00,29.20,29.23,29.33,29.33,30.10,30.67,31.07,31.47,31.50,31.47,31.50,31.47,31.90,31.90,32.03,31.87,31.60,31.60,31.60,32.03,32.03,32.03,31.83,31.80,31.80,31.67,31.67,31.40,31.60,31.13,31.13,31.37,31.13,30.80,30.53,30.53,30.53,30.40,30.50,30.00,29.80,29.37,28.63,28.30,27.40,25.73,22.87,22.33,22.27,21.70,21.40,20.10,20.07,19.83,19.63,18.80,18.37,18.37,18.37,18.37,17.97,17.93,17.93,18.20,18.20,18.10,17.93,17.93,17.97,18.00,18.20,18.33,18.37,18.37,18.37,18.13,18.07,18.13,18.60,18.37,18.30,18.00,18.00,18.57,18.57,17.90,17.93,17.97,18.03,18.20,18.20,18.20,18.70,18.23,18.63,18.17,18.17,17.97,17.97,18.37,18.87,18.93,18.93,18.10,18.03,17.90,18.03,18.33
18.17,18.40,18.43,18.50,18.43,18.53,18.43,18.63,18.43,18.70,18.73,18.70,19.73,19.93,21.27,21.50,21.63,21.87,22.23,22.37,23.07,23.10,23.33,23.50,23.50,23.67,23.80,23.80,23.57,23.63,23.73,23.63,23.43,22.93,23.27,23.43,23.63,23.43,23.10,22.90,22.90,22.40,21.67,21.47,21.47,21.57,21.97,21.97,21.73,23.33,25.27,27.40,28.27,28.43,29.20,28.43,29.27,30.03,30.33,31.33,31.40,31.40,31.43,31.43,31.90,31.87,31.87,31.70,31.17,31.63,31.30,31.63,31.60,31.87,31.80,31.80,31.80,31.67,31.80,31.60,31.60,31.10,31.13,31.37,30.90,30.90,30.70,30.53,30.53,30.10,30.10,29.70,29.63,29.40,29.37,28.63,27.67,26.40,25.00,22.87,22.27,21.70,21.47,20.73,20.30,19.83,19.17,18.50,18.50,18.37,18.37,18.00,17.77,17.87,17.77,18.20,18.53,18.63,17.93,17.90,17.77,17.77,18.07,18.33,18.37,18.37,18.50,18.50,18.50,17.70,18.60,18.30,18.20,18.00,18.00,18.00,18.33,17.87,17.93,17.90,17.97,18.03,18.10,18.20,18.23,18.23,18.23,18.17,17.73,17.73,17.73,17.97,18.93,18.93,18.23,17.53,17.73,17.73,18.03,18.70
18.17,18.07,18.07,18.10,18.43,18.63,18.63,18.63,18.27,18.37,18.70,18.70,19.63,19.67,20.60,21.50,21.60,21.87,22.37,22.63,23.07,23.07,23.67,23.67,23.50,23.50,23.50,23.90,23.27,23.33,23.73,23.63,22.30,22.30,22.67,23.27,23.17,23.17,22.77,22.40,22.13,21.87,21.67,21.27,21.27,21.27,21.27,21.53,21.60,21.73,24.00,25.60,26.53,27.57,27.97,28.27,28.43,29.60,30.33,30.97,31.30,31.33,31.30,31.20,31.77,31.77,31.77,31.63,31.17,31.60,31.50,31.63,31.63,31.70,31.80,31.43,31.43,31.67,31.80,31.60,31.43,30.90,31.37,31.37,30.90,30.70,30.53,30.53,30.53,30.10,30.00,29.67,29.63,29.57,29.57,29.27,28.80,26.80,25.57,24.70,23.20,22.23,21.53,20.80,20.30,19.87,19.87,19.17,19.17,18.27,18.47,18.37,18.47,17.97,17.87,17.87,18.53,19.00,18.80,18.00,17.97,18.00,18.07,18.13,18.07,18.33,18.37,18.07,18.07,17.67,18.43,18.17,18.20,18.17,17.97,17.97,18.33,18.30,18.03,17.73,17.63,17.50,17.53,17.90,18.13,18.23,18.23,18.23,18.17,18.17,18.07,17.80,17.80,17.33,17.33,17.87,17.87,17.87,18.13,18.33
18.07,18.17,18.27,18.10,18.10,18.10,18.63,18.63,18.27,18.53,18.97,18.97,19.20,19.40,20.70,21.63,22.13,22.37,22.43,22.63,23.23,23.23,23.93,23.67,23.53,23.47,23.90,23.33,23.00,23.00,23.17,23.57,22.97,22.67,22.60,22.67,22.50,22.50,21.77,21.70,21.73,21.70,21.67,20.97,21.03,20.93,20.77,21.00,21.60,22.40,23.20,24.30,26.27,26.97,27.57,27.97,28.57,28.80,29.60,29.73,30.33,30.97,30.97,31.20,31.37,31.77,31.77,31.80,31.60,31.60,31.50,31.50,31.53,31.70,32.27,31.83,31.43,31.43,31.87,31.43,31.13,30.90,30.90,30.70,30.70,30.70,30.80,30.67,30.40,30.10,29.97,29.53,29.57,29.77,29.60,29.27,28.80,28.13,26.40,25.00,23.53,22.97,21.60,20.73,20.70,20.13,19.87,19.17,18.73,18.33,18.47,18.47,18.47,18.37,17.87,17.87,18.63,19.00,18.80,18.80,17.90,17.90,17.77,17.63,17.57,17.57,18.50,18.50,18.47,18.37,18.37,18.17,18.47,18.33,18.33,17.97,18.30,17.93,18.03,17.70,17.63,17.50,17.53,17.77,18.00,18.00,17.90,18.57,18.57,18.73,18.70,18.63,18.33,17.33,18.20,17.93,17.97,17.93,18.13,18.70
18.00,18.00,18.07,18.07,18.10,18.10,18.57,18.57,18.27,18.27,18.97,19.20,19.20,19.20,20.70,21.10,22.13,22.37,22.43,22.63,22.77,22.83,23.67,23.53,23.53,23.43,23.43,23.43,23.27,23.00,22.87,22.90,22.90,22.67,22.33,22.13,21.97,22.13,21.77,21.47,21.30,20.83,20.83,20.57,20.57,20.77,20.77,20.97,21.73,22.40,23.07,24.00,25.87,26.13,26.97,28.03,28.37,28.80,29.20,29.60,30.03,30.70,30.97,31.27,31.27,31.67,31.67,31.80,31.80,31.60,31.60,31.70,31.90,31.70,31.83,31.83,31.43,31.43,31.43,31.43,31.27,31.13,30.53,30.10,30.07,29.93,29.93,29.83,29.97,30.30,30.30,29.80,29.77,29.77,29.57,29.27,29.13,28.17,27.93,25.37,24.70,23.07,21.60,21.00,20.93,20.43,20.20,20.17,19.80,18.83,18.40,18.40,18.40,18.37,18.17,17.87,18.23,18.23,18.80,18.80,18.80,18.13,18.07,17.57,17.50,17.50,18.03,18.03,18.37,18.37,18.37,18.60,18.50,18.47,18.23,18.07,18.23,17.93,17.63,17.50,17.50,17.50,17.63,18.57,18.57,17.90,17.67,17.67,17.97,18.37,18.37,18.60,18.33,17.83,18.20,18.20,18.33,18.13,18.13,18.03
18.00,18.17,18.27,18.27,18.30,18.10,18.57,18.57,18.57,18.53,18.97,18.97,19.20,19.20,20.17,20.97,21.93,22.13,22.07,22.13,22.83,22.87,22.87,22.17,22.70,22.70,23.43,23.43,22.37,22.23,22.47,22.87,22.97,22.80,21.97,21.37,21.47,21.37,20.67,20.60,20.60,20.60,20.43,20.20,20.43,20.73,20.73,20.97,21.87,22.40,22.90,24.50,25.87,26.13,27.20,28.03,28.47,28.63,29.10,29.50,29.80,30.43,30.97,31.27,31.27,31.27,30.97,31.80,31.80,31.83,31.30,31.90,31.53,31.53,31.47,31.00,31.00,31.43,31.87,31.43,31.13,30.67,30.50,30.07,29.67,29.83,29.83,29.70,29.70,29.90,30.10,29.80,29.90,29.90,30.20,29.80,29.27,28.63,28.23,27.80,24.80,24.23,22.97,21.40,21.30,20.43,20.23,20.20,19.87,18.87,18.23,18.40,18.17,18.17,18.17,18.60,18.53,18.30,18.43,18.43,18.83,18.07,18.27,17.67,18.27,18.37,18.37,18.03,18.00,18.07,18.17,18.60,18.50,18.50,18.30,18.07,17.93,17.47,17.67,17.50,17.50,17.47,17.67,18.63,18.57,17.90,17.63,17.67,17.83,17.83,17.83,18.17,18.17,18.20,18.20,18.20,18.60,18.03,18.03,17.97
17.83,18.20,18.73,18.73,18.30,18.00,18.57,18.70,18.73,18.53,18.50,18.50,19.20,19.43,20.17,20.97,21.47,21.70,21.87,22.03,22.07,22.23,22.20,22.20,22.33,22.53,22.70,22.47,22.10,22.10,22.23,22.73,22.33,21.47,21.10,20.83,21.37,21.07,20.50,20.50,19.67,19.53,19.80,20.10,20.20,20.73,20.87,20.97,21.33,21.87,22.43,24.70,24.80,26.13,26.63,27.47,28.03,28.47,29.10,29.20,29.50,30.03,30.80,31.23,31.27,31.27,31.20,31.23,31.37,31.37,31.37,32.13,31.90,31.73,31.00,31.00,31.00,31.03,31.03,30.70,30.67,30.53,30.33,29.87,29.17,29.80,29.80,29.70,29.53,29.27,29.80,29.80,29.80,29.83,30.10,30.03,29.80,29.47,28.63,28.30,27.20,24.80,24.23,22.73,21.30,20.93,20.70,20.43,20.17,18.97,18.40,18.40,18.33,18.50,18.53,18.53,18.23,18.23,18.30,18.27,18.93,18.13,18.27,18.13,18.53,18.53,18.37,17.97,17.97,18.00,18.07,17.93,17.93,18.07,18.23,18.23,18.60,18.93,17.67,17.67,17.63,18.00,18.23,18.50,18.40,18.07,18.00,17.80,17.97,17.83,17.93,17.93,17.93,18.17,18.57,18.57,18.57,17.87,17.97,17.97
18.20,18.23,18.50,18.73,18.73,18.00,18.73,18.53,18.77,18.53,18.50,18.50,19.27,19.50,20.37,20.87,20.87,21.47,21.77,22.03,22.00,22.20,22.20,22.23,22.50,22.53,22.47,22.10,22.10,22.10,22.10,21.93,21.47,21.10,21.00,20.83,20.57,20.50,20.37,20.47,20.30,19.80,19.43,19.80,19.97,20.10,20.53,20.73,20.73,21.40,22.77,24.77,24.87,25.93,26.63,27.47,28.27,28.50,28.63,28.67,29.27,29.80,30.07,30.93,30.97,31.20,31.20,31.23,31.33,31.27,31.27,31.27,30.70,31.73,31.03,31.03,31.03,31.03,31.53,30.93,30.70,30.37,30.33,29.87,29.17,29.17,28.87,28.77,28.67,28.30,28.30,28.47,29.17,29.17,30.00,30.03,30.03,29.57,29.47,29.00,28.20,26.17,25.53,23.37,22.50,21.73,21.30,20.30,20.13,18.87,18.80,18.50,18.23,17.83,17.83,18.77,18.30,18.30,18.30,18.10,18.37,18.13,18.37,18.27,18.37,18.47,18.47,18.47,18.07,17.97,17.83,17.67,17.87,17.93,18.30,18.60,18.77,18.93,18.77,17.40,17.40,17.47,18.07,18.07,18.07,18.07,18.30,18.30,18.57,18.57,17.93,17.93,17.80,18.17,18.57,18.27,17.60,17.43,17.87,17.93
17.83,17.93,18.13,18.07,18.13,17.97,18.77,17.97,18.77,18.60,18.50,18.50,18.50,19.30,20.07,20.50,20.50,21.00,21.50,21.77,21.80,22.20,22.23,22.33,22.50,22.50,22.47,21.67,22.10,22.10,21.93,21.63,21.00,21.00,20.67,20.77,20.57,20.47,19.97,19.97,19.93,19.80,19.13,19.80,19.87,19.97,19.97,20.60,20.60,20.97,22.10,24.77,25.07,25.93,26.63,27.27,27.57,28.30,28.50,28.60,28.67,29.50,29.97,30.80,30.93,31.20,31.20,31.20,31.33,31.27,31.37,31.40,30.80,31.27,31.03,31.03,30.90,30.67,31.03,30.70,30.93,30.67,30.67,29.83,29.43,29.10,28.77,28.70,27.87,27.87,27.80,28.23,28.57,29.10,29.27,29.27,30.00,29.67,29.67,29.00,28.70,26.83,26.17,25.53,22.73,22.50,21.90,21.07,20.13,19.57,19.57,18.80,18.50,18.50,18.17,18.17,17.80,18.30,18.43,18.27,18.37,18.33,18.37,18.13,18.00,18.47,18.83,18.47,18.60,18.57,18.57,18.03,17.93,18.03,18.40,18.60,18.77,18.93,18.77,18.00,18.03,18.17,18.17,18.23,18.37,18.40,18.67,18.77,18.77,18.57,17.93,17.93,17.93,18.30,18.30,18.27,17.43,17.43,18.03,18.03
17.53,17.87,18.13,18.13,18.77,18.00,18.77,17.97,18.97,18.10,18.30,18.30,18.30,18.40,19.27,20.07,20.37,20.53,21.53,21.77,21.80,22.20,22.33,22.10,22.10,22.10,22.20,21.63,21.63,21.43,20.83,20.73,20.47,20.77,20.57,20.57,20.37,20.37,19.97,19.93,19.87,19.33,19.13,19.33,19.60,19.80,19.60,20.37,20.60,20.97,22.10,23.77,25.87,25.93,26.23,26.83,27.47,28.30,28.50,28.60,28.83,29.57,30.00,30.27,30.30,31.00,31.20,31.27,31.27,31.27,31.40,31.40,30.80,30.70,30.90,30.90,30.73,30.67,31.17,30.93,31.17,30.93,30.77,29.83,29.43,28.77,28.57,28.53,27.57,27.37,27.27,27.80,27.83,28.77,29.17,29.20,29.80,30.03,29.80,29.03,28.70,28.40,26.77,25.80,24.60,22.73,22.40,21.07,20.37,19.73,19.57,19.47,18.50,18.17,18.80,18.80,18.43,18.43,18.43,18.27,18.27,18.33,18.37,18.33,17.83,18.47,18.47,18.47,18.17,18.40,18.20,18.20,18.20,18.47,18.47,18.50,18.77,18.77,18.07,18.00,18.03,18.03,18.17,18.43,18.63,18.67,18.87,18.87,18.57,18.27,17.80,17.70,17.17,17.23,18.27,18.37,18.20,18.20,17.90,17.83
17.53,17.87,18.27,18.27,18.33,18.00,18.07,17.87,18.60,18.60,18.43,18.37,18.37,18.37,19.03,19.30,20.07,20.37,20.53,21.27,21.80,21.80,21.63,21.40,21.23,21.13,21.13,21.13,20.90,20.70,20.70,20.73,20.73,20.77,20.17,19.57,19.57,19.67,19.70,19.70,19.33,19.13,19.13,19.33,19.47,19.80,20.10,20.10,20.43,21.40,22.10,23.77,25.73,25.87,26.23,26.63,27.37,28.30,28.70,28.70,28.70,29.57,30.00,30.03,30.00,31.00,31.10,31.20,31.20,31.27,31.40,31.50,30.73,30.73,30.70,30.57,30.33,30.33,30.67,30.67,30.70,30.70,30.53,29.73,29.43,29.10,28.57,28.20,27.23,26.47,26.37,27.27,27.53,28.07,28.80,29.20,29.27,29.80,29.03,28.87,28.70,28.40,27.70,26.77,25.37,23.80,22.40,21.80,20.90,20.37,19.73,19.57,18.77,18.50,18.87,18.80,18.43,17.73,17.80,17.80,17.80,17.70,17.60,17.63,18.07,18.47,18.30,18.17,18.03,17.83,18.57,18.20,18.47,18.17,18.47,18.17,18.47,18.07,18.17,18.17,18.43,18.43,18.60,18.63,18.63,18.90,19.10,19.10,18.97,18.43,18.43,17.70,18.30,18.20,18.30,18.37,18.33,18.73,18.03,17.83
17.87,18.10,18.27,18.37,18.27,18.00,17.63,17.63,18.50,18.50,18.43,18.50,18.50,18.50,19.03,19.07,19.23,18.83,19.33,20.53,21.27,21.27,21.23,21.17,21.17,21.13,21.13,20.60,20.60,20.60,20.60,20.57,20.03,20.00,19.57,19.57,19.43,19.07,19.43,18.97,18.97,19.13,19.33,19.33,19.13,19.60,20.03,20.10,20.93,21.67,22.80,24.03,25.70,25.77,25.77,26.47,27.47,28.70,28.83,29.10,28.83,29.43,30.00,30.03,30.10,30.53,31.00,31.10,31.10,31.20,30.90,30.90,30.33,30.47,30.47,30.43,30.43,30.43,30.83,30.60,30.60,30.47,30.03,29.73,29.33,28.83,28.20,28.10,26.37,26.17,25.80,25.80,26.37,27.47,27.47,29.20,29.53,29.53,29.03,28.87,28.57,28.80,28.37,27.70,26.70,25.13,23.80,23.47,21.80,20.60,20.03,19.73,19.47,18.97,18.93,18.80,18.30,17.73,17.80,17.80,17.80,17.60,17.60,18.47,18.47,18.47,18.30,18.40,18.03,18.00,18.00,17.77,17.77,17.53,18.47,18.00,18.00,17.73,18.00,17.73,18.00,17.77,18.60,18.40,18.80,18.97,18.97,18.97,18.50,18.43,18.43,18.20,18.20,18.10,18.20,18.37,18.37,18.67,17.90,17.80
18.10,18.10,17.93,17.93,18.07,17.60,17.60,17.60,18.50,18.50,18.60,18.50,18.50,18.50,18.60,19.03,18.70,18.70,18.83,19.23,19.33,19.67,19.67,19.97,21.13,21.13,20.03,20.03,20.03,20.03,20.57,19.97,19.73,19.73,19.40,19.57,19.07,18.93,18.93,18.63,18.60,18.63,18.77,19.07,18.90,19.60,20.03,20.43,21.00,22.47,22.80,24.10,25.10,25.77,25.73,26.50,26.90,28.43,28.43,28.80,28.70,29.07,29.80,30.03,30.17,30.43,30.53,30.87,30.63,31.03,30.63,30.67,30.30,30.30,30.47,30.43,30.53,30.43,30.67,30.60,30.60,30.03,29.23,29.60,29.23,29.07,28.20,27.43,26.17,25.53,25.67,25.53,25.67,26.13,26.40,27.17,29.03,29.03,28.87,28.87,28.87,28.80,28.20,27.97,27.70,26.47,25.13,23.83,22.17,20.60,20.37,20.03,19.73,20.03,18.93,18.93,18.30,18.00,17.90,17.90,18.03,18.03,18.03,18.03,18.47,18.47,18.07,17.90,17.83,17.83,18.00,18.00,18.00,17.77,18.00,17.77,18.00,17.73,17.93,17.93,18.17,18.87,18.53,18.53,18.73,18.77,18.77,18.50,18.33,18.33,18.30,18.20,18.20,18.20,18.20,18.33,18.67,18.67,18.07,18.00
18.10,17.53,17.63,17.63,17.93,17.60,18.53,18.03,18.53,18.03,18.03,18.00,18.03,18.10,18.47,18.60,18.60,18.80,18.83,19.20,19.23,19.00,19.33,19.97,20.27,19.60,19.60,20.00,20.00,20.00,19.47,19.77,19.47,19.73,19.17,19.10,18.90,18.80,18.33,18.33,18.13,18.63,18.73,18.90,18.83,19.40,19.70,20.77,21.00,21.53,22.73,24.10,25.00,25.47,25.47,26.70,27.30,27.63,27.50,28.43,28.80,29.13,29.70,30.17,30.27,30.57,30.53,30.60,30.60,30.83,30.67,30.30,29.93,30.10,30.17,30.33,30.43,30.43,30.60,30.60,30.60,30.03,29.67,30.03,29.87,29.07,28.47,27.23,25.83,25.43,25.03,24.60,24.40,24.77,26.00,26.13,26.80,28.20,28.57,29.00,29.00,28.80,28.37,27.97,27.63,27.10,26.37,24.63,23.50,22.07,20.60,20.60,20.23,20.23,20.03,19.07,18.63,18.33,18.00,18.00,18.57,18.57,18.47,18.03,18.03,18.47,17.93,17.83,17.77,17.83,18.00,18.00,17.77,17.77,17.83,18.03,17.83,17.93,17.93,17.93,18.13,18.03,18.17,18.53,18.73,18.77,18.33,18.17,18.17,18.00,18.13,18.20,18.20,18.10,17.73,17.93,17.93,18.00,17.80,17.80
17.53,17.20,17.20,17.47,18.57,18.00,18.53,18.00,18.53,18.00,18.00,17.93,17.90,17.80,18.07,18.07,18.07,18.53,19.00,19.00,19.00,18.70,19.00,19.30,19.60,19.53,18.97,18.97,18.40,18.33,18.40,19.70,19.47,19.17,19.10,19.10,18.80,18.73,18.47,18.23,17.70,18.13,18.20,18.93,19.33,19.70,20.73,20.90,20.90,21.40,22.47,24.37,25.00,25.47,26.50,26.90,26.93,27.30,27.33,27.57,28.27,29.07,29.20,30.27,30.27,30.80,30.23,30.80,30.03,30.83,29.93,29.90,29.90,30.17,30.33,30.33,30.33,29.77,29.87,30.37,30.47,30.23,29.67,29.97,29.87,29.20,28.63,27.23,25.83,25.53,24.60,24.40,23.43,23.43,23.70,23.97,25.50,26.30,27.93,28.53,28.53,28.17,27.80,27.97,27.70,27.97,27.10,25.70,23.50,22.93,21.97,20.90,20.40,20.10,19.07,19.07,18.83,18.33,18.33,18.50,18.57,18.50,18.30,18.03,17.80,17.77,17.77,17.83,17.77,17.83,17.93,18.00,18.00,18.00,17.77,18.03,17.83,17.97,17.97,18.13,18.20,18.27,18.17,18.53,18.73,18.77,18.33,18.00,18.00,17.93,17.93,18.10,18.10,18.23,17.73,18.07,17.57,18.00,18.00,18.07
17.47,17.20,17.67,17.67,18.53,18.00,18.33,18.00,18.07,18.07,18.07,18.03,18.03,18.07,18.07,18.07,18.27,18.53,19.00,18.90,18.90,18.90,18.97,19.50,19.50,19.50,19.40,18.97,18.20,18.03,18.33,18.47,19.17,18.47,19.10,18.57,18.57,18.53,18.23,18.17,17.93,18.80,18.93,19.33,19.33,19.40,20.50,20.73,20.90,21.40,22.70,24.17,24.50,25.03,25.93,26.70,26.70,26.97,27.10,27.23,27.43,28.27,29.10,29.70,30.33,30.80,30.40,30.80,30.67,30.80,29.73,29.73,29.60,29.90,30.00,30.00,29.30,29.67,29.87,30.37,30.70,30.37,30.23,29.97,29.73,28.73,28.57,26.83,26.00,25.57,24.57,23.43,22.93,22.83,22.73,22.73,23.97,25.00,26.30,26.97,27.17,27.80,27.70,27.70,27.63,28.07,27.67,26.30,25.20,23.50,22.93,22.00,20.90,20.23,19.63,19.07,18.93,18.33,18.33,18.50,18.57,18.57,18.13,18.03,17.80,17.97,18.33,18.33,18.33,17.63,17.93,17.93,18.07,18.17,18.17,18.17,17.83,17.97,18.03,18.07,18.03,17.93,17.93,18.00,17.87,18.70,18.47,18.27,18.17,17.97,17.93,17.37,18.10,18.07,17.73,17.37,18.07,18.07,17.80,17.80
16.77,17.13,17.67,17.67,18.03,18.33,18.57,18.30,18.07,18.20,18.07,18.80,18.13,18.13,18.10,18.07,18.27,18.97,19.00,18.97,18.90,18.90,18.90,18.93,18.93,19.00,19.40,18.97,18.00,17.73,18.47,18.33,18.33,18.33,18.33,18.53,18.53,18.53,18.20,18.17,17.93,18.80,18.97,19.33,19.43,20.50,20.73,20.77,20.90,21.30,23.00,24.37,24.93,25.53,25.93,26.37,26.37,26.93,27.10,27.23,27.23,27.97,28.23,28.77,29.10,30.33,30.33,30.80,30.67,30.80,30.23,29.77,29.73,29.77,29.63,29.63,29.30,29.53,29.73,30.07,30.77,30.23,30.23,29.93,29.97,29.67,28.63,27.97,26.37,25.57,23.73,23.43,22.83,22.13,22.13,22.33,22.67,23.70,24.80,25.10,26.17,26.97,27.50,27.50,27.70,28.07,27.67,27.17,25.93,25.10,23.27,22.47,22.00,20.57,19.93,19.93,19.07,18.67,18.57,18.50,18.50,18.13,18.13,18.03,18.13,18.13,18.13,18.13,18.80,18.70,18.57,18.07,18.17,18.37,18.17,18.17,17.97,18.03,18.03,18.03,17.73,17.80,17.93,18.00,18.00,18.10,18.47,18.27,18.27,17.93,17.90,17.90,18.07,18.10,18.40,18.43,18.53,18.57,18.57,17.70
16.77,17.67,18.20,18.03,17.90,17.90,17.93,18.30,18.20,18.30,18.60,18.70,18.70,18.10,17.93,17.90,17.93,18.27,19.00,18.90,18.90,18.90,18.93,18.93,18.93,18.37,19.40,19.40,19.07,18.37,18.37,17.80,17.83,18.33,18.33,18.00,17.67,17.77,18.17,18.17,18.17,18.80,19.07,19.33,19.43,20.63,20.63,20.77,20.97,22.00,23.20,24.37,25.07,25.43,25.43,25.83,26.03,26.70,26.97,27.10,27.17,27.93,27.97,28.40,28.77,30.33,30.33,30.97,30.77,30.80,30.33,29.80,29.57,29.63,29.57,29.50,29.30,29.30,29.63,29.93,30.77,30.37,30.37,29.93,29.73,29.50,28.70,28.23,26.47,25.57,23.53,23.43,22.77,22.23,22.13,22.00,21.93,21.37,23.03,23.63,25.10,26.17,26.63,26.87,26.87,27.53,27.50,27.07,26.77,26.20,25.20,22.87,22.27,21.17,20.57,19.97,19.70,19.50,18.87,18.57,18.57,17.83,18.27,18.17,18.17,18.17,18.17,18.13,18.17,17.97,18.70,18.57,18.57,18.73,18.37,18.27,18.27,18.07,18.03,17.80,17.73,17.93,18.10,18.00,18.00,17.87,18.70,18.70,18.73,18.13,17.73,17.73,18.03,18.40,18.53,18.53,18.63,18.37,18.07,17.70
17.10,17.30,17.90,17.90,17.80,17.63,17.93,18.30,18.30,18.27,18.27,18.27,18.37,17.90,17.90,17.60,17.77,17.77,19.00,18.90,18.70,18.70,18.83,18.93,18.37,18.13,19.37,19.40,18.47,17.77,18.37,17.77,18.33,18.33,18.67,17.67,17.67,17.57,17.83,18.07,18.07,18.83,18.97,19.33,19.80,20.63,21.03,21.03,21.03,22.17,23.20,25.07,25.43,25.77,25.43,25.70,25.73,26.30,26.97,26.97,27.00,27.90,27.90,28.20,28.47,28.83,29.70,30.40,30.30,30.40,30.23,29.77,29.50,29.40,29.50,29.50,29.40,28.87,29.47,29.73,29.97,30.07,30.10,29.80,29.50,29.50,28.70,28.43,27.57,26.13,23.53,23.43,22.73,22.13,22.13,22.00,21.73,21.30,21.30,22.87,23.53,24.90,25.27,26.63,26.27,26.70,27.07,27.17,26.83,26.33,25.90,24.47,22.80,22.00,20.73,20.57,20.10,20.10,19.67,19.40,18.60,18.27,18.30,18.27,18.30,18.30,18.13,18.13,18.17,18.70,18.70,18.23,18.20,18.50,18.20,18.20,18.20,18.07,17.73,17.70,17.70,18.10,18.10,18.10,18.10,18.10,18.73,18.73,18.70,18.13,18.03,18.03,18.33,18.43,18.43,18.53,18.53,18.43,18.20,17.73
17.30,17.83,18.03,18.57,18.57,17.80,17.93,18.13,18.63,18.17,18.43,17.97,17.43,17.37,17.43,17.80,17.80,17.77,18.90,18.07,18.30,18.20,18.83,18.93,18.83,18.43,18.43,18.43,18.13,18.13,18.13,17.83,17.83,17.83,18.70,17.47,17.77,17.57,17.80,18.17,18.83,19.07,19.63,19.87,19.87,20.43,20.63,21.03,21.43,22.17,23.20,24.40,25.33,25.43,25.33,25.50,25.50,26.03,26.63,26.67,26.63,26.67,27.13,27.83,28.17,28.60,29.60,30.40,30.33,30.30,29.87,29.80,29.73,29.40,29.50,29.17,28.70,28.03,28.57,29.47,29.93,29.97,30.10,29.50,29.23,29.13,28.70,28.47,27.57,25.83,23.50,23.43,22.77,22.23,22.00,21.73,21.37,20.57,20.67,20.80,22.03,22.43,24.77,25.20,25.60,26.27,26.70,27.07,26.77,26.33,25.97,25.83,24.27,22.27,21.10,20.23,20.23,20.23,20.10,19.67,19.03,18.27,18.27,18.27,18.30,18.80,18.17,18.57,18.17,18.70,18.23,18.13,18.13,18.20,18.20,18.20,18.20,17.93,17.73,18.07,18.07,18.07,18.03,18.03,18.17,17.83,18.43,18.73,18.70,18.70,18.13,17.90,18.20,18.43,18.53,18.90,18.90,18.43,18.43,18.07
17.17,17.17,17.83,17.90,18.30,18.30,18.63,18.13,18.07,17.97,18.07,17.97,18.20,18.13,18.37,18.13,18.37,17.80,19.10,18.07,18.30,18.07,18.70,18.87,18.77,18.67,18.43,18.33,18.13,17.77,17.97,17.87,17.97,17.87,18.27,18.53,18.53,17.77,17.80,17.83,17.93,19.17,19.87,20.13,19.87,20.13,20.17,20.80,21.70,22.70,23.80,24.40,24.67,25.33,25.33,25.50,25.37,25.87,26.03,26.23,25.97,26.23,26.63,27.13,27.70,28.47,29.60,29.93,30.30,30.07,29.87,29.87,29.73,29.40,29.40,28.60,28.03,27.97,28.10,28.87,29.63,29.97,30.10,29.83,29.50,29.50,29.10,28.67,28.33,26.67,25.20,23.47,23.30,22.03,21.93,21.73,20.87,20.47,20.57,20.80,21.23,22.17,22.60,24.07,24.47,25.30,26.13,26.53,26.47,26.23,25.97,25.83,25.33,23.13,22.27,21.13,20.83,20.67,20.23,20.10,19.70,19.03,18.27,18.27,18.03,18.57,18.30,18.67,18.20,18.80,18.13,18.13,17.97,18.17,18.20,18.20,18.17,17.97,17.97,18.23,18.07,18.07,18.00,17.87,18.03,18.43,18.43,18.30,18.70,18.70,18.70,18.33,18.20,18.40,18.40,19.03,18.43,18.43,18.33,17.73
18.37,17.93,18.03,18.03,18.47,18.67,18.63,18.57,18.13,18.07,18.07,18.07,18.20,18.37,18.37,18.37,18.37,18.47,18.90,18.90,18.07,18.07,18.30,18.77,18.67,18.67,18.37,18.37,18.33,18.20,18.13,17.87,17.97,18.03,18.07,18.57,18.57,18.17,18.17,18.17,18.30,18.67,19.87,20.13,19.87,19.83,19.83,20.13,21.70,23.27,24.30,25.00,24.83,25.10,25.07,25.33,25.37,26.27,25.97,25.97,25.70,25.80,26.03,26.83,27.70,28.40,29.67,29.83,29.67,29.93,30.00,30.07,29.83,29.73,29.23,28.60,28.57,27.97,27.87,28.43,29.23,29.83,29.90,29.50,29.37,29.53,29.10,29.03,28.37,26.70,25.30,24.20,23.30,22.20,22.03,21.93,20.87,20.43,20.43,20.80,21.03,21.63,21.67,22.60,23.93,24.47,25.30,25.73,26.23,26.00,26.20,25.83,25.43,24.27,22.80,22.27,21.13,21.10,20.67,19.77,19.70,19.47,18.13,18.10,18.03,18.57,18.57,18.67,18.20,18.27,18.17,18.37,17.97,18.13,18.17,18.17,18.17,18.20,18.30,18.23,18.07,18.00,18.00,17.67,18.17,18.43,18.60,18.60,18.73,18.73,18.70,17.90,17.67,17.67,17.83,18.90,18.43,18.60,18.43,17.73
18.37,17.77,17.93,17.93,18.23,18.30,18.30,17.90,17.63,17.60,18.07,18.20,18.60,18.60,18.37,18.37,18.37,18.30,18.47,19.10,19.10,18.93,18.40,18.73,18.23,18.23,18.23,18.37,18.37,18.20,18.20,17.97,18.07,18.07,18.57,18.63,18.63,18.53,18.30,18.07,18.30,18.67,19.67,20.37,20.37,19.83,20.10,21.63,22.60,23.27,24.30,25.00,25.10,25.77,25.07,25.07,25.73,26.10,26.00,25.73,25.13,25.17,25.80,26.03,26.47,27.87,29.67,29.83,29.93,29.93,30.00,29.73,29.23,29.13,29.07,28.60,28.40,27.70,27.67,27.87,28.43,29.50,29.50,29.50,29.37,29.53,28.97,28.83,28.30,26.90,25.90,24.67,23.50,22.30,22.20,21.33,20.87,20.63,20.63,19.97,20.53,20.80,20.80,21.77,22.10,23.93,25.07,25.57,25.93,25.93,26.00,26.00,26.00,25.43,24.10,22.27,21.70,21.13,20.83,20.17,19.80,19.47,19.47,18.87,18.37,18.37,18.67,18.53,18.27,18.30,18.30,18.37,17.97,18.13,18.13,17.73,17.97,18.23,18.43,18.50,18.33,18.33,18.17,18.17,18.83,18.83,18.83,18.43,18.73,18.73,18.97,17.90,17.93,17.93,17.83,18.20,18.33,18.73,18.33,17.43
17.57,17.77,18.10,18.10,18.23,18.23,18.23,17.90,17.90,17.63,18.07,18.07,18.60,18.60,18.60,18.40,18.40,18.40,18.47,19.40,19.40,18.93,18.50,18.50,17.93,18.33,18.37,18.67,18.47,18.20,18.47,18.10,18.03,17.57,18.07,18.63,18.63,18.63,18.60,18.43,18.63,18.63,19.63,20.37,20.83,20.37,20.37,21.63,22.33,23.27,24.27,25.00,25.77,26.00,25.03,25.03,26.00,26.27,26.00,25.77,25.13,25.17,25.37,26.03,26.03,27.87,28.40,29.67,29.67,29.37,29.17,29.13,29.13,28.67,28.67,28.50,28.33,27.67,27.03,27.03,27.37,29.33,29.37,29.33,29.10,29.03,28.70,28.83,28.30,27.40,26.03,24.83,23.77,22.30,22.20,21.90,20.67,20.63,20.63,19.93,19.97,19.93,19.93,20.80,21.60,22.10,24.70,25.07,25.57,25.93,25.93,26.00,25.53,24.70,24.10,22.87,22.10,21.70,21.13,20.83,20.07,19.67,19.63,18.87,18.83,18.30,18.37,18.27,18.30,18.53,18.37,18.37,17.87,18.13,18.13,18.13,18.03,18.20,18.43,18.50,18.00,17.80,18.00,18.17,18.83,18.60,18.60,18.60,18.83,18.73,17.90,17.87,17.87,17.97,17.97,18.20,18.60,18.73,18.63,17.43
18.67,18.10,18.10,18.10,18.23,18.30,18.30,18.20,18.20,18.20,18.23,17.87,18.10,17.97,18.10,18.40,18.40,18.30,18.43,19.17,19.53,18.93,18.53,17.93,17.83,18.07,18.37,18.50,18.50,18.17,18.20,18.30,18.30,17.83,17.83,18.63,18.67,18.63,19.13,18.23,18.90,18.63,19.67,20.07,20.83,20.57,21.53,21.63,22.27,22.93,23.70,24.57,25.47,25.77,25.03,25.03,26.00,26.10,26.00,25.63,25.13,25.13,25.17,25.37,25.37,26.23,27.50,28.63,28.87,28.73,28.60,28.73,28.77,28.40,28.40,28.40,28.27,27.00,27.00,26.73,27.03,27.83,29.03,29.10,29.03,29.03,28.80,28.47,27.87,26.90,25.93,25.63,23.77,22.53,21.43,21.20,20.77,20.67,20.67,19.83,19.93,19.93,19.47,20.13,20.30,21.53,22.73,24.13,24.90,24.90,25.33,25.30,25.30,24.57,23.97,23.17,22.87,21.70,21.37,20.77,20.43,20.03,19.47,18.70,18.83,18.30,18.70,18.17,18.53,18.53,18.73,17.87,17.87,17.93,18.43,18.40,18.13,18.20,18.50,18.63,17.90,17.80,18.17,18.60,18.47,18.47,18.43,18.47,18.87,18.87,18.77,17.87,18.30,18.37,18.70,18.70,18.63,19.03,18.83,17.90
17.37,17.83,18.10,18.17,18.60,18.87,17.83,18.20,18.30,18.30,18.23,17.97,18.10,18.10,18.67,18.40,18.30,18.40,18.80,19.07,18.63,18.43,18.43,17.97,18.37,18.37,18.67,18.67,18.50,18.20,18.17,18.10,17.67,17.60,17.67,18.13,18.60,18.60,18.57,18.23,18.90,18.90,19.80,20.07,19.93,20.07,20.63,21.53,22.33,23.23,23.70,25.13,25.47,24.97,24.90,24.87,25.23,26.40,26.40,25.63,25.13,25.13,25.13,25.13,24.87,25.77,27.10,27.57,28.00,28.57,28.03,28.57,27.57,28.13,28.37,28.37,27.27,26.70,26.37,26.03,26.10,27.37,28.27,28.60,28.63,28.80,28.63,27.80,27.70,27.33,25.93,25.00,23.80,22.87,22.43,21.90,20.80,20.67,20.33,19.83,19.83,19.47,19.30,19.47,19.93,20.30,21.10,23.07,23.20,24.13,24.90,24.67,24.17,23.97,23.97,23.27,23.17,22.30,22.13,20.77,20.57,20.03,19.63,19.13,19.13,18.43,19.03,18.70,18.77,18.17,18.27,17.50,17.93,18.10,18.43,18.13,18.40,18.13,18.20,17.73,17.63,17.63,18.23,18.57,18.57,18.47,18.27,18.87,18.87,18.87,18.00,18.00,17.97,18.30,18.80,18.17,18.03,18.63,18.63,17.90
17.83,17.83,17.83,17.63,18.73,18.87,18.73,18.20,18.73,18.70,18.43,18.20,18.10,18.10,18.10,17.90,17.73,17.87,18.43,19.07,18.57,18.43,18.50,18.57,18.50,18.57,18.67,18.67,18.17,18.17,18.10,18.30,17.83,17.83,17.67,18.13,18.57,18.53,18.53,17.93,18.93,19.80,20.10,20.37,20.67,20.63,21.13,21.60,22.67,23.73,24.37,24.90,24.97,24.90,24.90,24.87,25.53,25.53,25.63,25.03,24.20,24.17,24.53,24.53,25.20,25.77,26.73,27.43,27.50,27.67,27.67,28.57,28.37,28.37,27.70,27.70,27.13,26.57,25.50,25.33,25.40,26.10,28.03,28.43,28.60,28.60,28.70,27.70,27.60,26.90,25.93,25.53,23.80,22.93,22.53,21.30,21.27,20.80,20.33,19.73,20.20,19.70,19.47,19.30,18.70,19.80,20.20,21.03,21.60,23.07,23.43,23.50,23.97,23.50,23.27,23.27,23.27,22.30,21.77,21.37,20.57,19.83,19.47,19.13,19.13,18.70,19.03,18.70,18.33,18.17,18.27,17.93,17.93,18.07,18.40,18.40,18.43,18.47,18.50,18.47,17.97,17.97,18.43,18.47,18.53,18.53,18.47,18.77,18.47,18.77,18.50,18.00,18.50,18.70,18.80,18.70,18.03,18.17,17.90,17.80
17.83,17.27,17.47,17.47,18.60,18.73,18.00,18.00,18.43,18.43,18.40,17.97,18.20,18.33,18.30,18.17,17.80,18.00,18.87,19.07,18.87,18.57,18.57,18.57,18.57,19.20,19.17,19.17,18.13,18.33,18.10,17.80,17.80,17.67,17.33,17.33,18.47,18.27,17.93,17.93,18.93,19.80,20.53,20.57,20.67,20.83,20.93,21.13,23.23,23.83,24.37,24.90,25.13,24.90,24.93,24.93,25.23,25.23,25.03,24.43,24.17,23.80,24.17,24.17,25.20,25.20,26.53,27.27,27.30,27.43,28.43,28.47,28.37,28.13,27.47,27.47,27.13,26.03,25.50,25.20,25.33,25.83,27.77,28.27,28.43,28.43,28.70,27.70,27.37,27.33,26.17,25.53,24.67,23.57,22.93,21.93,21.27,20.83,20.83,20.33,20.20,19.30,19.30,18.80,18.67,18.80,19.80,19.93,21.03,21.60,22.83,23.00,23.00,23.00,23.20,23.20,22.80,22.30,21.77,20.93,20.57,20.13,19.63,19.33,19.13,19.00,18.10,18.10,18.13,18.03,18.13,17.23,17.50,18.07,18.37,18.40,18.47,18.47,18.40,17.87,17.97,18.10,18.10,18.10,18.53,18.57,18.63,18.67,18.13,18.13,18.13,18.03,18.50,18.03,18.90,18.70,18.17,18.03,17.83,17.80
18.07,18.07,18.07,17.80,18.50,18.50,18.43,18.43,18.43,18.40,18.40,17.73,18.13,18.17,18.17,18.00,17.87,18.00,18.70,18.70,18.73,18.57,18.57,18.60,18.83,19.20,19.07,19.07,18.60,18.33,18.23,18.17,17.90,17.90,17.90,18.20,18.20,18.27,17.93,18.33,18.73,18.77,20.10,20.53,20.57,20.93,21.03,21.60,23.73,24.37,25.03,24.90,24.90,24.87,24.93,25.37,25.23,25.20,24.43,24.43,24.33,24.17,24.80,24.83,24.90,24.90,25.93,26.53,27.27,27.27,28.10,28.37,28.37,27.30,26.77,26.77,26.20,26.00,25.33,25.33,25.33,25.83,27.47,27.90,28.30,28.43,28.70,28.23,27.37,26.57,26.30,25.63,24.90,23.97,22.97,22.27,21.50,21.27,20.77,20.10,20.10,19.80,19.73,18.80,18.67,18.77,18.77,19.40,20.03,20.60,21.67,22.83,22.83,23.00,23.03,22.80,22.77,22.33,21.77,21.47,21.20,20.30,20.00,19.40,19.03,18.80,18.03,18.10,18.13,18.30,18.57,18.33,18.33,18.07,18.37,18.37,18.40,18.47,18.40,18.47,17.97,18.23,18.10,18.10,18.10,18.53,18.67,18.40,18.17,18.13,18.70,18.50,18.70,18.17,18.70,18.70,18.83,17.87,17.83,17.83
18.00,18.07,18.07,18.57,17.80,18.10,18.43,18.57,19.03,18.40,18.40,17.67,18.13,18.13,18.33,18.00,18.23,18.43,18.83,18.70,18.73,17.87,18.50,18.50,18.60,18.90,18.90,18.80,18.70,18.47,18.23,17.80,17.90,18.20,18.20,18.23,18.20,18.27,18.60,19.03,18.77,18.87,20.33,20.50,20.53,20.83,21.03,21.43,23.73,24.03,24.80,24.87,25.10,24.93,24.93,24.93,24.97,24.97,24.43,24.20,24.03,23.67,24.10,24.27,24.83,24.83,25.73,26.53,27.27,27.47,28.10,28.10,27.30,27.23,26.77,26.53,26.20,26.00,25.30,24.73,24.67,25.23,26.53,27.77,28.10,28.30,28.17,27.97,27.20,27.07,26.30,25.63,25.03,24.13,23.23,22.53,21.53,20.90,20.90,20.77,20.10,20.03,19.80,19.73,18.80,18.77,18.77,18.77,19.07,19.33,20.53,21.23,21.50,21.30,21.50,22.33,22.37,22.23,21.60,21.20,21.20,20.43,20.17,19.90,19.00,18.93,18.10,18.10,18.10,18.57,18.57,17.83,17.83,18.23,18.37,18.37,18.40,18.57,18.40,18.07,17.87,18.23,18.23,18.10,18.53,18.20,18.40,18.13,18.10,17.90,18.10,18.03,18.53,18.17,18.40,17.93,18.00,17.93,17.87,17.87
18.00,18.77,18.77,18.77,17.80,18.10,18.50,18.73,19.03,18.93,18.53,18.13,18.13,18.00,18.13,17.97,18.50,18.23,18.83,18.10,18.10,17.77,18.30,18.30,18.53,18.53,18.90,19.00,18.83,18.70,18.70,18.17,18.20,18.20,18.20,18.83,18.60,18.83,18.93,18.93,18.87,18.93,19.80,20.47,20.53,21.23,21.40,23.27,24.57,24.67,24.77,24.87,24.93,24.97,24.97,25.37,25.30,25.23,24.43,24.20,23.93,23.80,24.00,24.10,24.10,24.27,24.90,25.93,27.47,27.47,27.60,27.30,27.30,26.93,26.67,26.20,26.00,25.53,25.03,24.73,24.60,24.97,25.97,27.50,27.70,28.17,28.30,28.30,27.20,27.07,26.30,25.63,25.23,24.13,23.87,22.57,21.63,21.53,20.90,20.73,20.13,20.10,19.80,19.80,19.47,18.77,18.97,18.77,19.07,18.97,19.33,20.53,20.87,20.87,21.27,21.30,21.47,21.87,21.50,21.23,21.20,21.00,20.17,19.67,19.07,18.93,18.50,18.53,18.30,18.63,19.10,18.67,17.83,18.07,18.10,18.17,18.17,19.13,18.40,18.67,17.87,18.30,18.30,18.33,18.93,18.53,18.20,17.73,17.73,17.67,18.10,18.17,18.53,18.50,18.40,18.30,18.00,18.40,18.10,18.10
18.00,18.00,17.97,18.13,18.13,18.73,18.73,18.73,18.83,18.83,18.43,17.93,17.93,17.40,17.57,17.70,18.23,18.23,18.83,18.30,19.17,17.97,18.50,18.30,18.50,18.33,18.53,18.60,18.70,18.17,18.27,18.20,18.20,18.10,18.10,18.23,18.60,18.60,18.93,18.93,18.93,19.60,19.87,20.47,20.67,21.23,21.40,22.57,24.03,24.03,24.03,24.67,24.97,25.37,25.40,25.40,25.30,25.10,24.40,23.80,23.67,23.60,23.60,23.60,23.77,24.10,24.43,25.87,27.03,27.27,27.27,27.27,27.17,26.93,26.53,26.53,26.27,25.37,24.93,24.77,24.47,24.77,25.80,27.20,27.53,27.97,27.97,27.83,27.23,27.10,26.53,25.83,25.37,24.17,24.00,22.53,21.77,21.60,21.87,20.73,20.20,19.93,19.83,19.83,19.20,18.57,18.57,18.07,18.27,18.27,18.30,18.53,20.03,20.33,20.60,21.10,21.37,21.37,21.37,21.23,21.17,20.80,20.03,19.67,19.67,19.13,18.53,18.57,18.17,18.63,18.63,18.63,17.53,18.07,18.07,18.63,18.40,18.87,18.40,18.40,17.87,17.67,17.73,18.53,18.93,18.63,18.20,17.93,17.73,17.60,17.90,18.03,18.50,18.50,18.50,18.40,18.40,18.53,18.10,17.87
18.07,17.97,17.97,18.13,18.60,18.73,18.73,18.13,17.83,17.93,17.93,17.93,17.50,17.07,17.40,17.70,18.23,17.90,18.43,18.30,19.07,18.13,18.77,18.30,18.30,18.30,18.60,18.70,18.67,18.17,18.27,18.27,17.47,17.47,17.47,18.10,18.40,18.40,18.40,18.73,18.93,19.60,19.83,20.57,20.63,21.23,21.23,23.37,23.90,24.03,23.57,24.60,24.93,25.13,25.47,25.50,25.40,25.10,23.90,23.27,23.10,23.27,23.60,23.60,23.60,24.03,24.43,25.40,26.47,27.17,27.27,27.27,26.83,26.30,26.17,26.17,25.43,25.37,25.03,24.80,24.23,24.47,24.83,26.33,27.50,27.53,27.50,27.23,27.13,26.67,26.57,26.13,25.83,24.30,24.00,22.40,21.63,21.57,21.63,20.73,20.73,19.93,19.47,19.73,19.10,18.87,18.33,18.07,18.20,18.27,18.27,18.30,18.90,19.27,20.03,19.83,20.00,20.27,21.20,21.00,20.80,20.50,19.80,19.67,19.67,19.00,18.77,18.77,18.57,18.57,18.03,18.63,17.73,18.07,17.97,18.10,18.40,18.40,18.40,18.40,18.40,17.67,17.73,18.33,19.07,18.63,18.63,18.63,18.83,17.87,17.87,18.23,18.50,18.50,18.57,19.03,19.37,18.70,18.27,18.10
17.57,17.80,17.97,18.13,18.60,18.13,18.13,17.63,17.43,17.43,17.93,18.37,18.37,18.37,18.23,17.90,18.23,18.23,18.43,18.70,18.70,18.40,18.77,18.77,18.30,18.30,18.33,18.33,18.20,18.17,18.20,18.00,17.87,17.47,17.47,17.97,17.97,18.13,18.23,18.73,18.93,19.77,19.83,20.40,20.40,20.73,21.00,23.37,23.70,23.53,23.53,24.60,25.13,25.37,25.47,25.47,25.10,24.90,23.50,23.17,23.10,23.10,23.10,22.90,22.93,23.63,24.43,25.40,26.33,27.03,27.03,26.83,26.70,26.70,26.53,26.20,26.20,25.87,24.93,24.27,24.13,24.23,24.53,24.87,26.33,26.70,27.13,27.13,27.13,26.67,26.57,26.10,26.03,25.37,23.53,22.40,21.77,21.43,21.23,20.70,21.23,20.40,19.73,19.40,19.10,18.87,18.20,18.07,18.20,18.27,18.43,18.53,18.90,18.93,18.93,19.47,19.53,19.53,19.17,19.17,19.27,19.43,19.80,19.87,19.43,18.77,18.73,18.77,18.43,18.43,18.03,17.53,17.73,18.50,18.20,18.37,18.40,18.40,18.40,18.23,18.27,17.50,18.27,18.03,19.07,18.03,19.07,19.07,19.07,18.83,17.87,17.87,18.33,18.33,18.57,19.03,19.30,18.53,18.13,17.37
18.07,17.80,17.80,18.23,18.23,18.13,18.03,17.80,17.30,17.30,17.87,18.27,18.37,18.47,18.60,18.23,18.23,17.93,18.40,18.40,18.40,18.77,18.77,18.70,18.30,18.30,18.30,18.27,18.20,18.20,18.27,18.00,17.87,17.47,17.27,17.37,17.37,18.23,18.30,18.73,18.77,19.37,19.70,20.27,20.50,20.67,21.00,23.70,23.80,23.70,23.50,24.07,24.77,25.13,25.17,25.17,25.07,24.13,23.20,23.10,23.10,23.10,23.10,23.67,22.93,23.63,24.47,25.13,26.23,26.33,27.30,26.83,26.73,26.53,26.43,26.20,26.20,25.87,25.17,24.23,24.20,24.20,24.30,24.63,25.57,26.67,27.20,27.13,27.10,26.67,26.57,26.10,26.03,25.50,23.53,22.87,22.40,21.50,21.23,20.90,21.23,20.70,19.73,19.40,19.40,18.93,18.43,18.20,18.43,18.43,18.60,18.43,18.57,18.57,18.77,18.77,18.77,18.97,18.47,18.90,18.90,19.07,19.27,19.47,19.43,18.73,18.33,18.17,18.17,18.43,18.13,18.50,18.13,18.37,17.93,18.37,18.67,18.47,18.30,18.23,18.27,17.90,18.50,18.03,18.50,18.03,18.93,18.97,18.93,18.20,18.20,17.87,18.37,18.37,18.57,18.90,19.03,18.27,17.93,17.17
17.73,17.80,17.80,17.80,17.93,17.93,17.93,17.80,17.80,17.73,17.87,17.87,17.67,17.67,18.47,18.23,18.17,18.17,18.40,18.40,18.40,18.40,18.47,18.47,18.33,18.30,17.80,17.80,17.70,18.17,18.20,17.90,17.87,17.87,17.97,18.23,18.23,18.47,18.57,18.73,19.33,19.77,19.70,20.27,20.40,20.67,21.73,23.30,23.70,23.70,23.80,24.23,24.73,24.73,24.77,24.60,24.53,24.13,23.40,23.20,23.20,23.43,23.43,23.67,23.17,23.17,23.63,24.50,26.23,26.23,26.90,26.73,26.53,26.53,26.53,26.43,26.23,25.70,25.00,24.20,24.13,23.97,24.20,24.53,25.47,26.00,27.03,27.10,27.10,26.83,26.60,26.03,25.87,25.30,24.23,22.87,22.40,21.50,21.03,20.90,20.90,20.70,20.17,19.47,19.40,18.93,18.20,18.03,18.43,18.50,18.43,18.03,17.90,17.87,17.87,18.13,18.47,18.57,18.47,18.80,18.80,18.80,18.80,18.47,19.17,18.73,18.73,18.17,18.17,18.30,18.43,18.53,18.50,18.50,18.37,18.37,18.47,18.47,18.30,17.97,18.27,18.27,18.60,18.60,18.63,18.33,18.63,18.97,18.93,18.40,18.40,18.27,18.37,18.03,18.30,18.30,18.87,18.60,17.93,17.13
18.27,18.27,17.80,18.07,18.23,18.37,18.47,17.90,17.90,17.77,17.87,17.73,17.60,17.60,17.67,17.57,17.90,18.17,18.63,18.40,17.87,18.07,18.77,18.70,18.47,18.33,17.80,17.70,17.70,18.17,18.27,18.00,17.63,17.70,17.70,18.43,18.30,18.47,18.57,18.73,19.23,19.37,19.57,20.17,20.50,20.77,22.13,23.10,23.80,24.03,24.23,24.27,24.67,24.67,24.73,24.53,24.53,24.13,23.60,23.40,22.70,23.43,23.63,23.87,23.67,23.67,23.67,25.13,26.03,26.30,26.90,26.90,26.07,26.23,26.23,26.43,26.23,25.70,25.00,24.20,23.77,23.97,24.03,24.03,25.47,25.90,27.03,27.10,27.10,27.10,26.60,26.00,24.60,24.60,24.23,22.90,22.40,21.80,21.47,20.90,20.90,20.33,20.17,19.67,19.53,19.30,18.43,18.23,18.23,18.47,18.03,17.90,17.87,17.87,17.87,17.87,18.33,17.87,18.27,18.27,18.80,18.57,18.47,18.27,18.50,18.50,18.67,18.17,18.17,18.30,18.27,18.53,18.27,17.93,18.53,18.10,18.47,17.97,18.37,17.97,18.30,18.13,18.60,18.60,18.50,18.37,18.40,18.67,18.67,18.40,18.40,18.27,18.27,18.03,18.03,18.30,18.37,18.60,18.00,17.80
18.53,18.33,17.80,18.07,18.37,18.47,18.47,17.90,17.90,17.77,17.90,17.73,17.50,17.53,17.60,17.70,17.90,18.63,18.93,18.87,18.03,18.07,18.67,18.33,18.33,18.20,17.93,17.80,17.70,17.70,18.00,17.90,17.77,17.77,18.20,18.43,18.43,18.43,18.47,18.67,19.30,19.57,20.17,20.30,20.53,20.97,22.13,22.87,23.50,24.27,24.27,24.43,24.67,24.67,24.73,24.60,24.37,23.87,23.60,22.70,22.43,23.43,23.47,23.63,23.60,23.20,23.20,24.03,25.93,26.47,26.57,26.57,25.97,25.97,26.23,26.53,26.23,25.77,25.00,23.73,23.70,23.77,23.97,24.03,24.03,25.50,26.07,26.47,26.70,26.70,26.60,25.10,24.60,24.60,24.30,23.43,22.30,21.50,21.47,21.40,21.03,20.57,20.23,20.13,19.83,19.80,18.93,18.57,18.23,18.50,18.43,18.43,17.87,17.83,17.87,17.87,18.23,18.23,18.57,18.57,18.80,18.57,18.47,18.13,18.47,18.50,18.50,18.50,18.30,18.47,18.27,18.27,18.27,18.47,18.53,18.10,18.10,17.83,18.37,18.27,18.37,18.13,18.50,18.50,18.40,18.37,18.37,18.47,18.63,18.63,18.73,18.27,18.23,17.87,18.23,18.37,18.37,18.60,18.33,18.00
18.57,18.33,17.53,18.07,18.80,19.00,18.80,18.50,17.93,17.77,17.90,17.77,18.00,18.47,18.47,18.47,18.63,18.87,18.97,18.60,18.57,18.03,17.93,18.10,18.20,18.20,18.43,17.97,18.33,18.20,18.20,18.10,17.77,17.63,17.70,18.40,18.30,18.40,18.33,19.13,19.30,19.30,20.17,20.70,20.77,21.07,22.30,23.10,24.10,24.10,24.43,24.90,24.87,24.67,24.67,24.50,24.50,24.10,23.63,22.53,22.20,22.70,23.40,23.60,23.20,23.60,23.43,23.90,25.47,25.90,26.07,26.07,25.97,25.97,25.97,25.97,25.97,25.53,24.83,24.17,23.70,23.70,23.70,23.93,23.80,25.03,25.67,26.37,26.70,26.70,26.03,25.20,25.07,24.60,24.30,23.67,22.53,21.80,21.50,21.50,21.40,20.57,20.23,20.10,19.83,19.80,18.93,18.93,18.23,18.30,18.43,18.47,18.17,18.00,18.33,18.33,18.23,17.87,17.87,18.57,18.80,18.80,17.83,18.13,18.50,18.50,18.10,18.10,18.10,18.47,18.00,18.27,18.23,18.23,18.23,17.77,17.53,17.77,18.27,18.27,18.27,17.90,18.40,18.50,18.50,18.50,18.47,18.57,18.63,18.63,18.73,18.27,18.33,18.13,18.23,18.37,18.33,18.43,18.43,19.00
17.47,17.53,17.47,18.27,18.23,18.80,18.50,18.60,18.40,18.40,18.00,18.00,18.00,18.20,18.47,18.53,18.87,18.87,18.57,18.57,18.57,18.60,17.87,17.93,18.10,18.10,17.97,17.97,18.27,18.20,18.07,18.03,18.10,18.10,17.80,18.37,18.30,18.40,18.97,19.17,19.33,19.67,20.53,20.70,20.70,21.70,22.30,23.10,23.90,23.50,24.10,24.50,24.63,24.20,24.20,24.20,24.10,23.70,23.30,22.33,22.17,22.20,22.57,23.03,22.93,22.93,22.93,23.73,25.47,25.90,26.33,26.33,26.33,26.10,26.37,26.10,25.97,25.53,25.43,24.30,24.13,23.70,23.50,23.17,23.57,24.37,25.40,26.37,26.60,26.37,26.03,25.40,25.40,25.07,24.63,23.67,23.27,21.77,21.50,21.50,21.40,21.10,21.10,20.13,19.93,18.93,18.93,18.87,18.23,18.30,18.60,18.60,18.17,17.83,18.47,18.47,18.23,18.23,18.57,18.57,18.70,18.40,17.83,17.93,18.43,18.43,18.27,18.20,18.27,18.20,18.00,17.67,18.07,18.23,18.23,18.47,17.67,17.67,17.80,18.27,18.27,18.27,18.40,18.40,18.40,18.50,18.47,18.63,18.63,18.63,18.70,18.27,18.67,18.37,18.67,18.63,18.13,18.43,18.43,18.73
18.60,17.60,17.60,18.27,18.27,18.23,18.20,18.57,18.57,18.40,18.40,18.03,18.20,18.20,18.47,18.87,18.87,18.07,18.07,18.50,18.50,18.30,17.23,17.73,17.87,17.97,17.97,17.97,18.07,18.27,18.10,18.03,17.80,17.60,17.57,17.93,18.03,18.13,18.90,19.17,19.33,19.77,20.03,20.20,20.70,21.83,22.53,23.10,23.90,23.77,23.83,23.83,24.33,24.20,23.50,23.70,23.43,23.30,22.53,22.03,21.97,21.97,22.40,22.40,22.67,22.67,22.93,23.73,25.70,25.90,25.90,25.97,26.33,26.10,26.10,26.00,26.00,25.53,25.03,24.37,24.13,23.50,22.97,22.83,23.03,24.30,25.37,25.87,26.37,26.33,25.90,25.40,25.40,25.23,24.83,23.67,23.07,21.77,21.70,21.23,21.10,20.93,21.10,19.73,19.57,18.93,18.93,18.90,18.50,18.30,18.67,18.67,18.67,18.47,18.47,18.47,18.23,17.93,17.93,18.40,18.47,18.40,17.93,17.93,18.43,18.43,18.53,18.20,18.20,18.20,18.97,18.37,18.30,18.23,18.23,18.17,18.17,17.93,17.93,18.27,18.60,18.60,18.27,18.27,18.27,18.33,18.63,18.83,18.83,18.57,18.70,18.57,18.57,18.13,18.57,18.67,18.20,18.20,18.23,18.33
17.07,18.60,18.60,18.60,18.27,17.50,17.40,18.20,18.53,18.40,18.40,18.03,18.10,18.03,18.23,18.23,18.23,18.07,18.07,18.07,18.00,18.00,17.37,17.87,18.57,18.17,17.97,17.83,18.07,18.13,18.13,18.03,18.00,18.10,18.10,18.23,18.60,18.60,18.97,18.97,19.33,20.03,20.13,20.10,20.10,22.13,22.73,23.40,23.53,23.77,23.77,23.67,23.53,23.50,23.50,23.70,23.30,22.83,21.70,21.97,21.97,21.97,22.57,22.57,22.57,22.53,22.67,23.23,25.00,25.70,25.70,25.70,25.97,25.97,26.10,26.10,26.33,26.00,25.43,24.70,24.23,24.13,24.13,23.17,23.17,23.60,25.37,25.73,25.87,25.73,25.40,24.97,24.90,24.97,24.90,23.83,23.07,21.83,21.70,20.93,20.93,20.87,21.53,20.60,19.73,18.87,18.87,18.87,18.50,18.50,18.77,18.67,18.77,18.30,18.30,18.23,18.17,18.10,18.40,18.40,18.57,18.47,18.47,18.27,18.33,18.33,18.60,18.27,18.53,18.20,18.97,17.70,18.20,17.97,18.37,18.50,18.50,18.17,18.37,18.37,18.37,18.33,18.13,18.07,18.07,18.07,18.63,18.83,18.83,18.57,18.57,18.33,18.33,18.37,19.33,18.67,18.20,18.20,18.33,18.33
18.43,18.43,18.60,18.60,18.60,17.57,17.37,17.50,17.93,17.93,17.97,18.03,18.03,18.03,17.63,17.63,17.80,17.80,18.07,18.20,18.20,18.00,17.73,17.73,18.17,18.17,18.43,17.97,18.13,18.13,18.27,18.27,17.80,17.80,18.00,18.03,18.07,18.20,19.17,19.20,19.60,20.07,20.20,20.13,20.83,22.13,22.80,23.40,23.53,23.77,23.77,23.83,23.83,24.17,23.77,23.70,22.83,21.70,21.57,21.70,21.97,21.97,22.57,22.57,22.57,22.53,22.53,23.20,24.47,25.00,25.23,25.70,25.70,25.47,25.47,25.87,26.00,26.27,25.03,24.70,24.33,24.23,24.23,23.03,22.97,22.83,23.03,25.57,25.83,25.73,25.50,25.13,24.83,24.90,24.90,24.47,23.07,22.03,21.70,20.93,21.50,20.93,21.50,20.47,19.73,19.17,19.60,18.90,18.90,18.03,18.50,18.53,18.77,18.67,18.17,18.17,18.10,18.10,18.40,18.40,18.47,18.47,18.47,18.27,18.33,18.73,18.73,18.27,18.20,18.13,18.47,18.30,18.30,18.20,18.20,18.17,18.50,18.77,18.70,18.70,18.37,17.97,17.97,17.97,18.17,18.57,18.63,18.83,18.83,19.03,18.57,18.57,18.17,18.80,18.90,18.80,18.57,18.20,18.20,18.33
17.33,17.67,18.60,18.60,18.60,18.53,17.30,17.40,17.70,17.93,17.93,18.03,18.03,18.03,17.97,17.80,17.80,17.90,18.07,18.07,18.00,17.73,17.87,17.87,18.23,18.43,18.50,18.50,18.40,18.13,18.27,18.27,18.83,18.00,18.07,18.23,18.63,19.17,19.27,19.33,19.60,19.60,20.13,20.13,20.83,22.07,22.80,23.40,23.83,23.83,23.83,23.70,24.10,23.87,23.87,23.70,22.03,21.87,21.70,21.50,21.50,21.90,22.17,22.57,22.17,22.17,22.17,22.90,23.47,25.00,25.23,25.23,25.47,25.57,25.57,25.57,25.87,26.00,25.03,24.63,24.23,23.80,23.80,23.03,22.83,22.60,23.33,24.67,25.57,25.50,25.43,25.13,24.97,24.90,24.77,24.67,23.47,22.47,22.40,21.83,21.93,21.00,21.00,20.33,19.83,19.30,19.60,18.90,18.90,18.40,18.77,18.77,18.77,19.13,18.30,18.10,18.10,18.20,18.40,18.57,18.57,18.63,18.63,18.63,18.73,18.87,18.73,18.17,18.10,18.10,18.13,17.90,17.90,18.20,18.20,18.53,18.90,18.83,18.60,18.37,18.37,17.90,17.90,17.97,18.40,18.60,18.63,18.67,18.03,17.93,18.17,18.33,18.17,18.47,18.47,18.57,18.37,18.37,18.03,17.87
17.33,17.40,18.03,17.87,18.03,17.87,17.87,17.50,17.90,17.97,17.93,18.00,17.63,17.97,17.63,17.63,17.63,17.90,17.93,17.93,18.07,18.00,18.00,17.87,17.87,18.43,18.43,18.73,18.27,18.13,17.87,17.87,18.13,18.00,18.07,18.07,18.10,18.20,19.33,19.33,19.33,19.60,19.77,19.80,20.30,22.07,23.00,23.37,24.07,23.83,24.10,23.70,24.17,23.70,23.57,23.23,22.03,21.87,21.50,21.17,21.10,20.90,21.80,21.47,21.97,21.87,21.97,22.27,23.40,24.43,25.30,25.47,25.47,25.47,25.53,25.53,25.53,25.53,25.03,24.67,24.33,23.57,23.57,23.03,22.90,23.33,24.00,24.67,25.17,25.43,25.13,24.97,24.97,24.97,24.77,24.77,23.70,22.80,22.40,21.77,21.77,21.50,21.00,20.43,20.33,19.73,19.83,19.17,18.90,18.80,18.90,19.13,18.80,19.13,18.80,19.13,18.07,18.63,18.40,18.70,18.70,18.33,18.33,18.80,18.87,18.87,18.57,18.17,18.10,18.13,18.13,17.90,17.73,18.43,17.63,18.53,18.57,18.60,18.57,18.17,18.37,18.17,17.97,18.00,18.57,18.63,18.57,18.57,18.40,18.40,18.17,18.17,18.03,18.13,18.37,18.57,18.37,18.03,17.87,17.87
17.33,18.03,18.03,17.87,17.67,17.53,17.53,17.53,18.03,18.27,18.23,18.47,17.73,18.00,17.73,17.97,17.80,17.90,17.93,17.93,17.93,18.00,18.43,18.57,18.23,18.73,18.27,18.27,18.27,17.67,17.87,17.87,18.13,18.13,18.10,18.37,18.63,19.13,19.33,19.33,19.33,19.57,20.00,20.00,20.37,21.33,22.40,23.37,23.37,23.23,23.23,23.57,24.17,23.57,23.53,23.23,22.63,22.03,21.17,21.17,21.17,20.90,21.17,21.17,21.47,21.33,21.60,22.03,23.40,24.43,25.30,25.30,25.47,25.53,26.07,26.10,26.00,25.53,25.53,25.03,24.60,23.80,23.57,23.47,23.37,23.37,24.00,24.03,24.30,25.00,24.93,24.93,24.90,24.90,24.77,24.77,24.67,23.53,22.80,22.07,21.77,21.57,21.27,21.00,20.43,19.83,19.30,19.20,19.20,19.40,19.40,19.33,18.80,19.33,18.90,18.90,18.07,18.37,18.70,18.70,18.70,18.47,18.63,19.00,19.00,18.87,18.57,18.50,18.10,18.43,18.10,17.73,17.73,18.47,18.43,17.90,17.80,17.80,17.73,18.03,18.37,18.67,18.67,18.37,18.63,18.63,18.57,18.40,18.40,18.27,17.80,17.97,18.00,18.13,18.47,18.47,18.37,17.93,17.87,17.87
18.57,18.47,18.00,17.87,17.67,17.53,17.57,17.53,17.57,17.50,18.23,18.50,18.20,18.20,17.63,17.80,17.80,17.93,17.97,17.97,18.43,18.57,18.57,18.80,18.67,18.67,18.63,18.17,17.93,17.67,17.93,18.20,18.20,18.37,18.10,18.10,18.80,18.80,19.20,19.27,19.47,19.47,20.03,20.10,21.07,21.33,22.40,23.03,22.80,23.17,23.23,24.10,24.10,23.23,22.57,22.17,21.97,21.77,21.43,21.17,21.80,21.80,21.70,21.33,21.47,21.33,21.17,22.00,23.27,24.20,25.03,25.47,25.47,25.47,26.07,26.20,26.57,25.87,25.53,25.17,25.03,24.20,23.57,23.50,23.67,23.53,23.70,23.33,24.17,24.30,24.93,24.90,24.90,24.90,25.20,25.20,24.77,23.70,23.13,22.30,21.80,21.77,21.27,21.07,20.67,20.63,19.23,19.23,19.40,19.53,19.30,18.77,18.77,19.17,18.80,19.27,18.37,18.60,18.70,18.70,18.70,18.47,18.63,19.00,19.00,18.80,18.63,18.50,18.83,18.60,18.60,18.17,18.17,18.93,18.73,18.50,17.90,18.07,18.07,18.07,18.43,18.93,18.93,18.77,18.63,18.63,19.30,18.67,18.67,18.40,18.27,18.10,18.10,18.23,18.33,18.27,18.27,17.93,17.93,17.93
18.57,18.47,17.57,18.00,17.53,17.50,17.53,17.53,18.23,18.10,18.23,18.50,18.50,18.50,17.97,17.80,17.97,17.97,18.30,18.07,18.43,18.43,18.43,18.30,18.30,18.63,18.63,17.60,17.60,17.93,18.40,18.63,18.63,18.37,18.07,18.00,18.83,18.80,19.20,19.23,19.47,19.37,20.20,20.20,21.07,21.33,22.40,22.53,22.53,22.80,24.20,24.20,24.20,23.93,22.47,21.97,21.77,21.43,21.43,21.23,21.80,21.80,21.83,21.70,21.70,21.67,21.17,21.67,22.00,23.97,25.03,25.50,25.53,25.50,26.07,26.20,26.53,25.87,25.77,25.17,24.33,24.27,23.50,23.50,23.67,23.60,23.60,23.30,24.07,24.07,24.73,24.90,24.90,24.87,24.87,24.87,24.60,23.60,23.13,22.80,22.17,22.03,21.33,21.33,21.07,20.80,20.20,20.33,20.73,20.73,20.27,19.30,18.73,19.17,19.20,19.50,18.60,18.60,18.70,18.70,18.47,18.37,18.57,19.00,19.03,19.07,19.07,19.27,19.27,18.83,18.60,18.27,18.47,18.67,18.67,18.50,18.43,17.67,17.73,18.43,18.43,18.73,18.73,18.40,18.37,18.40,19.10,19.23,19.23,18.27,18.23,18.17,18.33,18.33,18.63,18.70,18.73,18.77,18.20,17.80
17.80,17.60,17.60,18.33,18.33,17.93,17.57,17.57,18.10,17.60,17.60,18.27,18.50,18.27,18.00,18.00,18.20,18.07,18.30,18.30,18.73,18.37,18.30,18.00,18.23,18.47,18.67,18.93,17.93,18.07,18.40,19.10,18.63,18.37,18.07,18.00,18.80,18.40,19.33,19.27,19.33,19.37,19.80,20.00,20.77,22.03,22.57,22.80,22.80,23.10,24.20,24.10,23.93,23.73,22.47,21.63,21.63,21.43,21.77,21.40,21.40,21.17,21.83,21.70,21.70,21.67,21.67,22.00,22.03,23.73,24.73,25.47,25.57,25.50,25.60,25.60,26.00,25.90,25.77,25.03,24.53,24.27,23.50,23.67,23.70,23.67,23.60,23.20,23.70,23.93,24.27,24.53,25.20,24.83,24.87,24.87,24.60,23.80,23.03,23.03,23.00,22.17,21.60,21.43,21.33,20.90,20.90,20.90,20.80,20.73,20.23,19.70,19.67,19.20,19.20,19.50,19.50,19.00,19.00,19.00,18.70,18.43,18.73,19.13,19.07,19.07,18.63,19.27,19.27,18.97,18.17,17.77,18.27,18.67,18.67,18.50,18.50,18.50,18.23,18.63,18.63,18.90,18.73,18.73,18.40,18.73,18.90,19.10,19.10,18.77,18.43,18.43,18.43,18.33,18.33,18.73,18.73,18.77,18.27,16.80
17.73,17.73,17.83,17.97,18.17,17.80,17.80,18.10,18.53,18.10,18.10,18.10,18.27,18.27,18.43,18.80,18.57,18.20,18.13,18.13,18.37,17.97,18.00,17.83,18.00,17.93,18.73,18.93,18.50,18.50,18.63,19.10,18.43,18.37,17.83,18.40,18.40,18.40,19.23,19.23,19.43,19.80,19.80,19.70,20.20,22.03,22.53,22.80,23.43,23.43,24.03,23.60,23.60,23.40,22.47,22.20,21.90,21.90,21.40,21.23,21.30,21.17,21.17,21.43,21.67,21.67,21.33,21.67,22.03,23.73,24.47,25.27,25.50,25.50,25.53,25.50,25.60,25.60,25.50,25.00,24.53,24.33,23.43,23.43,24.03,24.03,23.60,23.07,23.17,23.73,24.07,24.53,25.00,24.53,24.03,24.73,24.60,23.80,23.20,23.33,23.03,22.57,22.40,21.83,21.77,21.67,21.10,21.07,21.00,20.73,20.73,20.47,20.47,20.37,19.83,19.50,19.27,19.27,19.37,19.47,19.47,19.13,18.73,18.90,18.73,18.90,18.90,19.30,19.27,19.07,18.03,17.57,17.97,17.77,17.97,18.27,18.27,18.20,18.10,18.20,18.17,18.40,18.17,18.40,18.13,18.40,18.73,18.83,18.83,18.77,18.23,18.43,19.10,19.10,19.03,18.97,18.97,18.97,18.43,18.43
17.80,17.80,17.83,17.83,17.97,17.80,18.10,18.13,18.60,18.37,18.37,18.27,17.97,17.77,18.00,18.83,19.00,18.00,18.13,18.13,18.20,18.37,18.60,18.43,18.43,18.10,18.47,18.67,18.50,18.50,18.43,18.87,18.17,18.17,17.83,18.43,18.40,18.77,18.73,19.33,19.63,19.80,19.80,19.70,20.37,21.60,22.03,22.80,22.87,23.10,23.40,23.40,23.40,23.37,23.00,22.20,21.90,21.50,21.17,21.17,21.17,20.93,20.93,21.33,21.43,21.67,21.33,21.50,21.50,23.50,24.47,25.03,25.27,25.43,25.37,25.37,25.50,25.50,25.43,25.00,24.53,23.43,22.90,23.33,23.93,24.00,23.70,22.90,22.90,23.17,24.10,24.80,25.03,24.00,23.87,24.00,24.30,24.00,23.80,23.37,23.20,23.10,23.00,22.57,22.03,21.97,21.77,21.07,21.03,20.70,20.23,20.13,20.60,20.60,20.60,20.37,19.23,19.27,19.77,19.77,19.77,19.47,19.13,18.90,18.30,18.27,18.90,19.30,19.30,19.07,18.03,17.57,17.97,17.97,17.97,18.27,18.60,18.60,18.20,18.23,18.10,18.73,18.20,18.20,18.13,18.13,18.73,18.80,18.80,18.77,18.47,18.07,18.67,17.77,19.03,19.03,18.73,18.73,18.43,18.47
18.37,17.83,17.80,17.80,17.80,17.63,17.80,18.13,18.60,18.07,18.37,18.07,17.97,17.70,18.70,18.80,18.87,18.00,18.20,18.13,18.13,18.37,18.60,18.60,18.43,18.10,17.90,17.67,17.90,17.87,18.43,18.17,18.17,18.17,18.03,18.50,18.50,18.73,18.47,18.47,19.50,19.77,19.77,19.50,19.50,20.93,21.50,21.77,22.80,23.10,23.27,23.30,23.40,23.30,22.40,21.57,21.50,20.93,20.57,21.17,21.20,21.20,20.90,20.73,21.33,21.67,21.27,21.37,21.37,22.33,24.40,24.73,24.87,24.90,24.97,25.03,25.03,25.30,25.37,25.30,24.40,23.20,22.90,23.33,23.60,23.93,23.73,23.07,23.07,23.17,23.43,24.10,23.57,23.57,23.63,23.93,24.00,23.93,23.77,23.50,23.20,23.20,23.03,23.03,22.60,22.03,21.77,21.13,21.10,21.00,21.00,21.00,21.10,20.73,20.73,20.37,19.67,19.37,19.90,20.17,19.87,19.73,19.40,18.73,18.30,18.60,19.30,19.30,19.07,18.57,18.03,18.33,17.97,17.97,18.07,18.60,18.60,18.60,18.10,18.20,18.10,18.20,18.20,18.13,18.13,18.00,18.10,18.77,18.77,18.47,17.93,17.80,17.77,17.67,18.70,18.90,18.73,18.47,18.17,18.43
18.37,18.00,17.53,17.67,17.63,17.63,17.83,18.00,17.97,17.97,18.07,18.07,18.40,18.40,18.97,18.70,18.70,18.00,18.50,18.40,18.20,18.37,18.43,18.43,18.43,18.10,17.90,17.90,17.90,17.87,18.07,18.17,18.83,18.43,18.77,18.77,18.77,18.73,18.73,18.47,19.20,19.63,19.77,19.77,20.23,20.57,21.50,21.77,22.80,22.87,23.10,23.10,23.30,22.30,22.17,21.43,21.17,20.77,20.73,20.97,21.17,20.93,20.93,20.93,21.33,21.70,21.23,21.50,21.40,22.33,24.27,24.53,24.63,24.87,24.97,25.37,25.53,25.53,25.43,25.37,24.37,23.20,23.20,23.60,23.60,23.73,23.67,23.50,23.37,23.37,23.43,23.43,23.47,23.47,23.57,23.93,23.93,23.63,23.67,23.60,23.50,23.27,23.03,23.03,22.67,22.03,21.93,21.50,21.50,21.03,20.90,20.80,21.20,20.73,20.57,20.47,20.50,20.67,20.67,20.70,20.27,19.87,20.70,20.13,19.47,19.47,19.37,19.30,19.00,19.00,17.90,18.73,18.73,18.73,18.43,18.57,18.60,18.60,18.07,18.73,18.20,18.73,18.20,18.20,18.20,18.73,18.87,18.77,18.80,18.47,18.47,17.93,18.50,17.77,18.13,18.70,18.70,18.67,18.60,18.60
17.27,17.27,17.27,17.67,17.67,17.67,18.00,18.00,17.97,17.97,17.93,17.67,18.30,18.40,18.70,18.07,18.07,18.07,18.53,18.50,18.50,18.43,18.43,18.43,18.10,18.10,17.97,18.10,17.97,17.87,18.07,18.17,18.83,18.77,18.97,18.83,18.60,17.87,17.77,17.77,18.17,18.87,19.23,19.47,20.23,20.57,21.13,21.77,22.60,22.70,22.70,22.60,22.60,22.30,21.70,21.17,21.60,20.97,20.93,20.93,20.73,20.93,20.93,20.73,21.17,21.40,21.33,21.67,21.40,21.97,23.30,24.27,24.53,24.90,25.27,25.27,25.53,25.93,25.53,25.37,24.80,24.27,23.20,23.60,23.57,23.57,23.10,23.03,23.37,22.93,23.07,22.90,23.17,23.40,23.50,23.83,23.83,23.63,23.63,23.50,23.50,23.07,22.80,23.07,22.73,21.93,21.80,21.73,21.73,21.50,20.97,21.33,21.20,21.10,20.57,20.50,21.20,21.37,20.97,20.97,20.93,20.77,20.37,19.93,19.47,19.47,19.43,19.27,19.00,19.00,18.33,18.43,18.67,18.67,18.43,18.57,18.70,18.57,18.03,18.00,18.70,18.20,18.20,17.73,18.87,19.07,18.87,18.40,18.40,18.03,18.03,18.03,18.50,17.77,17.77,18.13,18.17,18.27,18.27,18.67
18.43,17.80,17.40,17.40,17.63,17.83,18.10,18.00,18.07,18.07,18.07,17.67,18.20,18.23,18.23,18.03,18.07,18.63,18.73,18.53,18.43,18.07,17.93,17.93,17.93,18.10,18.10,18.37,18.27,18.27,18.33,18.43,18.43,18.43,18.83,18.83,18.50,17.97,17.87,17.77,18.00,18.37,18.60,19.00,19.70,20.57,21.10,21.70,22.60,22.70,22.70,22.60,22.53,22.30,21.70,21.43,21.70,20.97,20.93,20.73,20.73,20.50,20.93,20.80,21.17,21.30,21.20,21.30,21.20,21.50,21.60,23.63,24.17,24.87,25.27,25.77,25.53,25.93,25.40,25.20,24.80,24.07,23.57,24.23,23.87,23.43,23.03,22.93,22.40,22.60,22.30,22.60,22.90,23.40,23.40,23.83,23.97,23.63,23.43,23.43,23.47,23.07,22.67,22.73,22.67,22.63,22.03,22.03,21.87,21.87,21.53,21.77,21.53,21.20,21.17,21.17,21.47,21.20,21.07,20.90,20.90,20.87,20.87,20.13,20.13,19.87,19.43,19.20,19.00,19.00,18.43,18.43,18.43,18.43,18.43,19.00,19.07,18.97,18.83,18.70,18.70,18.67,18.10,18.20,18.57,19.50,19.50,18.40,18.27,18.03,18.23,18.03,19.07,18.43,18.13,17.67,17.67,18.27,18.73,18.73
18.03,17.93,17.83,17.80,18.30,18.10,18.73,18.23,18.73,18.23,18.33,18.33,18.20,18.20,17.83,17.83,18.00,18.03,18.53,18.40,18.50,18.40,18.07,17.93,17.93,18.10,18.17,18.70,18.70,18.07,18.07,18.43,18.33,18.23,18.17,18.33,18.17,18.03,17.77,17.60,18.00,18.33,18.53,18.60,19.07,20.47,21.00,21.70,22.70,22.70,22.60,22.47,22.53,21.57,21.17,21.43,21.60,21.60,20.93,20.50,19.97,19.97,19.97,20.07,20.80,21.20,21.20,21.20,20.87,21.40,21.60,23.53,24.07,25.13,25.13,24.93,24.93,25.93,25.80,25.23,24.80,24.07,23.57,23.57,23.70,23.57,23.10,22.67,22.40,22.43,22.13,22.17,22.30,23.13,22.97,23.17,23.83,23.63,23.07,23.00,22.90,22.50,22.43,22.73,22.73,23.00,22.07,22.07,22.07,21.93,21.87,21.87,21.77,21.77,21.87,21.20,21.57,21.13,21.13,21.07,20.97,20.53,20.37,19.87,19.83,20.43,20.40,19.20,19.13,18.63,18.53,18.43,18.23,18.20,18.43,19.00,19.07,18.97,18.90,18.00,18.67,17.90,17.93,18.10,18.33,19.17,19.10,19.10,18.27,18.23,18.23,17.87,17.53,17.53,17.63,17.93,17.93,18.00,18.43,18.43
18.63,18.63,18.63,17.83,17.87,18.10,18.43,18.43,18.33,18.07,18.33,18.53,18.33,18.20,18.20,18.03,18.03,18.03,18.13,18.13,18.13,18.40,18.07,18.23,17.93,18.37,18.37,18.53,18.17,18.07,18.07,18.47,18.33,18.23,18.17,18.17,18.17,18.17,18.03,17.57,17.57,18.17,18.17,18.53,18.90,19.27,20.77,22.00,22.30,22.57,22.30,22.23,21.90,21.57,21.17,21.43,21.00,21.00,20.53,20.13,19.87,19.60,19.60,19.60,20.20,20.27,20.27,20.70,20.43,20.73,21.60,23.07,23.63,25.13,25.17,25.17,24.77,25.40,25.80,25.80,25.00,24.07,24.07,23.97,23.87,23.50,23.30,22.63,22.30,22.53,22.17,23.00,22.50,22.87,22.50,22.97,23.17,23.07,22.90,22.90,23.03,22.50,22.43,22.50,23.00,22.70,22.10,22.07,22.07,21.87,21.60,21.77,21.80,21.80,21.87,21.13,21.03,20.97,21.13,21.07,21.07,20.87,20.87,20.37,20.47,20.43,20.43,19.20,19.13,18.87,18.63,18.53,18.23,18.20,18.17,18.97,18.97,18.97,18.90,18.67,18.33,18.67,18.10,18.37,18.37,18.87,18.87,18.37,18.37,18.23,18.90,18.07,18.30,18.30,17.97,17.97,17.97,18.63,18.63,18.43
18.37,18.37,18.37,17.93,18.30,18.30,18.43,18.43,18.50,18.33,18.33,18.57,18.57,18.47,18.20,17.93,18.00,17.93,18.13,18.40,18.40,18.40,18.23,18.23,17.77,18.33,18.50,18.53,17.80,17.80,18.07,18.07,18.17,18.17,18.17,18.17,18.17,18.17,18.37,18.33,17.87,17.87,17.93,18.83,19.07,19.13,19.27,21.30,22.10,22.30,22.23,21.57,21.57,21.57,21.17,20.87,20.97,20.97,20.77,20.17,19.87,19.63,19.67,19.67,20.17,20.27,20.17,20.43,20.70,21.03,21.60,23.20,23.73,24.67,25.17,24.97,24.97,25.67,25.80,25.80,25.20,24.30,24.07,23.70,23.50,23.30,23.13,22.67,22.53,22.63,22.50,23.00,22.50,22.50,22.40,22.80,22.97,23.07,23.07,22.90,22.90,21.90,22.03,22.13,22.73,22.70,22.60,22.07,22.07,21.93,21.27,21.27,21.60,21.70,21.70,21.03,20.47,20.97,21.13,21.63,21.67,20.53,20.27,20.27,20.37,19.80,20.23,19.40,19.17,18.87,18.73,18.63,18.50,18.33,18.17,18.00,18.00,18.00,18.33,18.33,18.33,18.37,18.17,18.37,18.37,18.53,18.53,18.93,18.93,18.90,18.57,18.30,18.30,18.30,18.43,17.97,18.63,18.90,18.63,18.00
18.77,18.37,17.70,17.57,17.83,18.23,18.43,18.30,18.33,18.33,18.33,18.57,18.57,18.50,18.50,18.47,18.70,18.43,18.57,18.57,18.53,18.37,18.37,18.37,18.37,18.50,18.50,18.33,17.70,17.70,18.07,18.17,18.43,18.33,18.33,18.33,18.80,18.37,18.37,18.37,18.33,17.87,17.87,18.60,18.90,19.13,19.27,20.40,21.67,21.70,21.67,21.40,21.40,21.90,20.87,20.67,20.67,20.40,20.33,20.17,20.23,19.87,19.97,20.17,20.17,20.07,20.07,20.17,20.53,20.73,21.40,23.07,23.60,24.00,24.90,24.90,24.97,25.23,25.67,25.67,25.20,24.30,24.43,24.30,24.73,23.17,23.07,22.63,22.63,23.20,23.30,23.20,22.70,22.70,22.27,22.27,22.20,22.03,22.33,22.33,22.47,21.90,22.03,22.07,22.70,22.60,22.10,22.07,22.07,21.27,21.27,21.10,21.77,21.70,21.70,21.13,20.97,21.13,21.63,21.63,21.33,20.87,20.57,20.47,20.47,19.80,19.73,19.57,19.40,18.93,18.93,18.93,18.63,18.63,18.50,18.33,18.00,18.27,18.27,18.37,18.37,18.60,18.60,18.80,18.80,18.53,18.53,18.53,18.53,18.43,18.57,18.43,18.60,18.60,18.73,18.73,18.97,18.93,18.83,18.07
18.37,16.97,17.10,17.10,17.57,18.23,18.43,18.30,18.30,18.37,18.37,18.60,18.70,18.50,18.50,17.60,17.70,17.90,18.57,18.57,18.53,18.37,18.37,18.37,18.67,18.67,18.37,18.07,17.13,17.13,18.03,18.17,18.17,18.13,18.13,18.17,18.17,18.17,18.37,18.37,18.33,18.33,18.33,19.00,19.07,19.07,18.90,20.17,21.30,21.30,21.30,21.30,21.30,21.03,20.67,20.37,20.40,20.37,20.23,20.10,20.23,20.13,20.17,20.17,20.17,20.00,19.90,19.90,20.53,21.20,21.37,22.07,23.73,23.87,24.20,24.70,25.03,25.23,25.67,25.23,25.07,24.27,24.50,24.27,24.50,23.73,23.17,23.13,23.07,23.07,22.63,22.90,22.70,22.80,22.50,22.27,22.20,22.03,22.33,22.33,22.33,21.63,21.47,22.13,22.50,22.50,22.50,22.07,22.27,21.27,21.77,21.27,21.77,21.70,21.70,21.47,20.77,20.80,21.63,21.63,21.33,20.80,20.57,20.57,20.03,19.80,19.73,19.73,19.57,18.77,18.30,18.63,18.63,18.63,18.33,18.33,17.87,18.07,18.07,18.30,18.37,18.37,18.37,18.37,18.07,18.10,18.83,18.93,18.53,18.23,18.53,18.43,18.57,18.50,18.63,18.63,18.40,18.40,18.13,18.07
17.43,16.97,16.97,17.10,17.23,17.93,18.43,18.43,17.93,18.00,18.03,18.47,18.50,18.47,18.10,17.97,17.73,18.33,18.97,18.97,18.53,18.30,18.37,18.67,18.80,18.67,18.57,18.33,17.70,17.50,18.03,18.17,18.30,18.13,18.33,18.33,18.77,18.10,18.37,18.27,18.27,18.33,18.33,18.87,18.20,18.87,18.63,19.20,20.83,20.83,21.23,21.10,21.10,21.00,20.73,20.60,20.67,20.37,20.23,20.07,19.90,20.13,20.13,20.13,19.93,19.77,19.67,19.87,19.97,20.80,21.07,21.37,23.17,23.87,24.27,24.53,24.70,24.97,25.23,24.97,24.80,24.23,24.50,24.27,24.50,23.97,23.97,23.07,22.83,23.07,23.20,23.20,22.90,22.70,22.50,22.27,22.27,21.97,22.33,22.60,22.60,22.30,21.80,22.37,22.50,22.37,22.20,22.07,22.07,21.93,21.93,21.77,21.97,21.47,21.47,21.47,22.07,22.00,21.87,21.33,21.17,20.93,20.80,20.73,20.60,19.90,20.03,19.90,19.57,18.80,18.30,18.63,18.63,18.40,18.20,18.37,18.37,18.37,18.30,18.43,18.57,18.60,18.60,18.73,18.80,18.83,18.87,19.07,18.53,18.23,18.53,18.10,18.50,18.50,18.53,18.23,17.87,18.13,18.13,18.13
16.93,16.97,16.97,17.73,17.60,17.93,17.77,18.77,17.57,18.23,18.23,18.23,18.03,18.03,18.10,18.10,17.73,18.00,18.33,18.33,18.30,18.27,18.30,18.47,18.47,18.57,18.70,18.57,18.03,17.63,18.30,17.93,18.13,17.93,18.13,17.90,18.77,18.57,18.57,18.37,18.27,18.27,18.97,18.97,18.20,18.20,18.17,18.63,19.87,20.60,20.63,20.60,21.00,20.60,21.00,20.60,21.03,20.37,20.37,20.07,20.07,20.13,20.83,20.17,19.93,19.70,19.53,19.53,19.87,20.80,20.97,21.10,21.93,23.67,24.10,24.27,24.70,24.97,25.17,24.97,24.77,24.37,24.37,24.03,23.73,23.97,23.97,23.23,22.83,22.83,22.33,22.97,22.63,22.17,22.10,21.67,22.50,21.97,22.80,22.80,22.97,22.30,22.30,22.37,22.73,22.37,22.30,22.07,21.93,21.13,21.77,21.77,21.77,21.40,21.37,21.27,21.17,21.17,21.17,21.17,21.13,20.80,20.60,20.60,20.53,19.83,20.03,19.90,19.90,18.77,18.30,18.40,18.40,18.20,17.90,17.87,18.07,18.30,18.43,18.53,18.57,18.53,18.57,18.73,18.87,18.87,18.83,18.23,18.23,18.20,18.33,17.47,18.10,18.03,18.50,18.23,18.07,18.13,18.13,18.13
17.07,17.07,16.87,17.73,17.77,18.73,18.77,18.23,17.70,17.70,18.00,18.00,17.87,17.87,17.97,18.47,18.10,18.27,18.27,18.27,18.30,18.27,18.30,18.27,18.07,18.10,18.57,18.70,18.47,18.13,18.13,17.47,17.53,17.53,18.33,18.33,19.00,18.10,18.57,18.70,18.70,18.37,17.90,17.90,18.20,18.20,18.17,18.27,19.20,20.30,20.60,20.63,21.00,20.73,20.73,20.60,20.33,20.37,20.37,20.13,20.07,20.20,20.53,20.17,19.67,19.67,19.67,19.70,19.87,19.90,20.23,21.10,21.87,22.80,23.70,23.90,24.40,24.80,25.00,24.80,24.37,24.37,23.53,23.53,23.50,23.27,23.23,23.00,22.83,22.97,22.97,22.27,22.27,22.17,22.63,22.17,22.73,22.80,22.97,22.97,22.97,21.97,22.30,22.30,22.43,22.40,22.33,22.20,21.93,21.47,21.30,21.40,21.53,21.43,21.43,21.37,21.30,21.30,21.17,21.13,21.13,20.73,20.60,20.53,20.23,19.90,19.90,19.57,19.03,18.80,18.80,18.73,18.73,18.23,17.90,17.73,18.07,18.43,18.97,18.97,18.67,18.53,18.57,18.57,18.97,18.97,18.80,18.63,18.47,18.33,18.33,18.07,18.07,18.03,18.03,18.03,17.57,18.07,18.07,18.13
17.20,17.07,16.80,17.63,17.77,17.97,17.77,18.00,17.73,17.70,17.57,17.57,17.80,17.80,17.97,18.47,18.10,18.10,18.27,18.27,18.23,17.97,17.97,18.47,18.17,18.17,18.17,18.70,18.13,18.13,18.50,17.53,17.53,17.53,18.40,18.83,18.97,18.10,18.37,18.37,18.50,18.50,18.50,19.30,19.30,18.60,18.13,18.13,19.03,19.87,20.30,20.47,20.47,20.03,19.97,19.97,19.97,20.33,20.30,20.07,18.77,20.07,20.20,20.07,19.27,19.67,19.53,19.70,19.80,20.23,20.23,21.33,21.93,22.53,23.53,23.57,23.70,24.50,25.00,24.77,24.37,24.30,23.53,23.53,22.90,23.00,23.00,23.00,23.03,23.03,23.03,22.40,22.40,22.40,22.63,22.40,22.73,22.77,22.80,22.80,22.33,21.97,22.90,22.40,22.90,22.43,22.43,21.83,21.63,21.77,21.37,21.77,21.53,21.53,21.53,21.83,21.30,21.03,20.87,20.87,21.17,20.60,20.27,20.53,20.23,19.93,19.57,19.40,19.03,18.77,18.37,18.00,18.00,17.93,17.93,17.73,18.17,18.07,18.07,18.53,18.67,18.53,18.50,18.43,18.47,18.63,18.80,18.63,18.47,18.33,18.33,18.07,18.07,18.03,18.70,18.53,18.07,18.07,18.07,17.93
17.20,17.07,16.80,17.03,17.97,18.80,18.00,17.73,17.70,17.70,17.47,18.07,18.07,18.07,18.27,18.33,18.10,18.27,18.27,18.27,18.10,18.07,18.13,18.30,18.17,18.07,17.53,17.90,18.00,18.13,18.13,17.53,17.53,18.30,18.33,18.33,18.10,17.67,17.97,17.70,18.43,18.37,18.37,18.37,19.30,18.87,18.20,18.20,18.97,19.17,19.33,19.97,19.40,19.73,19.73,19.73,19.90,19.90,19.83,18.73,18.73,19.50,19.50,19.50,19.27,19.67,20.07,20.60,20.40,20.20,20.20,20.37,21.87,22.33,23.10,23.20,23.57,24.30,24.30,24.50,23.87,23.90,23.30,23.67,23.13,23.00,23.00,23.00,23.03,23.07,23.07,22.40,22.20,22.40,23.20,22.77,22.73,22.17,22.30,22.30,22.30,22.33,23.00,22.83,22.67,22.43,22.33,21.90,21.83,21.77,21.67,21.77,21.70,21.73,21.73,21.83,21.30,20.73,20.87,21.17,21.17,20.73,20.70,20.60,20.23,20.07,19.47,19.40,19.03,18.73,18.37,18.23,17.97,17.97,18.17,18.17,18.43,18.50,18.17,18.17,18.73,18.73,18.67,18.30,18.30,18.30,18.60,18.60,18.60,18.33,18.07,18.07,18.53,18.60,18.70,18.17,17.50,17.83,17.83,17.83
17.20,16.77,16.77,17.03,17.50,17.73,17.60,17.73,17.73,17.73,17.70,18.10,18.10,18.30,18.33,18.33,18.27,18.63,18.30,18.27,18.13,18.13,18.33,18.33,18.30,18.17,18.17,17.90,17.90,17.90,18.27,18.27,18.37,18.30,18.30,18.10,18.10,17.93,18.20,17.70,18.37,18.37,18.53,18.53,19.47,19.10,18.97,18.20,18.70,18.90,18.90,19.40,19.27,19.27,19.27,19.07,19.63,19.43,19.43,18.80,18.80,19.10,18.93,19.00,19.00,19.27,19.67,20.63,20.60,21.13,20.43,20.73,21.17,22.47,22.60,23.17,23.47,23.47,23.73,23.80,23.73,23.80,23.33,23.67,23.50,23.30,23.20,23.07,23.07,23.07,23.30,23.20,22.20,22.20,22.40,22.77,22.77,22.13,22.30,22.30,22.30,23.00,23.07,22.83,22.67,22.27,21.63,21.67,21.83,21.83,22.07,22.00,22.00,21.73,21.47,21.47,21.13,20.67,20.67,21.17,21.17,21.13,20.73,20.70,20.40,20.03,19.70,19.43,18.83,18.73,18.37,18.23,18.20,18.00,18.17,18.17,18.37,18.17,18.10,18.17,18.47,18.73,18.60,18.20,17.93,17.93,18.57,18.60,18.93,18.77,18.67,18.17,18.47,18.47,18.80,18.40,18.40,18.20,18.20,17.83
16.67,16.77,17.03,17.27,17.50,17.77,17.83,18.07,17.83,18.07,18.00,18.53,18.10,18.30,18.27,18.27,18.33,18.90,19.33,18.70,18.13,18.33,18.33,18.33,18.23,17.87,17.37,17.60,17.60,17.87,18.27,18.37,18.40,18.30,18.17,18.10,18.23,18.23,18.23,17.93,18.33,18.20,18.37,18.20,18.37,18.53,18.97,18.70,18.33,18.70,18.90,19.13,19.27,19.07,19.07,18.70,19.33,19.33,19.43,19.10,19.10,19.37,19.57,19.37,19.07,19.67,19.83,20.67,20.90,21.13,21.17,21.10,21.20,21.93,22.53,22.47,23.17,23.17,23.13,23.40,23.43,23.43,23.43,23.50,23.50,23.30,23.20,23.20,23.20,23.07,23.20,22.87,22.20,22.33,23.30,23.30,22.90,22.23,23.00,22.30,22.30,22.17,23.07,22.83,22.53,22.37,21.53,21.67,21.67,21.67,22.07,22.07,22.70,21.70,21.47,21.33,21.33,21.07,21.07,21.17,21.23,21.17,20.80,20.40,20.03,20.03,19.97,19.23,18.87,18.93,18.73,18.93,18.53,18.70,18.70,18.73,18.83,18.27,18.17,18.20,18.73,19.10,18.60,18.37,18.57,18.43,18.57,18.57,18.93,18.93,18.77,18.17,18.17,18.17,18.03,18.17,18.17,18.33,18.20,17.60
16.37,16.40,16.77,17.07,17.27,17.07,17.77,18.13,18.13,18.30,18.03,18.03,18.00,17.43,18.07,18.07,18.70,18.90,19.33,18.53,18.47,18.47,18.70,18.33,17.97,17.87,18.40,18.40,17.60,17.60,17.87,18.40,18.43,17.57,18.23,18.23,18.60,18.53,18.23,17.93,18.33,18.37,18.37,18.53,18.33,18.53,18.07,17.77,18.07,18.33,18.73,18.93,19.27,18.80,18.60,18.57,18.57,18.57,18.80,18.80,19.10,19.10,19.37,19.37,19.17,19.67,19.63,19.93,20.90,21.20,21.20,21.20,21.47,21.70,21.87,21.87,22.43,22.90,23.40,23.70,23.67,23.43,23.33,23.33,23.43,23.33,23.30,23.13,23.33,23.23,23.37,22.87,22.80,22.80,23.30,23.13,22.90,22.90,23.37,23.03,23.00,22.17,23.07,22.70,22.53,22.37,21.53,21.33,21.60,21.67,22.10,22.10,22.10,21.43,21.27,21.33,21.53,21.53,21.50,21.07,21.40,21.23,20.77,20.40,20.00,19.97,19.83,19.23,18.87,19.20,18.93,18.93,18.57,18.70,18.73,18.73,18.50,18.10,18.20,18.30,18.53,18.53,18.37,18.37,18.57,18.57,18.57,18.83,18.93,18.93,18.77,18.17,18.17,18.17,18.43,18.33,18.40,18.40,18.60,18.20
16.67,16.40,16.40,16.87,17.07,17.53,17.83,18.13,17.93,18.30,18.00,18.00,17.43,17.43,17.67,18.27,18.27,18.27,19.33,18.70,18.70,18.70,18.70,18.07,17.97,17.87,18.40,18.40,17.70,17.70,18.40,18.40,18.40,18.23,18.23,19.00,19.07,19.07,18.20,18.00,18.33,18.67,18.33,18.53,18.33,18.73,18.07,17.77,18.07,18.53,18.53,18.80,18.17,18.27,18.03,18.27,18.43,18.67,19.00,18.53,18.53,18.67,19.20,19.57,19.57,19.73,19.73,20.37,20.43,20.90,21.10,21.33,21.47,21.60,21.60,21.87,22.33,22.77,22.90,23.67,23.43,23.33,23.33,23.33,23.37,23.30,22.60,22.97,23.13,23.23,23.23,22.87,22.87,23.50,23.70,23.50,22.83,22.83,23.00,23.17,23.00,23.17,23.17,22.97,22.53,22.53,22.37,21.67,21.60,21.60,21.60,21.80,21.80,21.43,21.27,20.93,21.53,21.33,21.53,21.07,21.77,21.40,21.27,20.27,19.83,19.83,19.83,19.43,19.13,19.20,19.10,19.10,18.53,18.57,18.73,18.73,18.83,18.43,18.47,18.53,18.73,19.23,18.17,18.17,18.30,18.50,18.53,18.87,18.97,18.97,18.37,18.17,18.17,18.03,18.03,17.77,17.77,18.13,18.13,18.13
16.20,14.77,16.37,16.40,17.03,17.33,17.83,18.13,18.13,18.63,18.03,18.03,18.03,18.30,18.37,18.37,18.27,17.77,17.90,17.90,18.53,18.47,18.77,18.77,18.93,18.50,18.50,18.40,17.80,17.80,18.37,18.37,18.23,17.57,18.03,19.20,19.07,18.10,17.90,17.90,18.20,18.70,18.70,18.73,18.33,18.87,18.00,17.77,17.77,18.07,18.53,18.80,18.80,18.17,17.77,18.07,18.43,18.47,18.47,18.30,18.30,18.53,18.67,19.20,19.37,19.57,19.73,19.93,20.43,20.70,20.83,21.33,21.47,21.47,21.47,21.67,22.23,22.33,22.77,23.13,23.20,22.60,22.70,22.70,23.33,23.07,22.60,22.60,23.00,23.23,23.37,23.23,23.60,23.80,23.80,23.13,22.83,22.83,23.53,23.53,23.53,23.57,23.57,23.17,22.70,22.47,22.47,22.77,21.93,21.83,21.83,21.80,21.60,21.40,21.27,20.93,21.47,21.30,21.50,20.63,21.50,20.40,20.73,20.33,19.83,19.60,19.60,19.43,19.43,19.20,18.60,18.80,18.27,18.57,18.13,18.50,18.43,18.43,18.43,18.47,18.47,18.67,18.00,18.00,18.00,18.50,18.53,18.97,18.97,18.93,18.27,18.27,18.20,18.00,18.00,18.17,17.90,18.03,18.03,18.77
16.20,16.20,16.37,16.47,17.33,17.33,17.83,18.30,17.83,18.63,18.63,18.63,18.53,18.30,18.30,18.37,18.27,17.90,17.90,17.90,19.03,18.77,18.77,18.83,18.97,18.93,18.50,17.80,17.80,18.10,18.37,19.07,19.07,17.57,17.57,18.03,18.03,17.63,17.90,17.90,17.90,18.63,18.17,18.20,18.20,18.87,18.87,18.87,17.80,18.07,18.10,19.03,19.03,18.27,18.27,18.17,18.47,18.47,18.47,18.53,18.53,18.53,18.67,18.93,19.37,19.43,20.43,19.73,20.70,20.70,20.83,21.53,21.63,21.33,21.10,21.10,22.33,22.33,22.63,21.93,22.77,22.13,22.27,22.50,22.83,22.83,22.83,23.00,23.00,23.30,23.37,23.30,22.63,22.63,23.50,22.93,22.93,23.53,23.67,23.97,23.90,23.90,23.87,23.47,23.10,22.47,22.47,22.87,22.77,21.83,21.83,21.37,21.57,21.40,21.50,21.30,21.47,21.30,21.47,20.63,21.40,20.27,20.33,20.33,19.60,19.60,19.60,19.43,19.43,19.43,18.27,18.27,17.77,18.80,18.13,18.77,18.27,18.67,18.47,18.47,18.13,18.13,17.90,17.70,17.83,18.50,18.50,19.33,19.00,18.37,18.27,18.37,18.20,17.83,17.83,18.17,17.90,18.03,18.03,18.13
