16.30,17.00,18.17,18.37,18.40,18.73,19.57,18.93,18.47,18.47,19.47,19.47,20.07,20.07,20.07,19.50,19.20,19.57,19.33,19.57,19.33,19.70,19.97,19.97,18.80,18.80,20.07,20.07,20.03,19.57,20.33,20.33,19.80,19.33,18.67,18.93,18.93,19.53,18.73,19.80,20.10,20.10,19.80,19.97,19.70,19.70,18.93,17.70,16.47,16.03,15.03,12.67,11.83,11.20,10.40,10.40,10.23,10.60,10.80,10.80,9.93,9.93,9.93,10.90,10.90,10.47,10.47,10.47,9.30,9.50,9.87,9.50,9.33,8.63,10.07,8.73,10.07,10.10,10.10,9.67,9.43,9.67,10.40,10.40,10.33,9.93,9.93,9.63,10.07,9.33,9.43,9.33,10.23,9.27,11.03,10.37,10.50,10.50,10.57,11.30,12.17,13.13,13.73,13.73,14.83,15.47,16.17,16.77,17.80,18.23,18.47,18.60,18.60,18.30,18.30,19.00,19.00,19.00,19.17,19.23,19.27,19.30,19.27,19.37,19.37,19.83,19.60,19.87,19.07,19.60,19.23,19.60,19.23,19.83,19.27,19.93,19.27,20.57,20.47,20.47,19.17,19.50,19.87,19.87,19.47,19.47,19.60,20.20,19.60,19.03,19.03,19.90,20.13,19.90,18.33,18.33,18.83,19.47,18.73,18.53
17.00,17.30,18.10,18.33,18.37,18.40,18.63,18.63,18.70,18.70,19.17,19.17,19.17,20.07,19.50,19.50,19.20,19.57,19.33,19.57,18.57,19.17,19.43,19.47,19.10,18.80,19.43,20.03,19.57,19.57,19.83,19.83,19.57,18.80,18.80,18.93,18.90,18.93,18.90,20.07,20.10,20.47,20.10,20.10,19.97,19.50,18.80,17.83,16.47,15.83,15.13,13.23,11.87,11.33,10.40,10.23,10.07,10.17,9.90,9.20,9.27,9.93,10.57,10.57,10.90,10.47,10.47,9.87,9.83,9.50,9.60,9.50,9.33,8.63,9.30,8.73,9.50,9.50,9.87,9.87,9.67,9.93,10.33,10.33,9.60,9.60,9.63,9.63,10.07,9.37,9.43,9.13,10.23,10.23,10.53,10.33,10.33,10.47,10.53,11.17,11.87,12.70,13.23,13.23,13.73,14.83,15.47,16.77,16.77,18.23,18.47,18.67,18.60,18.67,18.73,19.00,19.10,19.17,19.23,19.37,19.23,19.27,18.87,19.30,19.37,19.67,19.60,19.60,18.97,18.97,19.00,19.23,19.57,19.57,19.53,19.27,19.27,19.07,19.17,19.50,19.17,19.50,19.77,19.77,19.47,19.47,19.60,20.20,19.43,19.10,19.43,19.90,20.13,19.90,19.07,19.47,19.07,19.07,18.73,18.73
18.77,18.77,18.10,18.17,18.17,18.27,18.40,18.53,18.93,19.47,19.50,19.47,19.10,19.10,19.23,19.60,19.23,19.80,19.83,19.73,18.80,19.10,19.43,19.43,19.23,19.10,19.43,20.00,20.00,19.53,19.53,19.57,19.57,19.07,19.03,19.03,18.93,19.17,19.93,20.20,20.07,20.60,20.40,20.20,19.50,19.37,19.03,18.73,16.50,15.83,15.13,14.40,12.27,11.40,11.00,10.17,9.90,9.90,9.20,9.20,9.27,10.53,10.53,10.57,10.90,10.43,9.87,9.80,9.83,9.83,9.60,9.47,8.47,8.47,9.17,9.30,9.50,9.50,9.83,9.83,9.67,9.03,9.33,9.53,9.53,9.17,8.77,8.73,8.77,9.37,9.13,9.00,9.13,10.23,10.47,10.37,10.23,10.37,10.50,10.70,11.57,12.17,12.33,13.17,13.13,13.93,14.83,15.27,16.70,17.00,17.77,18.53,18.53,18.67,18.73,19.07,19.23,19.37,19.43,19.67,18.77,18.67,18.67,19.23,19.23,19.17,18.93,19.13,18.97,18.97,18.97,18.63,19.40,19.40,19.53,19.30,19.30,19.07,19.13,19.17,19.17,19.60,19.60,19.77,19.47,19.27,19.10,19.10,19.43,19.67,19.73,18.97,19.73,19.73,19.73,19.93,19.07,19.00,18.73,18.73
18.67,18.77,18.77,18.33,18.33,18.27,18.53,18.60,19.10,19.13,19.17,19.17,19.17,19.10,19.37,19.23,19.10,19.03,19.43,19.40,19.10,19.10,19.43,19.13,19.13,19.10,19.70,19.70,19.43,19.10,19.10,19.57,19.57,19.67,19.80,19.80,19.40,19.40,20.07,20.40,20.07,20.60,20.40,20.20,19.50,19.50,19.03,18.77,17.63,15.97,15.60,15.03,12.80,12.23,11.33,10.40,9.90,9.40,9.20,9.20,9.40,10.57,10.97,10.97,11.37,10.40,10.03,9.80,9.70,9.20,9.60,9.60,9.60,9.53,9.53,9.53,9.60,9.50,9.63,9.67,9.67,9.53,9.53,9.53,9.53,9.10,8.63,8.63,8.73,10.03,9.67,9.63,9.67,9.83,9.93,10.33,9.93,10.23,10.23,10.70,10.70,11.57,11.80,13.00,11.97,13.17,14.47,14.97,15.10,16.70,17.03,18.53,18.53,18.67,18.73,19.33,19.33,19.33,19.33,19.50,18.83,18.67,18.57,18.67,19.23,19.63,18.90,18.90,18.70,19.13,18.63,19.00,19.17,19.40,19.30,18.77,18.77,19.07,19.10,19.17,19.53,19.87,19.53,19.47,19.47,19.57,19.17,19.17,19.53,19.67,19.73,19.00,19.00,19.73,19.07,19.93,18.43,19.07,18.93,18.93
18.67,18.77,19.30,18.73,18.20,17.87,18.33,18.60,19.17,19.73,19.73,19.50,19.17,19.17,19.37,19.23,19.23,19.10,19.43,19.40,19.40,19.10,19.00,19.00,19.23,19.43,19.87,19.90,19.70,19.23,19.10,19.53,19.73,19.80,19.90,19.83,19.40,20.20,20.40,20.13,19.60,19.90,19.60,19.30,19.30,19.30,19.03,18.77,18.20,16.37,15.93,15.60,14.40,12.80,11.70,10.40,10.17,9.77,9.40,9.77,10.37,10.40,10.53,11.23,11.23,10.17,10.17,9.70,9.47,9.03,9.47,9.33,9.47,9.80,9.80,9.60,9.63,9.60,9.63,8.83,8.83,8.83,9.40,9.40,9.40,9.10,8.23,8.73,8.43,9.70,9.67,9.67,9.63,9.63,9.83,9.67,9.93,9.93,10.23,10.70,10.70,10.70,11.50,12.07,11.97,12.07,13.00,13.67,14.47,15.10,16.43,17.03,18.27,18.30,18.67,18.73,18.73,19.20,19.33,19.23,19.83,18.83,18.67,18.67,18.57,18.87,19.60,19.17,19.17,19.47,19.30,19.50,19.30,19.47,19.40,19.30,19.10,19.10,19.13,19.17,19.20,19.63,19.47,19.47,19.47,19.57,19.57,19.57,19.63,19.67,19.63,19.00,18.63,18.67,18.67,18.67,18.57,19.00,19.00,19.23
18.60,18.60,18.77,18.20,18.33,18.20,18.60,18.60,19.13,19.13,19.17,19.17,19.17,19.57,19.37,19.20,19.20,19.03,19.03,18.90,18.90,19.00,19.00,19.57,19.43,19.57,19.70,19.90,19.57,19.20,19.20,19.73,19.87,19.83,19.90,19.90,19.93,20.17,20.07,19.63,19.53,19.53,19.40,19.40,19.43,19.30,19.00,18.43,18.20,17.37,16.03,15.60,15.03,13.90,12.13,10.40,10.30,9.97,9.77,9.77,10.30,10.40,11.23,10.27,10.27,10.40,10.93,10.40,8.70,8.23,8.70,9.03,9.73,10.43,10.27,9.80,9.60,9.40,8.70,8.63,8.83,9.40,9.53,9.40,9.27,9.27,9.50,10.13,10.13,9.70,9.67,9.70,9.67,9.53,9.17,8.87,9.07,8.87,9.27,10.43,10.43,10.70,10.37,11.50,11.97,12.03,12.10,12.10,13.47,13.67,15.63,16.37,18.03,18.17,18.67,18.73,18.50,18.97,19.00,19.00,19.13,19.13,18.87,18.83,18.83,19.60,19.60,19.17,18.70,19.23,19.27,19.37,19.30,19.37,18.77,18.70,18.83,19.10,19.17,19.17,19.20,19.63,19.57,19.10,19.10,19.53,19.63,19.63,19.63,19.63,19.53,19.50,19.00,18.67,18.60,18.60,18.60,19.30,19.10,19.07
18.60,18.87,18.87,18.20,18.20,18.33,18.47,18.70,19.43,19.43,19.47,19.17,18.93,19.17,19.40,19.27,19.23,19.23,19.17,18.90,18.90,18.93,19.00,19.57,19.43,19.40,19.40,20.13,19.90,19.20,19.17,19.20,19.87,19.87,19.93,19.83,19.93,20.13,20.13,20.13,19.63,19.60,19.43,19.43,19.50,19.30,18.97,18.43,18.20,17.87,17.30,15.93,15.60,15.07,13.90,11.70,10.50,10.30,9.77,9.77,10.37,10.40,10.37,9.87,9.87,9.73,10.17,8.40,8.23,8.07,8.40,8.43,9.53,10.20,9.80,9.50,9.37,9.40,8.70,8.83,8.97,9.07,9.07,9.27,9.23,9.40,9.47,10.07,9.43,9.47,9.67,10.00,10.00,9.63,9.53,9.10,8.97,8.97,9.20,9.60,10.00,10.37,10.37,10.37,10.80,11.17,11.30,11.87,12.27,13.30,13.57,15.63,16.73,18.03,18.03,18.33,18.13,18.50,18.83,18.90,18.93,18.93,18.93,18.83,18.97,19.60,19.60,19.10,19.00,19.10,19.27,19.33,19.30,18.87,18.70,18.83,19.37,19.37,19.10,18.87,19.13,19.57,19.57,19.10,19.53,19.53,19.77,19.90,19.90,19.90,19.70,19.73,20.00,19.13,18.67,18.60,18.60,19.10,19.10,19.07
19.27,18.87,18.40,18.33,18.47,18.47,18.70,18.70,19.97,19.97,19.47,18.93,18.93,18.90,19.57,19.40,19.27,19.27,19.43,19.30,19.30,19.17,19.67,19.60,19.47,19.40,19.40,20.13,19.57,19.20,18.97,18.97,19.40,19.47,19.83,19.83,20.13,20.13,20.13,20.20,19.63,19.60,19.43,19.63,19.63,19.50,19.33,18.67,18.67,18.07,17.37,16.70,15.17,14.40,14.00,12.13,11.70,10.63,10.10,10.10,10.40,10.80,10.70,10.00,9.87,9.73,9.57,8.87,8.23,8.23,8.40,9.83,9.53,10.00,9.73,9.50,8.43,8.70,8.63,9.10,8.97,8.97,8.83,8.83,8.97,9.27,9.47,9.70,9.43,8.93,8.93,9.67,10.00,9.63,9.63,8.83,8.97,9.20,9.27,9.60,9.87,10.27,10.00,10.20,10.27,10.97,11.13,11.13,12.10,12.27,13.07,13.63,15.63,16.73,17.70,18.33,17.93,18.90,18.87,18.90,18.87,18.93,18.87,18.87,18.87,19.27,18.87,18.83,18.83,19.00,19.27,19.27,19.27,18.87,18.70,19.00,19.37,19.37,19.27,19.37,19.13,19.57,19.57,19.10,19.20,19.10,19.53,19.63,19.77,19.90,20.13,19.93,20.17,19.93,20.00,19.13,19.73,19.30,19.17,19.10
19.27,19.20,18.87,18.50,18.50,18.47,18.47,18.70,19.47,19.97,19.47,19.30,19.00,18.90,19.83,19.67,19.40,19.43,19.67,19.67,19.57,19.20,19.57,19.47,19.47,19.47,19.47,20.13,20.07,19.57,18.97,18.87,18.97,19.40,20.53,20.53,19.87,19.87,20.20,20.67,20.17,20.17,20.00,20.30,19.63,19.63,19.10,18.43,18.43,17.87,17.30,16.70,16.33,14.47,14.23,14.00,12.13,11.43,11.40,11.00,10.70,10.70,9.93,9.80,9.47,9.40,9.27,9.00,8.40,9.00,8.80,10.03,8.80,9.83,9.37,9.47,8.43,9.47,8.43,8.87,8.73,8.73,8.70,8.70,8.83,9.43,9.47,9.47,9.43,8.83,8.30,8.77,9.03,9.23,9.63,9.77,9.60,9.30,9.57,9.60,9.83,9.83,9.87,10.27,10.27,10.43,10.97,11.23,11.63,12.20,13.07,13.57,14.03,16.63,16.87,17.47,17.50,18.60,18.87,18.90,18.87,18.93,18.93,18.87,18.67,18.67,19.70,19.10,18.87,19.00,19.20,19.17,19.33,18.87,19.30,19.43,19.57,19.57,19.27,18.87,18.83,19.00,19.00,18.87,19.13,19.13,19.20,18.87,19.70,19.83,20.13,20.17,20.30,20.17,20.10,19.13,19.27,19.27,19.47,19.63
19.20,19.17,19.17,18.53,18.77,18.77,19.43,19.70,19.47,19.47,19.10,18.83,19.00,19.13,19.90,19.67,19.47,19.57,19.67,19.57,19.50,19.17,19.50,19.67,19.67,19.47,19.47,19.57,19.53,19.53,19.53,19.40,19.40,19.40,19.57,20.27,20.27,20.27,19.80,19.80,19.70,19.83,19.83,20.00,19.63,19.63,19.10,18.53,18.50,17.87,17.07,16.70,16.47,14.47,14.37,14.23,14.00,12.53,12.13,11.67,10.70,10.70,9.93,10.43,9.93,9.40,9.27,9.10,9.10,9.93,9.07,9.20,9.07,9.37,8.93,8.93,8.33,8.33,8.37,8.37,8.43,8.73,8.73,8.93,8.97,9.53,9.67,9.67,9.43,8.93,8.83,8.77,8.77,8.57,8.47,8.23,9.30,9.43,9.53,9.53,9.53,9.30,9.53,10.07,10.10,10.43,10.97,10.97,11.63,12.17,12.77,13.13,14.03,15.03,16.27,16.63,17.47,18.00,18.87,19.33,19.33,19.13,18.87,19.03,18.87,18.80,19.03,19.03,19.03,19.13,19.17,19.07,19.33,19.07,19.30,19.30,19.67,19.90,19.50,19.50,19.07,18.83,18.83,18.83,18.87,18.87,19.13,18.87,18.87,19.70,19.70,19.93,20.33,20.30,19.73,19.40,19.40,19.47,19.63,19.63
19.17,19.17,19.30,19.57,19.43,18.47,19.43,19.70,19.70,19.27,19.00,18.83,19.00,19.33,19.63,19.63,19.47,19.47,19.77,19.57,19.00,18.60,19.47,19.93,19.93,20.07,19.20,19.47,19.53,20.17,20.30,20.30,20.30,19.97,20.23,20.23,20.23,20.27,19.80,19.37,19.70,20.00,20.00,20.33,20.30,20.50,19.87,18.57,18.50,18.10,17.30,17.20,16.53,16.07,14.47,14.47,14.57,13.60,12.53,12.13,11.67,10.77,9.93,9.80,10.10,9.40,9.30,9.27,9.60,9.93,9.10,9.20,9.07,9.37,9.37,9.47,9.63,9.47,9.10,8.43,8.73,8.87,9.53,9.17,9.43,9.53,9.60,9.60,9.60,9.20,8.97,8.83,8.70,8.57,8.47,8.80,9.47,9.43,9.47,9.23,9.13,9.13,9.13,9.93,10.10,10.43,10.77,10.77,11.23,11.23,12.77,12.77,13.00,14.03,15.03,15.93,16.27,17.50,18.27,18.67,18.80,18.73,18.80,19.03,19.03,19.00,19.03,19.27,19.13,19.13,19.13,19.07,19.20,19.20,19.20,19.30,19.70,19.90,19.07,18.77,18.83,18.83,18.83,18.87,18.93,18.93,18.93,19.60,19.10,19.70,19.10,19.50,20.20,20.20,19.67,19.13,19.27,19.40,19.53,19.53
19.17,19.30,19.30,19.13,19.13,19.43,19.47,19.83,19.70,19.47,19.27,18.90,19.13,19.63,19.63,19.63,19.40,19.40,19.97,19.57,19.00,18.53,19.43,19.93,19.93,20.07,19.20,19.70,19.70,19.80,20.53,20.57,20.53,19.97,19.97,20.03,20.27,20.30,20.13,19.27,19.33,19.37,19.83,20.30,20.00,20.00,19.70,19.17,18.77,18.57,17.83,17.37,16.90,16.10,15.87,15.43,14.83,14.60,13.00,12.13,11.33,11.00,10.50,10.10,10.10,9.57,9.57,9.60,10.13,10.13,9.63,9.50,9.43,9.50,9.43,8.93,9.53,9.10,9.10,8.27,8.50,9.67,10.00,9.53,9.17,9.17,9.53,9.60,9.60,8.97,8.97,8.97,9.57,9.40,9.40,9.40,9.83,9.43,9.43,8.57,8.77,9.13,9.20,9.30,9.53,9.93,10.10,9.50,10.47,10.33,11.17,11.17,12.20,12.60,13.40,14.33,15.00,16.10,17.83,18.27,18.80,18.80,19.00,19.03,19.03,18.93,18.93,19.03,19.13,19.13,18.57,18.97,19.20,19.20,19.20,19.17,19.17,19.83,19.07,19.07,19.23,18.83,19.40,18.83,18.93,18.80,18.80,19.77,19.60,19.77,19.10,19.33,19.77,19.77,19.37,19.33,19.40,19.80,19.70,19.53
19.30,19.43,19.33,19.33,19.13,19.47,19.43,19.43,19.63,19.53,19.27,19.23,19.63,19.63,19.63,19.37,19.40,19.40,19.97,19.50,19.40,19.00,19.43,19.93,20.07,20.47,20.47,20.60,20.07,20.57,20.30,20.57,20.30,20.30,20.23,20.23,20.30,20.30,20.17,19.37,19.37,20.17,20.20,20.20,19.70,19.70,19.70,19.17,18.97,18.77,18.17,17.97,17.30,17.10,16.30,16.43,15.87,14.83,14.20,13.00,11.77,11.00,10.60,9.37,9.37,9.37,9.60,9.73,9.60,10.13,9.63,9.63,9.37,9.50,9.80,9.63,9.63,9.53,9.93,9.10,9.67,9.93,10.50,10.00,9.10,8.90,8.90,8.97,8.97,8.53,8.43,8.70,9.63,9.40,9.40,9.40,9.83,9.03,8.90,8.77,9.07,9.20,9.20,9.53,9.53,9.53,9.37,8.90,8.90,8.90,10.33,10.33,11.17,11.87,12.43,12.67,14.00,14.70,16.27,17.27,18.33,18.73,19.00,19.00,18.93,18.80,18.80,18.87,18.83,19.17,19.37,19.20,19.20,19.20,19.20,19.17,18.97,18.97,18.77,18.77,19.03,19.03,19.40,19.37,19.03,18.83,18.63,19.30,19.60,19.47,19.40,19.33,19.40,19.37,19.27,18.93,19.23,19.33,19.67,19.67
19.50,19.43,19.13,19.13,19.47,19.50,19.43,19.40,19.53,19.53,18.90,18.90,19.63,19.97,19.97,19.37,19.40,19.40,19.50,19.40,19.40,19.33,19.77,20.20,20.40,20.40,20.40,20.80,20.07,20.27,20.17,20.17,20.17,20.10,20.03,20.03,20.30,20.17,19.57,19.57,19.10,19.73,19.30,19.33,19.70,19.70,19.47,18.80,19.17,18.17,18.17,18.17,17.37,18.37,17.30,16.73,16.30,15.23,15.20,14.20,12.97,11.33,10.97,10.17,9.37,9.37,9.57,9.73,9.73,10.17,10.17,9.63,9.37,9.43,9.80,9.43,9.53,9.53,9.83,8.27,8.27,9.93,10.30,9.53,9.17,8.90,8.90,8.63,8.97,8.53,8.43,8.43,10.03,9.57,9.57,9.40,9.30,9.30,9.30,9.57,9.27,10.03,9.53,9.53,9.37,9.17,9.17,9.10,8.73,8.63,8.63,10.70,11.47,11.77,11.87,12.00,12.67,13.67,15.00,16.10,18.33,18.90,19.00,18.83,18.70,18.70,18.80,18.87,18.73,18.77,18.77,18.97,19.37,19.17,19.17,18.93,18.73,18.77,18.73,19.03,19.23,19.37,19.40,19.37,19.07,18.63,18.63,19.27,19.60,19.60,19.60,19.40,19.40,19.37,19.37,18.93,18.93,18.67,19.23,19.67
20.17,20.03,19.13,19.13,19.13,19.07,18.97,19.07,19.63,19.63,18.27,19.00,19.60,19.70,19.70,19.37,19.20,19.03,19.40,19.17,19.33,19.33,20.27,20.27,20.40,20.27,20.40,20.43,20.27,20.27,19.97,19.87,19.87,19.87,20.03,19.77,20.73,20.17,20.17,19.97,19.97,19.97,19.77,19.77,19.83,19.70,18.93,18.50,19.03,18.70,19.03,18.70,18.60,18.53,17.30,16.57,16.13,16.13,15.33,15.20,13.80,13.00,11.27,10.60,10.60,10.37,10.37,9.73,9.43,9.40,9.27,8.90,8.77,8.90,9.43,9.67,9.53,9.83,9.90,9.93,8.37,9.63,9.53,9.53,9.53,8.93,9.03,8.97,8.97,9.40,9.43,9.43,9.43,9.03,9.00,8.73,9.00,9.30,9.43,9.57,9.27,9.57,9.27,9.57,9.17,9.17,9.07,8.77,8.73,8.50,9.00,10.70,11.47,11.73,11.73,11.80,12.27,13.10,14.00,15.40,16.77,17.60,18.83,18.83,18.83,18.87,18.87,18.93,18.77,18.77,18.77,18.97,19.10,19.17,19.37,19.17,18.97,18.77,18.70,18.87,18.87,19.03,19.17,19.17,19.07,18.90,18.83,19.27,19.30,19.53,19.47,19.40,19.40,19.50,19.50,18.93,18.93,18.30,18.73,18.73
20.20,20.03,19.17,19.17,19.13,19.07,19.07,19.57,19.57,19.00,18.93,19.10,19.40,19.63,19.63,19.27,19.27,19.03,19.47,18.93,18.93,18.93,20.27,20.27,20.27,20.03,19.70,19.70,20.63,20.63,20.13,19.97,19.77,19.77,19.77,19.77,19.77,19.37,19.40,19.57,19.40,19.07,19.00,19.00,19.97,19.83,19.10,18.93,19.10,19.03,19.13,18.70,18.90,17.97,17.30,16.33,16.13,15.97,15.33,15.20,14.57,13.63,13.00,10.97,10.80,10.43,10.37,9.53,9.43,9.47,9.47,9.27,8.80,8.90,9.00,9.67,9.13,9.90,9.90,9.83,9.13,9.63,9.63,9.53,9.50,8.90,8.90,8.90,9.33,9.67,9.67,9.50,9.43,9.07,9.57,9.57,9.43,9.33,9.43,9.83,9.83,9.83,9.27,9.23,9.00,8.97,8.90,8.90,8.43,8.50,9.20,9.93,10.60,10.33,10.60,10.73,11.77,12.27,13.67,14.63,15.53,16.47,18.50,18.67,18.83,19.17,18.93,18.93,18.43,18.43,18.77,18.97,18.97,18.97,19.20,19.03,19.00,19.00,19.00,19.33,19.00,19.00,19.00,19.03,18.97,19.07,18.97,19.27,19.27,19.60,19.60,19.57,19.57,19.57,19.67,19.10,19.43,18.57,18.73,18.73
20.10,20.03,19.37,19.33,19.07,19.07,18.90,19.57,19.47,19.00,19.00,19.33,19.40,19.33,19.53,19.27,19.27,19.17,19.87,19.60,19.37,19.37,19.93,19.93,19.70,19.70,19.80,19.80,19.90,19.97,20.10,20.10,20.10,19.77,19.83,19.67,19.83,19.67,19.83,19.80,19.40,19.13,19.00,19.83,19.97,19.83,19.10,19.10,19.10,19.10,19.03,18.70,18.90,18.17,17.97,16.90,16.93,16.93,15.87,15.20,15.13,14.50,13.37,12.00,11.63,10.80,10.37,9.50,9.23,8.90,8.90,9.17,8.90,9.20,9.00,9.67,9.00,10.10,10.10,9.83,9.57,9.30,9.50,9.50,9.47,8.90,8.90,9.03,9.40,9.50,9.50,9.70,9.70,9.70,9.07,9.07,9.33,9.03,9.03,8.77,9.03,9.23,9.00,9.00,8.53,8.53,8.53,8.33,8.00,8.00,9.00,9.20,9.43,9.93,10.53,10.63,10.73,11.60,13.00,14.00,14.63,15.60,16.47,17.80,18.80,19.00,18.87,18.87,18.27,18.27,19.10,18.97,19.10,19.03,19.83,19.57,19.20,19.00,19.00,19.00,19.00,19.03,19.03,19.03,18.97,18.97,18.97,19.17,19.67,19.80,19.80,19.57,19.40,19.53,19.53,19.47,19.47,19.10,19.07,18.47
19.97,19.37,19.33,19.37,19.43,19.80,19.60,19.57,19.47,18.93,18.93,19.40,19.40,19.33,19.17,19.27,19.53,19.87,19.90,19.90,19.80,19.37,19.57,19.93,20.03,19.70,20.03,20.03,20.03,19.97,19.97,20.13,20.13,19.83,19.67,19.43,19.67,19.67,19.63,19.40,19.27,19.13,19.13,19.73,19.97,19.97,19.30,19.10,19.20,19.13,19.07,18.93,18.93,18.70,18.23,17.73,17.77,17.70,16.93,15.80,15.17,14.57,14.27,12.23,12.10,11.90,9.83,9.60,9.60,9.23,9.23,9.20,9.17,9.27,9.87,9.07,9.07,9.20,9.57,9.30,9.30,9.23,9.80,9.80,9.67,9.67,9.67,10.00,10.00,10.27,10.20,10.47,10.17,10.17,10.07,10.43,9.50,9.03,8.77,8.70,8.43,8.43,8.87,8.87,8.53,8.47,8.50,8.47,7.90,7.90,7.90,7.93,7.90,9.43,9.93,10.13,10.73,11.03,11.60,13.00,13.97,14.63,15.60,16.47,18.50,19.00,18.80,18.27,18.27,18.90,19.17,18.90,19.20,19.17,19.20,19.17,18.87,18.87,19.00,19.33,19.00,19.03,19.03,19.03,19.03,19.20,19.23,19.23,19.67,19.80,20.03,19.80,19.57,19.30,19.30,19.30,19.30,19.30,19.30,19.00
19.37,19.33,19.13,19.33,19.87,19.87,19.60,19.40,19.47,19.40,19.40,19.33,19.17,19.17,19.17,20.13,19.53,19.90,19.87,19.90,19.80,19.93,20.03,20.03,20.07,20.03,20.03,20.03,19.83,19.83,19.87,20.10,20.10,19.87,19.67,19.23,19.67,19.67,19.83,19.63,19.37,19.57,19.37,19.83,19.83,19.83,19.30,19.20,19.20,19.13,19.07,19.13,19.00,18.83,18.83,18.17,18.00,17.87,17.70,16.17,15.70,14.83,14.27,13.87,12.23,11.90,11.20,9.83,9.60,9.23,9.17,9.17,9.03,9.20,10.00,9.87,9.17,9.20,9.57,9.30,9.10,9.10,9.17,9.43,9.47,9.67,9.77,10.00,9.77,9.60,9.97,10.47,10.17,10.37,10.17,10.27,9.50,9.10,9.03,8.70,8.37,8.37,8.00,8.53,7.43,7.60,8.47,8.47,7.90,7.53,7.83,7.57,7.70,8.70,9.40,9.30,10.13,11.03,11.60,12.30,12.30,13.40,14.40,14.73,16.17,17.80,18.27,18.27,18.90,18.90,18.90,18.80,18.90,19.17,19.33,19.37,18.87,18.87,18.83,19.40,19.53,19.03,19.03,19.03,19.03,19.20,19.23,19.23,19.50,19.67,19.67,19.40,19.40,19.53,19.53,19.47,19.30,19.30,19.30,19.77
19.37,19.20,19.07,19.07,19.13,19.77,19.57,19.57,19.40,19.40,18.77,18.70,18.83,19.13,19.17,19.27,19.53,20.00,19.90,19.90,19.70,19.47,20.03,20.10,20.40,20.03,20.03,20.03,19.83,19.53,19.83,20.03,20.03,19.67,19.20,18.90,19.23,19.50,19.83,19.57,19.20,19.20,19.20,19.63,19.63,20.10,19.63,18.93,19.07,19.07,19.13,19.37,19.37,18.97,18.60,18.10,17.83,17.70,17.70,16.80,15.97,15.60,14.83,14.27,14.27,13.50,11.77,10.47,9.77,9.67,9.23,9.07,9.07,9.77,9.77,9.33,9.33,9.20,9.43,9.10,8.70,9.10,8.73,9.17,9.43,9.43,9.67,9.57,9.57,9.60,9.97,10.47,10.17,10.17,10.17,10.27,9.67,9.67,9.50,8.70,8.07,8.00,7.73,7.80,7.73,8.20,8.20,8.50,8.07,7.70,7.70,7.57,7.70,7.93,8.70,8.90,9.30,9.83,10.47,11.23,11.47,11.83,13.03,13.63,14.67,16.17,17.80,18.17,18.83,18.80,18.67,18.47,18.47,18.70,18.87,19.07,19.07,19.07,19.40,19.40,18.97,18.97,18.90,19.03,19.03,19.23,19.23,19.23,19.43,19.10,19.67,19.00,19.00,19.70,19.73,19.73,19.80,19.80,19.77,19.77
19.27,19.13,18.90,18.93,19.07,19.57,19.33,19.57,19.33,19.67,18.83,18.83,18.93,19.17,19.27,19.27,19.53,20.00,20.00,20.00,19.47,19.47,20.23,20.23,20.40,19.90,20.00,19.90,19.40,19.40,19.57,20.03,20.00,19.87,19.67,19.27,19.33,19.33,20.03,19.57,19.53,19.20,19.20,19.43,19.43,19.33,19.30,18.93,18.80,18.70,19.13,19.13,19.20,18.83,18.77,18.60,18.33,17.83,17.70,17.03,17.00,15.70,15.23,15.23,14.43,14.27,12.67,11.20,10.47,9.87,9.47,9.83,9.07,9.70,9.33,9.33,9.57,9.73,9.87,10.03,8.70,9.17,9.17,9.20,9.40,9.40,9.77,9.57,9.57,9.37,9.60,9.97,10.07,10.07,10.07,10.27,10.27,10.47,9.60,9.33,8.93,8.40,7.73,7.73,7.67,7.67,8.07,8.07,8.43,7.63,7.70,7.63,8.20,8.13,8.43,8.93,9.13,9.83,10.10,10.80,11.23,11.27,12.33,12.97,13.30,14.10,16.43,17.53,17.53,17.77,17.97,18.10,18.47,18.67,18.80,19.37,19.63,19.10,19.10,19.10,19.20,18.97,18.77,18.90,19.07,19.40,19.33,19.50,19.50,19.40,19.40,18.90,18.83,18.83,19.73,19.27,19.33,19.33,19.37,19.37
19.13,19.13,18.90,18.90,18.93,19.23,19.33,19.33,18.77,18.77,18.83,18.93,19.17,19.40,19.90,19.90,19.90,20.00,20.10,20.07,19.40,19.33,19.33,19.93,19.63,19.90,19.47,19.90,19.43,19.43,19.43,20.00,19.67,19.83,19.57,19.57,19.27,19.33,19.33,19.33,19.20,19.20,19.20,19.33,19.33,19.33,18.93,18.80,18.80,18.70,18.87,18.70,18.70,18.77,18.77,18.80,18.83,18.83,17.83,17.30,17.17,16.87,16.43,16.30,15.70,14.80,14.40,12.67,10.83,9.60,9.07,9.07,9.77,9.77,9.33,9.33,9.87,9.87,9.73,8.83,8.83,9.17,9.27,9.33,9.53,9.87,9.97,9.57,9.57,9.60,9.67,10.13,9.73,9.47,9.07,9.47,9.67,9.67,9.00,9.00,8.60,8.00,7.73,8.33,8.20,8.00,8.07,8.27,8.27,7.70,8.07,8.13,8.20,8.13,7.87,8.90,8.90,9.60,9.60,9.83,10.10,11.23,11.67,12.33,12.70,13.30,14.97,16.77,16.87,17.53,17.77,18.10,18.67,18.70,18.80,19.07,19.07,19.07,19.00,19.10,19.13,19.20,19.20,19.37,19.07,19.27,19.27,19.43,19.43,19.40,19.40,18.90,19.70,18.83,18.63,18.93,19.33,20.07,19.37,19.13
19.13,18.97,18.97,18.90,19.57,19.43,19.43,19.27,19.00,19.20,19.20,19.17,19.17,19.40,19.90,19.97,19.97,20.27,20.10,20.07,19.40,19.37,19.67,19.93,19.67,19.90,19.60,19.70,19.57,19.60,19.57,19.60,19.57,19.67,19.67,19.73,19.73,19.33,19.33,19.33,19.53,20.17,19.53,19.47,19.33,19.07,18.70,18.67,18.70,18.67,18.37,17.67,18.70,18.80,18.90,18.83,18.90,18.83,18.57,17.37,17.30,17.17,16.70,16.70,16.30,15.70,14.80,13.13,11.17,10.73,9.07,9.50,9.50,9.80,9.80,9.80,9.93,9.77,9.73,8.97,8.97,8.97,9.23,9.27,9.20,9.20,9.07,9.07,9.03,9.23,9.47,9.73,9.47,9.47,9.17,9.47,9.33,9.23,9.00,9.00,8.60,8.03,8.40,8.43,8.33,7.63,7.63,7.67,7.67,7.67,8.13,8.13,8.13,8.13,8.13,8.93,8.83,8.97,8.83,9.67,9.97,9.97,10.67,11.33,11.90,12.27,13.30,15.33,16.43,16.77,17.53,18.53,18.67,18.80,18.80,19.47,19.47,19.10,19.10,19.10,19.20,19.20,19.23,19.23,18.70,19.07,19.07,19.47,19.43,19.40,19.40,19.47,19.70,18.83,18.90,18.63,19.27,19.17,19.13,18.47
19.13,19.13,18.97,18.90,19.30,19.50,19.43,19.43,19.27,19.20,19.23,19.20,19.60,20.03,20.03,19.97,19.97,20.27,20.13,19.70,19.60,19.33,19.87,19.90,19.87,19.90,19.67,19.70,19.70,19.77,19.60,19.23,19.23,19.23,19.23,19.73,19.73,19.73,18.73,18.73,18.73,19.13,19.23,19.33,19.33,19.07,19.07,18.70,19.00,19.00,18.87,18.87,18.87,18.87,18.90,19.20,19.20,19.20,18.57,17.97,17.60,17.67,17.67,16.87,16.70,16.20,14.83,14.80,12.70,11.17,9.40,9.50,9.70,9.80,10.00,9.80,9.93,9.70,9.57,8.90,8.90,8.97,9.17,9.17,9.07,9.43,9.07,9.03,8.83,9.03,9.20,9.20,8.93,8.93,9.07,9.47,9.33,9.07,8.60,9.07,8.60,7.83,7.83,8.43,8.43,7.90,7.90,7.90,7.67,8.27,8.43,8.43,8.33,8.00,8.00,8.00,8.60,8.53,8.60,9.60,9.67,9.17,10.07,11.10,11.33,12.10,12.67,13.80,15.53,16.33,17.53,18.27,18.53,18.80,18.93,19.47,19.47,19.47,19.00,19.13,19.27,19.30,19.33,19.37,19.13,19.13,18.93,19.43,19.43,19.40,19.40,19.37,19.70,19.13,19.13,19.13,19.60,19.60,19.10,18.47
18.47,19.67,19.67,19.23,19.23,19.30,19.27,19.27,19.63,19.90,19.90,19.60,19.60,19.83,20.03,20.27,19.77,19.77,19.70,19.43,19.60,19.97,19.97,19.90,19.67,19.67,19.67,19.60,19.60,19.60,19.60,19.23,19.23,19.23,19.63,19.63,19.73,19.60,19.03,19.33,18.87,18.87,19.13,19.23,19.27,19.07,19.07,19.07,18.97,19.00,19.00,19.57,18.97,18.97,19.10,19.27,18.43,18.43,18.47,18.43,17.97,17.70,17.67,17.30,16.57,16.20,16.20,14.83,13.20,12.13,10.97,10.63,9.70,9.80,9.80,9.77,9.77,9.63,9.63,8.90,8.90,8.43,9.07,9.07,9.07,9.33,9.07,9.07,8.70,8.70,8.80,9.20,9.47,9.17,9.17,9.33,9.27,8.43,8.43,8.73,8.03,7.90,7.90,8.43,8.33,7.90,7.53,7.67,7.67,8.43,8.43,8.43,8.40,8.00,8.00,7.77,8.13,8.53,8.53,8.90,9.63,9.17,10.00,10.00,10.67,11.00,12.27,12.67,14.03,15.80,16.33,17.97,18.47,18.47,18.80,19.47,19.47,18.70,18.63,18.67,19.27,19.30,19.33,19.47,19.20,19.20,18.93,19.43,19.47,19.40,19.33,19.17,19.17,19.00,19.27,19.30,19.60,19.17,19.17,19.17
19.83,19.90,19.13,19.23,19.23,19.33,19.17,19.17,19.17,19.57,19.67,20.07,20.03,20.57,20.03,19.80,19.67,19.80,20.00,19.43,19.70,19.93,19.97,19.87,19.67,19.53,19.53,19.50,19.30,19.13,19.10,19.10,19.10,19.17,19.50,19.40,19.03,19.03,18.53,18.53,18.37,18.53,18.83,18.83,18.90,19.07,19.07,19.27,19.17,19.27,19.57,19.63,18.97,18.87,18.80,18.93,18.90,18.90,18.90,18.47,18.47,17.97,17.87,17.43,17.10,16.57,16.20,15.43,13.37,12.37,11.33,11.27,10.97,9.87,9.87,9.87,9.77,9.43,9.00,8.73,8.43,8.43,9.17,9.33,9.33,9.37,9.43,9.37,8.70,8.60,8.60,8.93,9.17,9.17,9.10,9.10,8.93,8.47,8.37,8.47,8.23,7.87,7.90,7.90,7.90,7.90,7.93,7.93,7.93,8.27,8.27,8.27,8.13,7.77,7.47,7.17,7.83,8.13,8.73,8.83,9.63,9.67,10.07,9.97,9.97,10.43,11.50,11.73,13.17,14.27,15.80,16.77,17.97,18.27,18.80,19.00,19.00,19.10,18.77,18.83,19.30,19.40,19.57,19.57,19.20,19.20,19.33,19.43,19.33,19.27,19.23,19.17,19.23,19.27,19.30,19.30,18.93,19.60,19.60,19.60
19.83,19.90,20.13,19.73,19.23,19.33,18.77,19.17,18.87,19.47,19.47,19.63,19.63,20.20,20.20,20.20,19.77,19.80,19.47,19.47,19.93,19.97,19.97,19.37,19.23,19.30,19.50,19.53,19.30,19.07,19.07,19.17,19.63,19.47,19.47,19.40,18.60,18.53,18.53,19.00,18.93,18.67,18.83,18.83,18.90,18.90,18.90,19.27,19.17,19.27,19.17,19.57,19.03,18.80,18.60,18.53,18.37,18.90,18.90,18.60,18.37,17.83,17.50,17.33,16.80,16.57,16.57,15.73,14.43,13.50,11.80,11.57,11.13,10.73,10.23,9.87,9.23,8.93,8.90,8.27,8.07,8.33,8.33,9.33,8.80,8.67,9.07,9.07,8.77,8.77,8.80,9.60,9.33,9.33,9.17,9.10,8.93,8.37,8.23,8.07,7.90,7.87,7.90,7.63,7.63,7.63,7.93,8.33,7.93,7.90,7.90,7.77,7.60,7.17,6.97,6.97,7.33,8.73,8.73,8.73,8.60,8.80,9.40,9.10,9.50,9.57,11.50,11.50,11.73,14.03,14.50,15.53,16.80,17.90,18.27,18.90,19.00,19.10,19.10,19.20,19.40,19.40,19.57,19.57,19.30,19.30,19.33,19.33,19.33,18.97,18.97,18.67,19.00,19.30,19.80,19.30,18.93,18.97,19.60,18.97
19.83,19.90,20.10,20.10,19.73,19.67,19.33,19.57,19.10,19.10,18.97,19.37,19.40,19.63,19.77,19.80,19.77,19.80,20.13,20.13,19.97,19.97,20.17,19.67,19.67,19.53,19.53,19.53,19.07,18.83,19.07,19.17,19.17,19.40,19.20,19.20,18.73,18.73,18.53,18.53,18.37,18.37,18.83,18.83,18.90,18.90,18.90,19.10,19.10,19.17,19.17,19.30,19.30,18.77,18.70,18.87,18.90,18.97,18.90,18.50,18.30,17.87,17.83,17.60,17.43,17.03,16.57,16.27,15.60,14.43,13.50,11.57,11.27,10.93,10.30,10.17,9.23,9.00,8.57,8.27,8.07,8.33,9.40,9.67,9.40,8.67,9.10,9.10,9.10,9.67,9.97,9.97,9.17,9.17,9.10,9.07,8.93,8.37,8.10,7.17,7.77,7.67,7.77,7.63,7.63,7.63,8.23,8.33,7.90,7.53,7.57,7.57,7.47,7.13,7.17,7.17,7.90,8.60,8.83,8.73,9.10,9.20,9.20,9.10,9.50,10.47,10.80,11.50,11.67,12.80,14.07,14.57,15.73,16.80,17.27,18.03,18.93,19.40,19.40,19.53,19.40,19.53,19.63,19.63,19.23,18.87,19.30,19.03,18.80,18.80,18.97,18.97,19.23,19.73,19.80,19.07,18.93,18.97,18.97,18.87
19.90,19.90,20.10,20.20,20.10,19.27,19.27,19.67,19.73,19.73,19.37,19.37,19.40,19.63,19.77,19.77,19.73,19.73,19.70,19.70,19.63,20.17,20.17,19.93,19.67,19.57,19.33,19.33,18.97,18.83,19.17,19.17,19.17,19.20,19.03,19.03,18.80,18.80,18.93,19.00,19.00,19.00,19.20,19.57,19.57,19.17,18.90,19.10,19.10,19.27,19.10,19.27,19.30,19.33,18.87,18.70,18.87,18.97,18.73,18.50,18.30,18.33,18.03,18.03,17.63,17.03,16.90,16.37,16.00,15.60,13.80,13.03,11.53,10.93,10.30,9.57,9.23,9.03,8.57,8.27,8.07,8.33,8.90,8.33,8.90,8.67,8.90,9.10,9.10,9.53,8.80,9.10,9.00,9.17,9.17,9.17,8.37,8.20,8.00,7.60,7.60,7.67,7.77,7.67,7.63,7.40,7.40,8.23,8.10,7.90,7.90,7.63,7.87,7.13,6.97,7.33,7.90,8.20,8.20,8.30,8.33,8.80,9.20,9.07,9.57,9.57,10.47,11.30,11.60,11.77,12.80,14.07,15.73,16.10,16.80,17.93,18.47,18.47,19.20,19.40,19.30,19.40,19.40,19.47,19.30,19.30,19.27,19.27,19.27,18.97,19.53,18.97,19.73,19.73,19.93,19.63,19.63,18.97,19.00,18.97
19.60,19.60,20.00,20.10,19.70,19.27,19.50,19.67,19.93,19.73,19.73,19.67,19.43,19.40,19.40,19.53,19.73,19.70,19.70,19.70,19.63,19.77,19.93,19.70,19.67,19.67,18.97,18.83,18.83,18.83,19.17,19.17,19.17,19.20,19.03,19.03,18.97,18.73,18.73,18.67,18.50,18.97,19.20,19.57,19.77,19.40,18.73,18.63,18.80,19.10,19.10,19.27,19.33,19.67,19.33,18.93,18.93,19.33,18.73,18.37,18.33,18.73,18.73,18.70,17.97,17.60,17.03,16.53,16.00,15.90,14.47,13.73,13.03,11.67,10.70,9.63,9.47,9.23,9.03,8.70,9.10,9.70,9.40,9.17,9.40,9.53,9.10,9.10,9.10,8.80,8.80,8.83,8.83,8.83,9.00,9.07,8.37,8.23,8.00,7.63,7.60,7.67,7.67,8.37,7.67,7.97,7.83,7.97,7.83,7.57,7.57,7.63,7.87,7.63,7.50,7.90,7.90,8.20,8.03,8.20,8.30,8.63,9.07,8.63,9.07,9.27,10.43,10.80,11.30,11.50,12.50,12.63,13.40,15.67,16.10,17.27,17.93,18.03,18.47,18.80,18.80,18.80,18.93,19.47,18.93,19.33,19.27,19.30,19.27,18.97,19.53,18.93,19.73,19.73,19.93,19.33,19.33,19.33,19.77,19.83
19.30,19.43,19.60,19.43,19.70,19.40,19.50,19.50,19.50,19.73,20.03,20.27,20.03,19.67,19.43,19.33,19.33,19.67,19.67,19.67,19.53,19.53,19.53,19.70,19.70,19.67,18.60,18.70,19.10,19.17,19.17,19.17,18.90,19.00,19.00,19.30,19.30,19.30,19.50,19.60,19.60,19.20,19.20,19.40,19.57,19.40,18.93,18.57,18.70,18.80,18.80,18.67,18.97,19.67,19.37,18.93,18.60,19.37,18.73,18.37,18.27,18.33,18.50,18.50,17.73,17.50,17.03,16.53,16.10,16.10,15.90,14.33,13.57,13.03,11.47,9.70,9.70,9.63,9.17,9.17,9.70,9.80,9.40,8.43,8.43,8.83,8.90,8.83,8.63,8.63,8.63,8.63,8.70,8.70,9.00,8.47,8.37,8.23,8.47,8.27,7.77,8.20,8.20,8.50,7.53,7.97,7.83,7.97,7.97,7.97,7.60,7.63,7.87,7.87,7.20,7.00,7.23,8.57,8.03,8.13,8.13,8.30,8.63,8.63,9.10,9.10,9.80,10.40,10.40,10.47,11.50,11.87,12.63,13.40,15.17,15.97,17.13,17.67,17.77,18.27,18.37,18.73,18.90,18.97,19.00,19.47,19.27,19.27,19.27,18.90,18.90,18.60,19.33,19.73,19.93,19.33,19.73,19.73,19.80,19.83
19.30,19.30,19.27,19.40,19.83,19.83,19.83,19.27,19.03,19.00,19.03,20.03,19.83,19.83,19.93,19.33,19.33,19.53,19.67,19.67,19.50,19.40,19.40,19.27,19.53,19.20,18.37,18.60,19.37,19.30,19.30,19.23,19.23,19.23,18.97,19.30,19.30,19.07,19.50,19.50,19.53,19.07,19.40,19.40,19.40,19.40,18.93,18.57,18.70,18.70,18.70,18.67,20.03,20.03,19.17,19.17,19.17,19.37,19.00,18.37,18.27,18.50,18.57,18.57,18.30,17.83,17.73,16.90,16.53,16.37,16.27,15.17,14.77,13.57,12.50,10.83,10.40,10.33,9.47,9.10,9.10,9.17,9.17,8.57,8.57,8.77,9.10,8.83,8.63,8.63,8.63,8.70,8.70,8.47,8.70,8.40,8.47,8.23,8.57,8.77,8.20,8.27,7.80,8.50,7.60,8.30,7.97,7.97,7.83,7.97,7.60,7.90,7.90,8.00,7.27,7.20,7.23,8.57,8.53,8.53,8.13,8.13,8.23,8.23,8.27,8.53,9.80,10.30,10.27,10.47,10.70,11.77,12.20,12.63,13.67,15.67,16.13,17.13,17.43,18.50,18.37,18.80,18.90,19.00,19.43,19.43,19.67,19.37,18.97,18.90,18.90,18.93,19.33,20.00,19.77,19.40,19.40,19.40,19.80,19.83
18.67,18.67,19.27,19.37,19.83,20.00,19.57,19.27,19.00,19.00,19.70,20.03,19.83,19.93,19.93,19.73,18.77,18.97,19.67,19.67,19.50,19.40,19.47,19.53,19.53,19.20,18.37,18.63,19.03,19.30,19.30,19.30,19.13,18.80,18.80,19.10,19.30,19.07,19.50,19.50,19.57,19.40,19.40,19.10,19.33,19.33,18.93,18.90,19.17,19.10,19.17,18.67,19.43,18.73,18.73,18.73,19.17,19.27,19.00,19.00,17.67,18.50,18.50,18.57,18.30,18.27,18.27,17.83,17.17,16.50,16.50,16.27,15.43,14.03,12.97,11.47,10.40,10.33,9.67,9.10,8.73,8.73,9.07,8.57,8.47,8.43,8.47,8.83,8.70,8.70,7.80,8.53,8.37,8.47,8.47,8.40,8.13,8.10,8.57,8.77,8.20,8.20,7.80,8.10,7.90,8.10,7.90,8.13,7.53,8.27,7.90,7.90,7.93,8.00,7.93,7.20,7.27,7.67,8.17,8.17,7.87,7.80,7.97,8.60,9.10,9.30,9.30,10.27,10.27,10.43,10.57,10.73,11.67,11.67,12.80,14.10,15.77,16.40,17.10,17.77,17.80,18.70,18.97,19.37,19.90,19.37,19.97,19.37,18.90,18.60,18.90,19.20,19.33,20.53,19.77,19.40,19.27,19.13,18.73,18.73
18.97,18.97,19.23,19.50,19.77,19.80,19.57,19.57,19.40,19.70,19.03,19.70,19.50,19.83,19.73,19.73,19.10,19.53,19.87,19.53,19.27,19.07,19.40,19.20,18.40,18.40,18.40,18.83,18.83,19.20,19.30,19.63,19.63,18.93,18.93,19.07,19.10,19.07,19.07,19.07,19.50,19.07,19.50,19.40,19.77,19.40,19.33,19.10,19.37,19.17,19.37,19.10,19.57,18.80,18.73,19.17,19.27,19.83,19.60,19.60,19.37,19.73,19.30,19.93,18.30,18.50,18.43,18.43,18.33,17.50,17.50,16.27,16.23,15.17,13.80,12.17,11.47,10.33,9.67,9.10,8.73,8.73,8.73,8.77,8.77,8.77,8.87,8.93,8.93,8.83,8.53,8.53,8.70,8.70,8.40,8.10,8.10,7.83,7.90,7.90,7.80,7.80,8.33,8.33,8.27,8.27,7.90,7.90,7.60,8.27,8.30,8.30,7.93,7.93,7.27,7.20,7.27,7.67,8.03,8.03,8.17,7.80,7.97,7.97,8.43,9.17,8.27,8.23,10.40,10.57,10.57,10.70,11.60,11.67,12.20,13.33,14.53,15.83,17.03,18.03,18.03,18.40,19.10,19.37,19.43,19.03,19.53,19.37,19.17,19.10,19.20,19.33,19.30,20.53,19.77,19.47,19.13,18.77,18.43,18.43
18.67,18.97,19.23,19.57,19.57,19.77,19.60,20.27,19.60,19.70,19.20,19.50,19.67,20.07,20.07,19.73,19.10,19.20,19.73,19.27,19.27,18.73,19.47,19.17,18.40,19.00,19.53,19.67,18.83,18.83,19.03,19.30,19.13,18.77,18.93,18.77,19.23,19.10,19.47,18.90,19.07,19.07,19.50,19.07,19.53,19.33,18.90,18.43,18.43,19.10,19.10,19.03,19.27,18.97,18.70,18.97,18.93,19.80,18.93,19.37,19.30,19.60,18.80,18.80,18.20,18.87,18.87,18.67,18.43,17.50,17.50,16.90,16.43,15.63,14.03,13.03,12.23,11.13,10.60,9.37,9.03,9.03,8.70,8.50,8.47,8.47,8.80,8.93,8.93,8.70,7.80,7.80,7.80,8.10,8.30,8.10,7.83,7.83,7.90,7.90,7.77,7.63,8.33,8.27,8.07,8.10,7.97,7.97,7.97,8.03,8.30,8.03,7.93,7.90,6.77,7.00,7.00,7.93,8.03,7.93,7.80,7.40,7.80,7.87,9.03,9.03,8.93,8.70,8.93,9.70,10.40,10.47,10.50,11.37,11.60,12.07,12.67,14.93,15.50,17.53,17.77,18.03,18.77,18.93,19.10,18.93,19.17,19.00,19.00,19.00,19.43,19.20,19.27,19.30,19.30,19.27,19.00,18.63,18.43,18.43
18.97,19.23,19.23,19.77,19.70,19.80,19.70,19.60,19.40,19.30,19.20,18.67,19.50,19.67,20.07,20.00,19.30,19.20,19.30,19.20,18.73,18.40,19.17,19.17,18.97,18.97,18.97,19.53,18.83,18.83,19.03,19.63,19.00,18.93,19.23,18.77,19.27,19.47,19.47,19.00,18.93,19.07,19.27,19.27,19.57,19.53,19.03,18.33,18.43,19.10,19.13,19.10,19.27,19.27,19.10,19.10,18.90,19.20,18.90,19.20,19.27,19.60,19.30,19.23,18.87,18.90,18.90,18.67,18.43,17.53,17.20,17.03,16.43,16.03,15.33,13.47,12.70,12.43,11.70,10.60,9.93,9.27,8.50,8.50,8.53,8.57,8.80,8.53,8.53,8.03,7.50,7.93,7.93,8.53,8.30,7.63,7.70,7.70,7.83,7.77,8.13,8.87,8.87,8.27,7.83,8.27,8.80,7.97,7.97,7.80,8.03,8.03,7.97,7.53,6.90,7.33,7.00,7.93,8.03,7.93,7.80,7.33,7.37,7.43,8.53,8.83,8.83,8.43,8.60,8.70,9.30,9.73,10.10,10.57,11.53,11.53,12.07,14.07,15.33,17.10,17.23,18.03,18.40,18.40,19.03,18.93,19.00,19.00,19.00,19.00,19.17,19.17,19.27,19.27,19.13,18.87,18.87,18.87,19.30,19.30
19.37,19.77,19.30,19.77,19.57,19.70,19.03,19.07,19.20,19.20,19.40,19.60,19.60,19.27,20.00,20.00,19.50,19.20,19.20,19.20,18.73,18.73,19.47,19.60,19.47,19.00,18.93,19.07,18.53,19.03,18.87,18.87,18.87,18.83,19.27,19.23,19.27,19.00,19.00,19.00,19.17,19.47,19.27,19.27,19.27,18.63,18.63,18.20,18.43,18.50,19.13,19.13,19.37,19.27,19.20,19.10,18.90,19.00,18.90,19.00,18.77,19.60,19.23,19.50,19.40,19.63,19.40,18.90,18.43,17.77,17.43,17.20,16.43,15.63,15.47,14.50,13.47,13.03,12.23,11.50,9.93,9.27,8.70,8.33,8.13,7.73,7.73,7.80,8.27,7.93,7.50,7.87,7.27,8.10,7.63,7.80,7.70,8.53,8.43,8.13,7.77,8.87,8.27,7.83,7.83,8.33,8.57,8.00,7.97,7.80,7.73,7.60,7.73,7.53,7.53,7.57,7.33,7.53,7.53,7.90,7.80,7.37,7.37,7.37,8.53,8.73,8.73,8.70,8.60,8.20,8.60,9.23,10.10,10.57,10.87,11.33,11.70,12.10,13.43,15.33,17.10,17.23,17.70,18.40,18.93,18.93,18.50,18.97,18.97,18.97,18.97,19.17,19.20,19.33,19.33,18.87,18.87,18.87,19.30,20.03
19.63,19.77,19.67,19.77,19.30,19.97,19.03,19.07,19.23,19.23,19.87,19.60,19.60,19.27,19.60,19.60,19.57,19.13,19.30,19.37,19.67,19.27,19.27,19.73,19.60,19.30,18.93,18.53,18.53,19.07,19.03,18.87,18.87,18.83,19.27,19.13,19.13,19.00,19.00,19.00,18.93,19.17,19.17,19.27,19.27,19.03,19.03,18.80,19.03,19.13,19.37,19.30,19.53,19.53,19.40,19.33,19.33,19.17,19.00,18.77,18.77,19.23,19.23,19.50,19.50,19.67,19.87,19.13,18.47,18.33,17.43,17.03,16.67,16.03,15.50,14.83,14.67,14.30,13.57,12.23,11.50,10.33,9.27,8.43,8.43,8.13,7.47,7.47,7.80,7.93,7.93,7.93,8.33,8.33,7.80,7.80,8.43,8.53,8.63,8.30,8.93,8.87,8.87,7.83,8.27,8.33,8.50,8.00,7.87,7.67,7.73,7.73,7.77,7.53,7.33,7.53,7.53,7.53,7.47,7.70,7.70,7.70,7.37,7.33,7.60,7.83,8.57,8.57,8.43,8.07,8.20,8.70,9.77,10.87,10.87,10.87,11.33,11.67,12.27,13.60,15.03,17.10,17.23,18.20,18.20,18.17,18.17,18.37,18.60,18.97,19.17,19.17,19.17,19.17,19.17,19.17,19.43,19.07,19.43,20.03
19.63,19.67,19.47,19.47,19.27,19.27,19.23,19.23,19.23,19.20,19.90,19.60,19.97,19.27,19.60,19.57,19.57,19.13,19.20,19.37,19.33,19.27,19.27,19.27,19.60,19.40,19.27,19.27,19.07,19.30,19.30,18.83,18.80,18.70,18.70,19.13,19.13,19.00,18.83,18.83,19.17,19.43,19.47,19.47,19.63,19.03,18.93,18.80,18.93,18.90,19.30,19.30,19.53,19.53,19.20,19.20,19.40,19.43,19.17,18.93,18.77,18.93,19.17,19.23,19.10,19.30,18.60,19.13,18.47,18.43,17.93,17.40,17.00,16.67,16.67,15.50,15.30,14.67,14.30,13.50,11.90,10.57,9.43,8.43,8.43,8.13,7.47,7.47,7.17,7.87,7.87,8.50,8.50,8.80,8.23,8.23,8.43,8.43,8.43,8.30,7.73,7.73,8.40,8.40,8.40,8.50,8.33,7.90,7.90,8.00,8.37,7.73,7.73,7.27,7.33,7.33,7.53,7.57,7.57,7.70,7.70,7.70,7.70,7.23,7.23,7.47,7.83,8.40,8.20,7.80,8.07,8.70,9.20,10.40,10.40,10.40,10.80,10.80,11.47,11.67,13.60,14.50,16.63,17.17,17.50,18.30,18.30,18.60,18.60,19.37,19.50,19.20,19.17,18.80,19.17,19.17,19.07,19.00,19.23,19.30
20.30,19.67,19.47,19.47,19.47,19.60,19.73,19.60,19.60,19.23,19.83,19.77,19.83,19.33,19.60,19.50,19.60,19.13,19.63,19.20,19.63,19.33,19.47,19.47,19.57,19.40,19.27,19.27,19.27,19.20,19.30,19.17,19.17,18.70,18.70,19.13,19.27,19.13,18.83,18.80,18.73,18.57,19.17,19.43,19.63,19.40,19.40,19.40,19.57,18.90,19.30,19.20,19.67,19.60,19.20,18.93,19.33,19.43,19.43,18.77,18.77,18.93,19.23,19.23,19.10,19.30,19.30,18.70,18.50,18.47,17.83,17.53,17.63,17.40,17.40,16.40,15.90,14.67,14.30,13.57,11.93,11.63,10.57,9.10,9.10,8.57,7.17,7.17,7.17,7.57,7.60,8.20,8.33,8.33,8.23,8.23,8.63,8.63,8.63,8.33,8.43,8.30,8.40,8.30,8.40,8.30,8.03,7.87,7.90,8.37,8.63,8.37,7.97,7.43,7.43,7.37,7.57,7.57,7.77,7.70,7.80,7.70,7.70,7.33,7.47,7.67,8.40,8.40,8.40,8.20,8.43,8.70,9.23,9.90,9.90,10.27,10.23,10.63,11.47,11.67,12.57,13.97,15.03,16.13,17.33,17.50,18.17,18.17,18.37,19.37,19.57,19.50,19.27,18.80,19.17,19.17,19.07,19.07,19.23,19.23
20.27,19.57,19.33,19.47,19.47,19.47,19.47,19.47,19.40,19.77,19.83,19.97,19.97,19.33,18.93,18.93,19.13,19.13,19.20,19.13,19.20,19.33,19.47,19.47,19.57,19.13,19.13,19.20,19.20,19.20,19.20,19.20,19.20,19.17,19.40,19.27,19.40,18.80,19.23,18.80,19.23,19.23,19.43,19.43,19.37,19.37,18.80,18.73,18.93,18.73,19.30,19.20,19.77,20.30,19.20,18.93,19.07,19.43,19.00,18.93,18.93,18.93,19.17,19.10,19.10,19.00,18.63,18.63,18.47,18.50,18.73,18.83,18.83,17.73,17.63,17.13,16.17,15.90,15.23,13.83,12.67,11.63,11.43,9.43,9.40,8.73,7.17,7.50,7.30,7.50,7.30,8.07,8.07,8.07,8.03,8.03,8.33,8.33,8.33,7.90,7.60,7.73,7.73,7.97,8.27,8.27,7.83,6.80,7.53,7.93,8.53,7.50,7.27,7.10,7.33,7.37,7.70,7.70,7.80,7.50,7.90,7.90,7.87,7.53,7.53,7.67,7.67,7.70,7.70,7.70,7.87,8.50,9.20,8.87,9.60,10.27,10.23,10.23,10.63,11.47,11.73,12.67,13.50,14.97,16.63,18.00,18.13,18.20,18.20,19.07,19.10,19.10,19.27,18.83,19.27,19.00,18.67,18.63,18.63,18.80
19.60,19.57,19.57,19.60,19.60,19.30,19.30,19.40,19.77,19.77,19.83,19.83,19.83,19.50,18.83,18.83,18.90,19.13,19.13,19.13,18.63,19.47,19.60,19.57,19.37,18.90,18.90,19.90,19.20,19.17,19.17,19.33,19.63,19.63,19.73,19.27,19.40,18.80,18.87,18.83,18.83,18.73,18.60,18.73,18.73,19.20,18.97,18.97,19.00,18.73,19.00,18.60,19.20,18.67,19.07,19.07,19.07,19.53,18.77,19.00,19.00,19.77,19.80,19.63,19.50,19.17,18.73,18.73,18.50,18.00,18.00,18.83,18.83,18.53,17.40,17.13,16.43,16.57,15.63,14.50,13.27,12.67,11.63,10.23,9.73,9.40,8.17,8.17,7.50,7.50,7.43,7.77,8.07,8.07,8.03,8.03,8.33,8.00,7.93,7.60,7.60,7.73,7.73,7.73,7.83,7.83,7.37,6.80,7.53,7.53,7.53,7.50,7.50,7.27,7.63,7.70,7.73,7.73,7.80,7.13,7.80,8.50,8.83,7.87,7.87,7.93,7.67,7.70,7.70,8.43,7.93,8.50,8.87,8.87,9.40,9.60,9.97,10.00,10.70,11.60,11.73,12.63,12.97,13.50,15.27,17.23,18.00,18.13,18.20,18.37,18.70,19.07,19.40,19.40,19.47,19.07,18.67,18.50,18.37,18.37
19.43,19.43,19.57,19.57,19.10,19.03,19.03,19.53,20.10,20.20,20.10,19.97,19.97,19.60,18.93,18.83,18.93,19.47,19.47,19.47,18.63,19.60,19.60,19.93,19.80,18.90,18.90,19.47,19.47,19.33,19.33,19.57,19.63,19.57,19.73,19.60,19.73,18.47,18.87,18.83,18.83,18.73,18.73,18.73,18.93,18.83,18.97,18.97,19.00,19.00,18.70,18.60,18.57,18.67,18.67,18.87,18.63,18.63,18.53,18.73,19.37,19.77,19.80,19.50,19.17,19.17,18.73,19.00,18.33,18.13,18.13,18.83,18.53,18.53,17.73,17.20,16.60,17.20,16.57,15.23,14.50,13.27,12.37,11.17,10.27,9.73,8.73,8.87,7.43,7.77,7.43,8.13,8.33,8.47,8.33,8.03,8.33,8.00,7.93,7.57,7.57,7.60,8.23,8.43,7.83,7.73,7.63,6.90,6.90,7.07,7.50,7.27,7.50,7.27,7.10,7.70,7.73,7.77,7.80,7.40,7.40,8.83,8.83,7.53,7.67,7.67,7.67,7.70,7.70,7.87,7.93,8.13,8.23,8.70,9.27,9.30,9.97,9.97,11.00,11.50,11.50,11.43,12.67,13.30,14.17,16.57,17.87,17.87,18.20,18.97,18.87,18.87,18.87,18.97,19.07,18.67,18.13,18.10,18.13,18.37
19.43,19.43,19.43,19.27,19.27,19.30,19.33,19.60,20.23,20.10,20.23,19.70,19.70,19.40,19.40,19.27,18.90,19.47,19.47,19.63,19.50,19.60,19.60,19.93,19.80,19.40,19.47,19.73,19.73,19.67,19.67,19.67,19.67,19.53,18.83,19.03,19.20,19.03,19.20,18.87,18.83,18.73,18.73,18.73,18.83,18.97,18.97,19.00,19.00,19.00,18.20,18.20,18.47,18.47,18.53,18.67,18.67,18.67,18.73,18.73,19.30,19.80,20.03,19.80,19.50,19.30,19.07,19.13,18.13,18.00,18.13,18.53,18.53,18.53,18.70,18.10,17.33,17.33,16.57,16.40,15.17,14.50,13.27,11.17,10.40,9.73,9.67,9.17,8.17,8.57,7.77,8.47,8.47,8.47,8.03,7.73,7.93,8.47,8.47,7.93,8.17,8.23,8.43,9.00,8.63,8.63,8.57,8.57,8.30,7.70,8.20,7.70,7.97,7.63,7.63,7.73,7.73,7.80,8.20,8.53,8.53,8.53,8.60,7.37,7.37,7.57,7.57,7.87,7.93,8.80,8.63,8.30,8.23,8.30,8.30,8.33,9.30,9.97,10.67,11.20,11.20,11.20,11.20,12.47,13.27,14.37,17.23,17.40,17.97,18.97,19.57,18.97,18.97,18.97,18.80,17.73,18.13,18.13,18.37,18.37
19.70,18.90,19.27,19.27,19.27,19.27,19.33,19.60,19.90,19.90,20.10,19.70,19.40,19.10,19.40,19.67,20.07,19.67,19.90,19.93,19.87,19.83,19.47,19.83,19.80,19.47,19.47,19.47,19.47,19.67,19.67,19.67,19.57,19.20,18.83,19.03,19.20,19.63,19.63,19.53,18.90,18.90,18.93,18.93,18.93,18.97,18.97,19.00,18.83,19.00,18.83,19.17,18.47,18.47,18.53,18.63,18.67,18.67,18.80,18.73,18.73,18.73,19.80,19.80,19.70,19.37,19.07,19.13,18.13,18.13,18.87,18.87,18.40,18.40,18.70,18.27,18.10,17.33,17.17,16.57,15.60,15.57,13.53,12.93,11.03,9.73,9.17,8.93,7.93,7.93,7.83,8.33,8.33,8.30,7.73,7.73,7.80,9.00,9.00,8.73,8.53,8.60,8.43,8.60,8.43,8.57,8.03,7.73,8.30,7.70,8.30,7.73,7.80,7.73,8.13,8.20,7.90,7.90,8.20,8.73,8.73,8.47,7.20,7.20,7.10,7.77,7.77,7.93,7.87,7.87,8.23,8.23,8.17,8.10,7.97,8.33,9.20,9.20,10.10,10.67,10.67,10.57,10.57,11.70,12.47,14.17,14.87,17.00,17.40,18.13,19.57,19.17,18.87,18.77,18.77,18.27,18.27,18.27,18.40,19.20
19.93,19.87,19.47,19.47,19.47,19.33,19.33,19.47,19.70,19.70,19.13,19.03,19.13,19.17,20.07,19.27,19.77,19.00,19.50,19.50,19.03,19.37,19.17,19.40,19.40,19.40,19.47,19.47,19.37,19.37,19.43,19.67,19.03,19.03,18.87,18.87,18.87,19.20,19.27,19.27,18.77,18.90,18.90,18.93,18.93,18.97,18.73,18.97,18.83,18.97,18.97,18.83,19.17,18.47,19.13,19.07,19.20,18.80,18.80,18.73,19.30,19.83,19.80,19.80,19.57,19.13,19.13,19.17,18.17,17.97,18.17,18.50,18.50,18.17,18.67,18.80,18.57,18.10,16.90,16.43,16.10,16.03,15.40,13.40,12.10,11.03,9.93,8.93,8.17,8.77,8.60,8.60,8.60,8.03,7.90,7.80,7.73,8.47,8.90,8.73,7.93,8.17,7.60,8.33,8.33,8.57,8.60,7.90,7.90,7.67,7.80,7.80,7.97,7.97,8.27,8.40,8.40,7.90,8.07,8.47,8.47,8.43,7.20,7.60,7.60,7.93,7.57,7.93,7.93,7.97,8.17,8.30,8.10,8.10,7.97,8.40,8.40,8.93,9.20,9.97,10.23,10.23,10.47,11.53,11.77,12.93,14.37,14.87,17.37,17.97,18.80,19.17,19.23,18.97,18.97,18.97,18.97,18.43,19.07,19.33
20.17,20.30,20.43,20.43,19.77,19.77,19.47,19.47,19.37,19.37,19.13,19.57,19.17,19.17,19.17,19.10,19.67,19.50,19.77,19.00,19.03,19.03,19.17,19.17,19.17,19.10,19.17,19.37,19.37,19.37,19.40,19.20,19.03,19.00,19.00,18.87,19.17,19.27,19.10,18.77,18.77,18.90,18.90,18.93,18.93,19.10,18.90,19.03,18.97,19.07,19.33,19.03,19.03,18.67,19.13,19.13,19.13,19.13,18.73,18.80,19.03,19.10,19.27,19.10,19.07,19.07,19.17,19.43,19.43,19.03,19.13,18.50,18.67,18.50,19.00,18.87,18.87,18.27,17.77,16.90,16.73,16.43,15.67,15.40,12.60,11.97,11.27,9.93,8.97,8.83,8.60,8.30,8.33,8.27,7.93,7.90,7.57,8.10,8.07,8.07,7.40,7.27,7.57,7.60,8.03,8.03,7.87,7.87,7.87,7.67,8.23,8.30,8.30,8.00,8.00,8.33,8.33,8.10,7.77,8.43,8.47,8.43,8.03,8.20,8.03,8.17,7.63,7.57,7.57,7.93,7.97,8.17,8.07,8.07,8.40,8.77,8.77,8.77,8.77,9.20,9.73,9.73,10.23,11.30,11.53,11.53,13.27,14.37,15.50,17.10,17.50,18.80,18.73,18.83,18.97,18.97,18.43,18.43,19.07,19.20
20.30,20.30,20.43,20.43,20.37,20.33,19.93,19.77,19.40,19.33,19.40,19.57,19.57,19.17,19.17,18.50,19.50,19.00,19.73,19.00,19.03,18.97,18.97,18.83,18.83,18.83,19.10,19.47,19.40,19.37,18.90,17.77,17.77,19.03,19.03,18.87,18.87,18.77,18.77,18.93,18.93,18.93,18.70,18.93,18.93,19.10,18.90,19.03,19.07,19.07,19.03,19.03,18.73,18.67,19.07,19.20,19.13,19.13,18.90,19.03,19.27,19.27,19.57,19.07,18.77,18.77,19.90,20.00,19.70,19.43,19.17,19.13,19.00,18.67,19.00,18.87,18.87,18.60,18.03,16.90,16.73,16.73,16.43,15.67,14.60,13.03,11.90,11.27,9.93,8.87,8.87,8.33,8.33,8.00,7.90,7.90,7.57,8.07,7.80,7.93,7.40,7.60,7.60,7.60,8.33,8.33,7.87,7.87,7.87,7.90,8.30,8.40,8.57,7.93,7.67,7.67,7.67,7.47,7.57,7.60,7.60,8.30,8.03,8.30,8.03,8.23,7.63,7.57,7.93,8.00,7.97,8.03,8.03,8.40,8.70,8.77,8.40,8.77,8.73,9.20,9.53,9.53,10.13,10.80,11.30,11.47,12.73,13.27,14.37,16.43,17.37,18.40,18.73,19.40,18.97,18.90,18.90,19.07,19.13,19.13
20.17,20.17,20.30,20.03,20.03,20.03,19.77,19.77,19.40,19.37,19.40,19.90,19.83,19.17,19.10,18.50,19.50,18.50,19.73,19.30,19.30,19.23,19.00,18.97,19.00,19.07,19.10,19.50,19.40,19.37,19.03,19.07,19.87,19.07,19.30,18.83,18.77,18.57,18.93,19.10,19.37,19.37,19.13,19.13,18.70,18.60,18.90,19.10,19.47,19.47,19.03,19.03,18.73,19.20,19.20,19.20,19.13,19.13,18.90,19.27,19.27,19.27,19.27,19.10,19.07,18.50,19.90,20.00,19.70,19.43,19.40,19.33,19.23,19.13,19.07,18.97,18.83,18.60,18.43,18.03,17.67,17.00,16.43,15.97,14.70,14.07,12.83,11.90,10.17,8.87,8.57,8.33,8.33,8.00,8.03,8.03,7.80,8.07,7.80,7.97,7.83,7.83,7.90,8.33,8.63,8.33,7.43,6.57,7.13,8.13,8.37,8.40,8.73,7.67,7.67,7.67,7.67,8.33,7.57,7.50,7.57,7.57,8.00,8.17,8.00,8.20,8.00,8.03,7.90,7.93,7.93,8.03,8.57,8.60,8.83,8.77,8.70,8.13,8.13,8.73,9.37,9.50,9.97,10.43,10.83,10.60,11.83,12.97,13.27,13.90,16.43,17.10,17.83,18.40,18.67,18.73,18.83,19.00,19.13,19.00
19.83,19.73,19.60,19.60,20.03,20.07,19.77,19.40,19.40,19.40,19.40,19.47,19.77,19.47,19.77,18.97,19.87,18.50,18.93,18.80,18.97,19.23,19.00,19.33,19.07,19.57,19.50,19.50,19.30,19.00,18.90,19.07,19.07,18.93,18.93,18.57,18.57,18.30,18.93,19.37,19.37,19.37,18.93,19.13,18.67,18.67,19.23,19.23,19.47,19.03,18.97,19.77,19.43,19.43,19.20,19.23,19.03,19.07,18.90,19.27,19.10,19.27,19.17,19.17,18.97,18.37,18.50,18.93,19.27,19.27,19.27,19.23,19.13,19.13,19.07,18.83,18.77,18.60,18.43,17.67,17.67,17.67,16.60,15.97,15.00,14.70,13.53,12.80,11.90,8.87,8.57,8.33,8.33,8.23,8.33,8.33,8.50,8.60,7.97,8.77,7.90,7.90,7.90,8.33,8.43,8.33,7.70,6.57,7.13,8.13,8.40,8.40,8.03,7.70,7.67,7.67,7.67,7.80,7.80,7.43,7.50,7.50,8.00,8.00,8.00,8.17,8.00,7.60,7.90,8.03,7.90,7.60,7.93,8.03,8.57,8.70,8.70,8.70,8.17,8.73,8.97,9.37,9.83,9.97,10.23,10.53,11.67,11.90,12.53,13.87,14.30,16.03,17.33,18.30,18.67,18.90,18.83,19.00,19.13,19.13
20.33,19.40,19.40,19.60,20.03,19.90,18.77,19.07,19.40,19.40,19.63,19.37,19.77,19.33,19.77,19.43,19.80,19.63,18.93,18.80,18.93,19.23,19.33,19.57,19.33,19.57,19.57,19.43,19.30,19.17,19.17,19.37,19.37,18.77,18.87,18.87,18.87,18.57,18.93,19.20,18.93,19.20,18.97,18.97,18.67,18.60,19.23,19.23,19.00,18.97,18.97,19.60,19.43,19.73,19.63,19.63,18.67,18.67,18.37,19.07,18.37,19.17,19.17,19.37,19.10,18.87,18.50,18.93,19.07,19.00,19.07,19.37,19.43,19.37,19.10,18.77,18.33,18.43,18.43,18.40,17.80,17.67,17.67,16.03,15.73,15.73,14.40,13.53,12.60,11.20,9.13,8.57,8.67,8.67,8.73,8.50,8.57,9.23,8.60,8.77,7.93,7.90,7.90,7.73,8.43,7.70,7.70,7.00,8.57,8.13,8.13,8.03,7.97,7.97,7.70,7.50,7.97,7.97,7.80,7.50,7.63,7.57,8.27,8.00,8.00,7.80,7.80,7.57,7.90,7.90,7.93,7.83,7.93,7.83,8.57,8.73,8.73,8.13,8.13,8.17,8.67,9.10,9.47,9.70,9.83,10.43,10.77,11.13,11.77,12.73,13.43,13.87,16.03,17.33,18.00,18.73,18.73,18.83,18.83,19.17
20.17,19.57,19.27,19.33,20.20,19.90,19.30,19.30,19.43,19.40,19.43,19.20,19.63,19.33,19.33,19.43,19.63,19.50,19.50,18.90,18.93,18.90,19.57,19.33,19.33,19.13,19.27,19.30,19.27,19.00,19.00,19.37,19.60,18.77,18.87,18.93,19.17,18.57,18.53,18.53,18.53,18.83,18.97,19.10,18.97,19.13,19.23,19.00,18.97,18.93,18.97,18.93,19.10,19.60,19.60,19.03,18.60,18.63,18.37,18.90,18.37,18.90,19.10,19.37,19.20,19.07,18.87,19.00,19.00,18.77,18.53,18.53,19.37,19.37,19.27,18.60,18.57,18.57,18.43,17.93,17.83,17.80,17.70,16.73,16.63,16.17,15.80,14.57,12.80,11.67,10.27,9.43,9.37,8.73,8.97,8.97,8.97,8.97,8.60,8.63,8.07,8.07,8.07,7.73,7.73,7.70,7.87,7.93,8.60,8.60,8.03,7.83,7.97,8.00,7.70,7.40,7.40,7.97,7.97,7.80,8.40,8.43,8.57,8.27,8.27,7.80,8.50,7.60,7.77,7.77,8.17,7.83,7.83,7.83,8.37,8.73,8.73,8.43,7.90,8.33,8.83,9.17,9.17,9.50,9.53,9.70,10.77,10.77,11.27,11.47,12.73,13.60,15.57,16.83,17.70,17.70,18.50,18.63,19.10,19.23
20.07,19.57,19.53,20.10,20.10,19.17,19.17,19.30,19.53,19.43,19.43,19.20,19.37,19.37,19.43,19.43,19.40,19.43,19.50,19.07,18.90,18.60,18.87,18.87,19.13,19.10,19.77,19.77,19.43,19.00,19.00,19.37,19.60,19.37,19.13,19.20,19.20,19.33,18.53,18.53,18.67,18.83,18.97,18.97,19.10,19.23,19.23,18.63,18.70,18.70,18.37,17.97,19.10,19.60,19.73,18.60,18.47,18.60,19.07,19.13,18.63,18.90,18.90,19.20,19.20,19.07,19.17,19.30,19.17,19.07,18.90,19.17,19.33,19.37,19.27,18.53,18.23,18.57,18.57,18.40,18.17,18.17,17.70,17.03,16.73,16.63,16.10,14.57,14.40,13.00,10.27,9.93,9.67,9.37,9.13,8.97,8.57,8.57,8.57,8.63,8.63,8.10,8.07,7.73,8.27,7.87,7.87,7.87,7.93,7.93,7.63,7.17,7.87,8.00,7.97,7.50,7.40,8.50,7.63,7.63,7.63,8.23,8.43,8.27,8.27,7.80,8.27,8.27,8.27,7.57,7.57,7.83,7.83,8.23,8.37,8.43,8.43,8.07,7.90,8.07,8.67,9.17,9.17,9.17,9.50,9.77,10.30,10.33,10.43,11.27,11.47,12.90,13.80,15.47,16.83,17.03,17.60,18.47,19.10,19.23
19.57,19.53,19.17,19.53,19.30,19.27,19.27,19.27,19.43,19.43,19.43,19.20,19.73,19.50,19.43,19.27,19.03,19.27,19.50,19.50,19.27,18.63,18.87,18.87,19.27,19.27,19.60,19.73,19.60,18.80,18.57,19.67,19.67,19.60,19.37,19.20,19.20,18.90,18.53,18.53,18.87,18.87,19.10,19.10,19.23,19.33,19.33,18.73,19.10,19.10,18.47,18.37,18.47,19.47,19.47,18.60,18.53,18.53,18.83,19.13,18.83,18.77,18.77,19.03,19.60,19.27,19.27,19.27,18.73,18.50,18.50,19.17,19.17,19.17,18.70,18.53,18.33,18.33,18.30,18.33,18.17,18.33,18.17,17.20,17.07,16.33,16.20,15.80,14.57,13.37,11.67,10.50,10.50,10.23,9.03,8.87,8.47,8.10,8.47,8.63,8.73,8.67,8.47,7.60,8.47,7.87,7.87,7.77,7.93,7.63,7.63,7.57,8.00,8.00,8.00,7.57,7.57,8.50,8.13,8.07,7.53,7.83,8.33,8.33,8.43,8.50,8.50,8.27,7.83,7.77,7.27,7.57,7.83,8.23,8.30,8.30,8.30,8.07,7.70,7.90,7.90,9.03,8.33,8.33,9.17,9.50,10.07,10.43,10.43,10.77,11.27,11.60,12.90,14.23,15.80,16.93,17.40,18.17,18.73,18.73
18.77,18.77,19.53,20.10,20.10,20.00,19.27,19.30,19.43,19.43,19.63,19.63,19.73,19.50,19.50,19.03,19.03,19.27,19.50,19.37,19.27,18.67,18.87,18.93,19.60,19.60,19.60,19.60,19.60,19.30,19.23,19.23,19.40,19.40,19.37,19.00,19.10,18.90,19.10,19.17,19.27,18.87,18.87,19.10,19.33,19.33,18.50,18.73,19.10,19.23,19.23,19.53,19.53,19.63,19.47,18.93,18.53,18.53,18.83,19.53,18.83,18.77,18.77,18.93,19.03,19.27,19.27,19.27,18.47,18.47,18.47,19.17,18.90,19.00,18.70,18.70,18.30,18.00,18.00,18.90,18.90,18.87,18.43,18.27,17.27,16.73,16.20,15.67,14.67,14.67,13.17,11.27,10.50,10.30,9.40,9.40,8.47,8.20,8.47,8.70,9.20,8.67,7.60,7.53,8.50,8.27,8.70,8.70,7.93,7.63,7.63,7.60,7.90,8.53,8.53,7.87,7.87,8.40,8.40,8.07,7.53,7.63,7.83,7.97,8.33,7.63,8.27,8.27,8.00,7.57,6.67,7.27,7.30,7.57,7.90,7.90,7.90,8.07,7.87,8.07,7.90,8.10,8.20,8.20,8.43,9.03,9.90,10.43,10.27,10.43,10.93,11.60,12.00,12.90,14.57,16.03,16.93,17.40,18.40,18.67
18.77,18.70,18.90,19.30,19.83,19.30,19.30,19.53,19.53,19.53,19.60,19.63,19.73,19.63,19.93,19.03,19.40,19.40,19.50,19.50,19.63,19.27,19.10,19.10,19.60,19.97,19.60,19.60,19.07,17.93,19.23,19.30,19.67,19.40,19.00,18.70,18.83,18.83,19.10,19.17,19.17,19.27,19.63,19.80,19.80,19.40,19.37,18.87,19.23,19.23,19.50,19.53,19.53,19.63,19.43,18.93,18.93,19.00,18.83,18.67,18.67,18.77,18.77,18.93,19.10,19.53,19.43,18.83,18.53,18.83,18.87,19.23,19.23,19.00,18.70,18.67,18.67,18.30,18.30,18.90,19.03,18.90,18.30,18.27,17.80,17.20,16.33,16.20,15.67,15.40,15.30,13.03,11.17,10.50,10.00,9.70,9.60,8.47,8.33,8.67,8.70,8.67,8.70,7.53,8.50,7.50,8.70,8.70,8.20,7.73,7.73,7.73,7.80,7.63,7.57,7.57,7.87,8.30,8.40,8.07,8.07,7.87,7.90,7.87,7.90,8.27,9.00,7.87,7.87,7.87,7.57,7.30,7.30,7.57,7.73,7.80,7.90,7.90,7.90,8.57,7.90,7.90,7.77,8.20,8.27,8.43,9.03,10.00,10.03,10.27,11.07,11.60,12.00,12.37,13.30,15.13,16.03,17.40,18.40,18.63
19.57,19.57,19.60,19.70,19.83,19.93,20.00,20.13,19.70,19.60,19.63,19.63,19.83,19.67,20.20,20.20,20.20,19.40,19.60,19.37,19.63,19.63,19.67,19.67,19.67,19.60,19.60,19.60,19.43,19.30,19.30,19.30,19.27,19.27,19.13,19.00,18.83,18.83,19.17,19.27,19.27,19.63,19.17,19.63,19.17,19.57,19.37,18.87,19.37,18.87,19.50,19.47,19.53,19.67,19.13,18.93,19.00,19.47,19.47,19.30,18.70,19.23,19.23,19.03,18.77,19.10,19.17,19.17,18.83,19.27,19.23,19.23,18.70,18.70,19.00,19.10,19.10,18.50,19.00,19.10,19.40,18.93,18.30,18.30,18.20,17.67,17.20,16.80,16.50,15.73,15.40,14.53,13.03,10.53,10.30,9.97,9.70,9.10,8.33,8.33,8.33,7.73,7.93,7.53,7.50,7.50,8.40,8.70,8.70,8.20,7.80,7.80,7.63,7.63,7.27,7.47,7.50,7.80,8.40,8.63,8.40,7.93,7.90,7.87,7.90,8.27,9.00,9.00,8.20,7.87,7.83,7.30,7.30,7.30,7.63,7.80,7.90,7.97,7.90,8.13,8.13,8.13,7.77,7.63,8.27,8.43,8.77,9.07,9.57,10.10,10.43,11.07,11.67,11.70,12.87,13.30,15.33,16.03,17.17,18.40
19.57,19.57,19.13,19.30,19.20,19.30,19.30,19.70,19.70,19.47,19.47,19.23,19.43,19.83,20.27,20.20,20.20,19.40,19.60,19.57,20.00,19.37,19.67,19.67,19.43,19.43,19.43,19.70,19.17,18.80,19.03,19.53,19.27,19.27,19.27,19.30,19.40,19.40,19.17,19.17,19.17,19.73,19.63,19.73,19.17,19.57,19.37,19.30,19.37,18.73,19.43,18.37,19.20,19.13,18.83,19.00,19.47,19.57,19.57,19.43,19.30,19.30,19.40,19.10,18.87,18.87,18.87,19.17,18.83,18.87,18.80,18.80,18.50,18.50,18.73,19.10,19.10,19.10,19.10,19.10,19.40,18.63,18.20,18.30,18.30,18.30,17.40,17.13,16.77,16.10,15.63,14.93,14.53,11.53,10.70,10.30,10.30,9.30,8.33,7.83,7.73,7.73,7.67,7.67,7.50,7.50,8.30,8.33,8.33,8.03,8.03,8.17,8.17,7.63,7.47,7.47,7.50,7.50,7.80,7.93,8.13,7.87,7.87,7.87,8.03,8.27,8.03,7.93,7.93,7.93,7.83,7.83,8.13,8.23,7.87,7.87,7.90,7.97,7.97,8.23,8.13,8.13,7.90,8.07,8.10,8.20,8.60,8.77,9.07,9.57,10.10,10.40,11.67,11.67,12.20,12.30,13.10,15.63,16.80,17.20
19.50,19.60,19.13,19.33,19.17,19.33,19.20,19.67,19.67,19.47,19.77,19.33,19.83,19.83,20.10,19.67,19.13,19.17,19.57,19.33,19.37,19.23,19.67,19.33,19.43,19.33,19.17,19.13,19.03,19.43,19.43,19.57,19.27,19.27,19.13,19.27,19.40,18.90,18.90,18.83,18.90,19.07,19.07,19.33,18.90,18.93,18.90,18.93,18.70,18.70,18.73,18.23,18.23,19.13,19.13,19.13,18.83,19.57,19.57,19.43,19.30,19.30,19.40,18.93,18.67,18.70,18.70,19.30,18.40,18.40,18.33,18.40,18.50,18.50,19.10,19.20,19.00,19.10,19.00,19.00,18.63,18.63,18.30,18.37,18.37,18.37,17.90,17.40,16.77,16.50,16.13,15.00,14.63,13.33,11.77,11.10,10.67,9.73,8.40,7.83,7.60,7.67,7.50,7.93,7.53,7.53,7.53,8.03,8.33,8.57,8.60,8.20,8.17,8.03,7.53,7.53,7.60,7.80,7.80,7.93,7.77,7.73,7.73,8.10,8.10,8.37,8.03,7.93,7.93,7.83,7.80,7.80,8.23,8.93,8.77,8.60,7.90,8.33,7.90,8.23,7.90,7.90,7.90,7.77,8.03,8.10,8.60,8.60,8.73,8.80,9.27,9.97,10.40,10.93,11.67,11.37,12.67,13.10,15.33,16.80
19.50,19.30,18.97,19.13,19.20,19.33,19.43,19.43,19.47,19.50,20.00,19.50,20.10,20.10,19.97,19.63,19.03,19.00,19.17,19.23,19.37,19.23,19.57,19.33,19.47,19.47,19.47,19.03,18.80,18.50,19.03,19.67,19.03,18.80,18.80,19.27,19.00,18.90,18.90,18.87,18.90,19.03,18.97,18.97,18.63,18.87,18.40,18.70,18.70,19.27,19.03,18.23,18.23,18.53,18.70,19.27,18.40,19.53,19.60,19.60,19.00,18.93,18.93,18.93,18.87,19.20,18.73,19.30,18.73,19.43,18.40,18.40,18.50,19.20,19.20,19.20,18.90,19.03,19.00,18.53,18.53,18.63,18.80,18.73,18.73,18.37,18.37,17.80,16.87,16.53,16.17,16.13,15.00,14.63,13.23,11.90,10.70,10.17,9.50,7.93,7.90,7.90,8.13,8.60,8.60,8.30,8.30,8.03,7.70,7.70,8.03,8.03,7.30,7.53,7.53,7.53,7.60,8.07,7.60,7.53,7.73,7.73,7.77,8.10,8.33,8.03,7.87,7.87,7.93,7.80,7.60,7.60,8.47,8.93,8.77,8.33,7.90,8.30,8.23,8.77,7.90,7.77,7.90,8.10,8.20,8.10,8.20,8.43,8.60,8.53,9.00,9.30,9.87,10.07,10.40,11.07,12.13,12.97,13.47,13.93
19.23,19.23,18.90,19.33,19.23,19.33,19.43,19.50,19.67,20.00,20.23,20.20,20.27,19.97,19.97,19.63,19.03,19.03,19.17,19.17,19.23,19.30,19.83,19.83,19.53,19.53,19.47,18.93,18.57,18.50,18.63,19.57,18.73,18.73,18.77,19.00,19.00,18.90,18.90,18.90,18.90,19.33,18.93,18.97,18.80,18.80,18.63,18.70,18.70,18.70,19.03,18.90,18.90,19.57,18.53,19.27,18.27,19.60,19.63,19.60,19.00,18.63,18.93,19.37,18.67,19.20,18.37,19.30,18.67,19.33,19.33,19.33,19.40,19.40,19.60,19.17,19.00,19.03,18.87,18.53,18.47,18.63,18.93,18.93,19.07,18.73,18.63,18.27,16.93,16.70,16.50,16.13,15.43,15.03,14.33,12.87,11.87,10.67,9.73,8.73,8.13,8.13,8.60,8.60,8.60,8.07,8.60,7.33,8.47,7.80,8.47,7.80,7.30,7.30,7.37,8.03,7.37,8.07,7.63,7.63,7.43,7.73,8.37,8.37,8.37,7.90,7.90,7.87,7.37,7.50,7.60,7.73,7.70,7.70,7.63,6.93,6.87,6.93,7.67,7.67,7.67,7.43,7.77,7.77,8.03,7.83,8.43,8.53,8.57,8.53,9.00,9.30,9.83,10.10,10.10,10.60,11.07,11.10,12.67,13.40
19.23,18.87,18.87,19.23,19.23,19.23,19.43,19.43,19.77,19.50,20.00,19.50,20.27,19.90,19.63,19.63,19.63,19.80,20.47,19.30,19.30,19.30,19.83,20.03,20.03,19.60,19.60,19.47,18.57,18.17,18.57,18.63,18.80,18.60,18.83,19.27,19.40,19.27,18.90,18.93,19.17,19.40,18.93,18.93,18.87,18.87,18.80,18.70,19.10,19.27,19.10,18.90,18.83,18.90,18.43,19.27,19.27,19.73,19.73,19.60,18.10,19.03,19.37,19.37,18.93,18.87,18.70,19.20,19.20,19.33,19.33,19.40,19.47,19.40,18.93,19.10,19.10,19.10,18.97,18.73,18.53,18.60,18.80,18.93,19.23,19.10,18.63,18.27,18.20,17.50,16.70,16.53,15.43,15.97,15.03,14.10,11.97,11.60,10.17,9.43,8.77,8.67,8.60,8.30,8.60,8.60,8.63,8.57,8.47,7.47,7.80,7.30,7.30,7.43,7.43,7.37,7.23,7.63,7.63,7.70,7.73,7.80,8.20,7.43,7.87,7.87,8.27,7.90,7.50,7.50,7.50,7.73,7.33,7.63,7.07,6.93,6.93,7.07,7.73,7.47,7.87,7.43,7.87,8.07,8.43,8.43,8.60,8.60,8.60,8.53,8.37,9.30,9.87,10.30,10.53,10.60,11.10,11.13,11.97,12.60
19.13,19.13,19.53,19.53,19.53,19.13,19.13,19.33,19.77,19.93,19.93,19.37,19.90,19.90,20.33,19.43,19.73,19.83,20.47,19.60,19.57,19.30,20.03,20.20,20.20,19.93,19.37,18.83,18.67,18.57,18.83,18.83,18.83,18.77,19.37,19.27,19.47,19.27,18.90,18.90,19.17,19.17,18.87,19.33,19.33,19.10,18.80,18.93,19.10,19.43,18.90,18.83,18.83,19.13,19.13,19.33,19.50,19.77,19.77,19.73,17.87,19.30,19.43,19.43,19.23,18.90,19.20,19.20,18.50,18.90,18.90,19.40,19.47,19.40,18.93,19.17,19.17,19.10,18.97,18.80,18.43,18.07,18.60,18.93,19.17,19.17,19.07,18.27,18.27,18.27,17.03,16.97,16.27,16.27,16.13,15.30,14.10,11.87,11.10,9.43,9.33,8.67,7.80,7.73,7.73,7.73,8.47,8.20,8.47,7.93,8.23,7.80,7.30,7.30,7.43,7.23,7.23,7.23,7.57,7.63,7.57,7.80,7.43,7.10,7.87,7.90,8.30,7.90,7.00,7.03,7.73,8.47,7.33,7.63,7.63,7.87,7.67,7.20,7.73,7.87,7.97,7.97,7.87,7.73,7.93,8.63,8.80,8.80,8.57,8.53,8.63,9.40,9.83,10.30,10.30,10.23,10.87,10.87,11.90,12.60
19.73,19.13,19.53,19.03,19.53,19.83,19.77,19.10,19.77,19.40,19.93,19.40,19.90,20.00,20.03,19.83,19.73,19.83,19.73,19.57,19.60,19.57,20.03,20.03,20.03,20.20,19.80,19.37,19.27,19.10,19.57,19.23,19.23,19.23,19.40,19.37,19.50,19.27,19.03,19.03,19.17,19.17,18.87,19.13,19.13,19.10,18.53,18.93,19.10,19.43,18.87,18.87,18.83,19.13,19.13,19.33,19.33,19.57,19.57,19.23,18.03,18.67,19.23,19.23,19.00,18.93,19.23,19.20,18.70,18.90,18.90,19.47,19.47,20.17,19.47,19.63,19.63,19.47,19.00,18.83,18.83,18.43,18.83,18.93,19.77,19.70,19.07,18.77,18.50,18.50,18.23,17.03,17.03,17.07,16.60,15.80,15.20,13.87,11.60,10.73,9.43,8.77,8.30,7.80,7.80,8.20,8.20,7.93,8.03,8.03,8.03,7.27,7.23,7.10,7.23,7.10,7.60,7.23,7.60,7.70,7.80,7.80,7.10,6.80,7.00,7.00,8.30,8.30,8.00,8.10,8.10,8.47,7.63,8.77,8.63,8.33,8.07,7.87,7.87,8.07,8.17,7.97,7.87,7.93,8.50,8.63,8.93,9.23,9.33,8.57,8.27,7.90,8.97,9.40,10.30,10.33,10.90,11.13,11.90,12.00
20.50,19.73,19.53,19.53,19.53,19.10,19.20,19.20,19.93,19.93,19.93,19.67,19.67,20.03,20.03,19.83,19.60,19.63,19.60,19.57,19.60,20.07,20.07,20.20,20.20,20.20,20.13,19.37,19.27,19.27,19.67,19.57,18.63,18.77,19.53,19.53,19.70,19.50,19.43,19.37,19.17,18.70,18.53,18.87,18.53,18.93,18.13,18.23,18.77,19.43,19.20,18.87,19.13,19.37,19.13,19.33,19.30,19.53,19.53,19.53,18.90,18.67,19.00,19.00,19.00,19.47,19.47,19.10,18.47,18.70,18.87,19.43,18.87,20.10,19.37,19.63,19.53,19.47,18.83,18.83,18.83,18.40,18.40,18.90,18.90,19.17,19.07,18.77,18.43,18.50,18.37,17.27,17.07,17.07,16.60,15.90,15.30,14.03,13.50,11.33,10.73,10.37,8.67,8.67,8.67,8.27,7.97,7.93,7.97,8.03,8.73,7.87,7.40,7.23,7.23,7.10,7.60,7.30,7.70,8.00,8.07,7.80,7.87,7.50,7.50,7.50,8.30,8.30,8.13,8.10,8.10,8.03,7.80,7.80,8.30,7.87,7.87,7.37,7.87,7.87,8.17,8.17,7.97,7.83,7.93,7.93,8.93,8.37,9.07,8.57,8.63,8.33,8.63,8.97,9.13,9.57,9.80,9.97,11.33,11.50
20.73,20.50,19.53,19.53,19.53,18.93,19.20,19.40,19.77,19.53,19.53,19.53,19.43,20.00,19.43,19.83,19.60,19.60,19.60,19.57,19.57,19.87,19.50,19.87,19.57,20.13,20.20,20.13,20.03,19.43,19.43,19.43,18.50,19.50,19.53,19.53,19.50,19.70,19.70,19.03,18.87,18.87,18.50,19.37,19.13,18.93,18.23,18.23,18.77,19.43,19.43,19.20,19.20,19.07,18.97,19.07,19.03,19.37,19.03,18.97,18.67,18.67,19.00,19.00,19.00,19.60,19.93,19.37,19.37,19.43,18.87,18.87,18.87,19.23,19.37,19.53,19.53,19.53,19.30,19.17,18.83,18.93,18.93,19.33,18.90,19.07,19.00,18.80,18.37,18.43,18.37,17.93,17.50,17.10,16.60,15.80,16.03,15.20,14.03,12.80,11.93,11.33,9.83,8.73,8.73,8.67,7.97,7.67,7.67,7.97,8.03,7.97,7.87,7.40,7.23,7.07,7.30,7.70,8.00,8.00,8.23,8.07,8.07,7.70,7.50,7.50,7.73,7.73,8.10,8.10,8.10,7.80,7.80,7.80,7.97,7.80,7.87,7.37,7.70,7.13,8.17,8.17,8.17,8.03,8.03,7.67,8.37,8.37,8.80,8.57,8.57,7.80,7.90,8.07,9.10,9.57,9.57,9.97,10.40,11.33
20.03,19.30,19.30,19.53,18.83,18.83,18.93,19.47,19.60,19.77,19.53,19.53,19.53,19.67,19.67,19.60,19.13,19.60,19.63,20.27,19.63,19.87,19.50,19.50,19.50,19.57,19.57,20.03,19.33,19.43,18.97,19.07,18.63,19.50,19.53,19.30,18.73,19.30,19.07,19.07,19.07,18.87,19.53,19.37,19.37,18.43,18.43,18.50,19.30,19.67,19.87,19.20,19.20,19.00,18.97,18.50,19.03,19.53,19.87,19.53,18.83,18.60,18.83,19.47,19.93,19.93,19.97,20.00,19.57,19.43,19.20,19.20,18.90,19.07,19.23,19.43,19.50,19.47,19.47,19.30,19.00,18.90,19.00,19.33,18.90,18.90,19.10,19.10,18.37,18.50,18.50,18.00,17.93,17.23,16.77,16.23,16.20,15.73,14.50,13.50,12.37,11.43,11.20,9.83,9.07,8.73,8.30,7.70,7.33,7.70,7.97,7.97,8.27,7.87,7.80,7.30,7.63,7.97,8.10,8.10,8.60,8.47,8.13,7.87,7.73,7.73,8.03,8.03,8.20,8.20,8.43,8.03,7.80,7.73,7.80,7.87,7.87,7.70,7.03,7.00,7.47,8.17,8.63,8.23,8.03,7.83,8.37,8.37,8.67,8.33,8.33,8.33,8.67,8.67,9.10,9.57,9.47,9.90,10.40,11.43
20.03,19.23,19.23,19.00,19.27,18.83,19.40,19.77,19.60,19.60,19.23,19.07,19.33,19.53,19.67,19.60,19.50,19.60,19.93,20.13,19.70,19.70,19.37,19.33,19.33,19.33,19.33,20.00,19.33,19.43,18.93,19.07,19.07,19.63,19.63,19.57,19.03,19.03,18.77,19.07,18.87,18.87,18.50,18.47,19.23,19.23,19.00,19.27,19.27,19.30,19.60,19.00,19.07,19.00,19.00,18.50,19.07,19.23,19.87,19.03,18.83,18.83,19.17,19.47,19.93,19.93,19.97,19.53,19.57,19.53,19.20,18.80,18.80,18.90,19.43,19.43,19.47,19.47,19.47,19.30,19.07,18.90,19.07,19.33,19.33,19.13,19.13,19.23,19.10,18.50,18.50,18.70,18.70,18.00,17.33,16.77,16.53,16.47,15.53,14.40,12.97,12.23,11.30,9.87,9.33,8.80,7.90,7.70,7.30,7.57,7.70,8.27,8.27,8.33,7.83,7.63,7.83,7.97,8.07,8.10,8.60,8.63,8.37,8.03,7.73,7.57,7.73,7.73,8.20,8.43,8.50,8.43,7.50,7.73,8.23,8.23,7.97,7.70,7.70,7.47,7.57,7.60,8.63,8.33,8.33,8.23,8.37,8.63,8.67,8.50,8.33,8.50,8.63,9.37,9.37,9.83,9.83,10.13,11.27,11.43
19.27,19.00,19.00,19.13,19.27,19.13,19.37,19.37,19.37,19.60,19.33,19.50,19.50,19.53,19.67,19.60,19.60,19.50,20.00,20.13,20.07,19.70,19.70,19.17,19.63,19.63,19.53,19.53,19.33,19.80,19.03,19.07,19.03,18.97,19.57,19.57,19.03,18.80,18.80,19.07,19.07,18.30,18.27,18.27,18.47,19.13,19.13,19.27,19.27,18.93,18.90,18.93,19.00,19.00,18.50,18.23,18.50,19.03,19.87,19.03,18.90,18.83,18.97,19.17,19.47,19.47,19.20,19.27,19.27,19.33,19.13,19.13,19.03,19.03,19.43,19.07,19.43,19.47,19.47,19.33,19.07,19.00,19.00,18.63,19.13,18.97,19.13,19.53,19.33,19.17,18.70,19.17,18.90,18.00,17.33,17.33,16.77,16.93,16.23,15.10,13.53,12.97,12.37,10.90,10.40,9.17,8.43,7.90,7.90,7.87,7.93,8.30,8.30,8.33,8.07,8.03,8.03,8.03,8.07,8.50,8.50,8.50,8.37,8.37,7.93,7.73,7.93,8.20,8.23,8.50,8.67,8.60,8.53,8.23,8.30,8.30,8.23,7.53,7.53,7.57,7.87,7.87,8.33,8.33,8.33,8.23,8.07,8.07,8.33,8.33,8.33,8.47,8.57,8.57,9.37,9.83,9.83,9.90,11.43,11.67
18.50,18.83,18.93,19.13,19.27,19.13,19.37,18.93,19.23,18.77,19.07,19.07,19.07,19.27,19.30,19.43,19.47,19.43,19.50,20.00,20.00,19.57,19.57,19.57,20.53,19.63,19.63,19.63,19.63,19.80,19.80,19.87,19.30,19.30,19.27,19.27,19.27,18.90,18.80,18.80,18.40,18.27,18.20,18.47,19.13,19.13,19.23,19.27,19.27,19.27,19.13,19.00,19.00,18.77,19.60,19.60,19.80,19.03,18.90,18.83,18.73,19.17,18.97,19.17,18.97,20.03,19.20,19.33,19.20,19.00,18.43,18.43,18.73,19.47,19.70,19.47,19.43,19.37,19.37,19.33,18.80,18.53,18.47,19.33,19.33,18.93,18.97,19.47,19.47,19.17,19.07,19.53,19.53,18.87,18.40,17.83,17.47,16.93,16.47,16.30,15.10,14.43,12.97,11.30,10.90,9.60,9.00,7.90,7.60,7.60,7.93,8.07,8.07,8.07,8.03,7.83,7.83,7.47,7.63,7.83,7.80,8.13,8.13,8.67,8.57,8.23,8.23,8.23,8.23,8.37,8.37,7.83,8.23,7.97,8.23,7.97,7.90,7.70,7.77,7.77,7.77,7.60,8.33,8.33,8.50,8.17,8.07,8.07,8.33,8.33,8.47,8.50,8.57,8.57,9.37,9.70,10.03,10.17,10.90,12.00
19.33,19.17,18.93,19.17,19.47,19.47,19.20,18.93,19.20,19.80,19.80,19.37,19.07,19.27,19.17,19.27,19.30,19.33,19.33,19.53,19.63,19.63,20.07,20.33,20.53,20.07,19.93,19.93,19.80,19.80,19.97,19.93,19.30,19.03,19.03,19.03,19.23,18.63,18.63,18.40,18.93,18.93,19.03,19.13,19.13,19.13,19.13,19.27,19.27,19.10,18.93,18.93,18.77,19.10,19.10,19.60,19.83,19.83,18.83,18.57,18.57,19.20,18.87,19.47,18.87,20.07,19.40,19.40,19.00,18.97,18.53,18.50,18.50,18.80,19.47,19.47,19.23,19.37,18.93,18.93,18.77,18.77,18.80,19.33,18.93,18.93,18.97,19.47,19.17,19.17,19.00,19.17,18.90,18.67,18.07,17.83,17.90,17.53,16.50,16.50,15.73,15.40,14.13,13.47,11.13,10.43,9.00,8.03,7.90,7.67,8.03,8.07,8.03,7.73,7.63,7.63,7.63,8.03,8.67,8.80,8.13,8.13,7.80,8.37,8.37,8.57,8.23,8.23,8.20,8.37,8.37,8.23,8.33,7.97,7.97,7.97,7.97,7.90,7.77,7.77,7.97,8.33,8.33,8.33,8.50,8.17,8.17,8.17,8.53,8.53,8.47,8.47,8.47,8.67,9.70,9.80,10.17,10.30,10.90,12.70
19.33,19.33,19.33,19.60,19.60,19.47,19.20,19.03,19.20,19.80,20.00,19.37,19.37,19.37,19.17,19.43,19.47,19.80,19.20,19.20,19.20,19.63,20.30,20.30,20.33,20.10,20.07,20.07,20.00,20.03,20.30,20.30,19.30,19.20,19.20,19.23,19.23,18.77,18.77,18.43,18.97,18.97,19.27,19.93,19.60,19.37,19.10,19.10,19.10,19.10,19.10,19.40,18.83,19.13,19.13,19.60,19.83,19.77,18.60,18.23,18.57,18.73,19.43,20.27,20.17,20.17,19.60,19.73,19.40,18.97,18.53,18.67,18.73,18.80,19.23,19.23,19.10,19.13,19.10,18.93,18.80,18.53,18.87,18.87,18.93,18.93,19.03,19.37,19.17,19.10,19.07,19.07,19.60,18.93,18.93,18.53,18.07,17.53,17.10,16.90,16.67,16.27,15.40,14.30,12.80,11.13,9.60,8.57,7.90,7.60,8.03,8.03,7.80,7.57,7.33,7.30,7.30,7.63,8.30,7.83,7.83,7.83,7.80,7.57,7.57,8.37,8.23,8.23,7.83,8.37,8.37,8.33,8.33,8.37,8.37,7.97,8.13,8.27,7.90,7.77,7.77,8.20,8.33,8.50,8.57,8.50,8.17,8.17,8.53,8.53,8.67,8.67,8.73,9.00,9.73,9.80,10.47,10.90,11.90,15.03
19.50,19.63,19.63,19.60,19.53,19.53,19.37,19.20,19.20,19.63,20.00,19.37,19.37,19.43,19.43,19.53,19.70,20.27,20.27,19.77,19.63,19.77,20.30,20.30,19.93,20.10,20.00,20.03,20.00,20.03,20.10,20.33,19.27,19.20,19.10,19.23,19.23,19.53,19.13,18.83,19.13,19.10,19.27,19.30,19.17,19.37,19.10,19.10,18.70,18.70,18.43,18.37,18.43,19.13,19.10,19.13,19.77,19.77,19.17,18.60,18.73,19.20,19.47,19.90,19.90,19.83,19.60,19.60,18.67,18.67,18.53,18.80,18.50,18.50,18.80,18.80,18.70,19.10,19.10,18.97,18.93,18.80,19.33,18.97,18.97,19.37,19.37,19.37,19.37,19.10,19.00,19.00,19.27,19.27,18.97,18.53,18.43,17.90,17.43,17.13,16.90,16.67,16.27,15.50,13.77,12.13,10.43,9.73,8.03,7.93,8.03,7.93,7.80,7.77,7.30,7.30,7.63,8.67,8.67,8.43,8.20,7.53,7.53,7.53,7.53,8.30,7.43,7.83,7.33,7.93,8.33,8.37,9.03,8.37,8.40,8.37,8.27,8.27,8.13,8.87,8.20,8.20,7.97,8.33,8.57,8.10,7.93,7.93,9.00,9.00,8.67,8.20,8.67,8.97,9.73,10.47,11.00,11.90,15.03,15.33
19.00,19.20,19.63,19.63,19.87,19.53,19.47,19.20,19.03,19.07,19.20,19.07,19.93,19.53,19.53,19.70,19.70,19.93,19.93,19.93,19.77,19.47,19.80,19.90,19.90,19.90,20.00,20.03,20.03,20.10,20.47,20.47,20.07,19.80,19.20,19.80,19.43,19.43,18.90,18.90,19.10,18.83,19.10,19.00,19.17,19.33,19.07,18.90,18.60,18.67,18.57,18.63,18.43,18.83,19.13,19.57,19.77,19.23,19.17,19.17,18.83,19.23,19.57,19.90,19.90,19.83,19.70,19.60,18.50,18.23,18.23,18.80,18.80,19.37,18.77,18.77,18.73,19.10,19.13,19.13,19.03,19.03,19.33,18.97,19.50,19.37,19.37,19.13,19.37,19.33,19.10,19.33,19.93,19.60,19.27,18.97,18.87,18.87,18.87,18.37,17.03,16.90,16.87,16.27,15.27,14.30,12.13,11.07,9.73,7.93,7.60,7.57,7.77,7.77,7.33,7.33,7.80,8.43,8.30,7.80,7.37,7.53,8.07,8.07,7.67,7.67,7.43,7.33,7.07,7.93,7.93,8.37,9.03,8.57,8.47,8.37,8.13,8.13,8.13,8.30,8.20,8.20,7.73,8.10,8.73,8.73,7.93,7.93,8.60,9.37,9.37,8.67,8.97,9.07,10.23,11.40,12.37,14.83,15.33,16.73
19.50,19.50,19.23,19.53,19.53,19.53,19.50,19.40,19.50,19.40,19.67,19.20,19.33,19.53,19.53,19.53,18.90,19.27,19.57,19.93,19.80,19.77,19.77,19.37,19.67,19.90,20.17,19.67,19.73,19.73,19.73,20.33,20.07,20.07,19.80,19.80,20.03,19.43,19.03,18.90,18.77,18.83,19.10,19.17,19.33,19.60,19.37,19.07,18.63,18.63,18.57,18.63,18.37,19.30,19.30,19.57,19.20,19.23,18.93,19.17,19.23,19.27,19.27,19.27,19.73,19.83,19.70,19.60,18.67,18.90,18.80,18.80,18.20,18.20,19.03,19.37,18.77,19.47,19.07,19.07,19.03,19.33,19.73,19.63,18.97,19.37,19.37,19.37,19.40,19.33,19.33,19.33,19.97,19.60,19.43,19.20,18.93,19.20,19.27,19.20,18.57,18.50,18.27,18.20,15.73,15.43,13.43,12.07,10.20,9.07,7.93,7.93,7.23,7.77,7.33,8.43,8.03,8.53,8.13,8.13,7.80,7.67,7.67,8.07,7.67,8.30,7.40,7.33,7.33,7.37,7.93,8.10,9.03,8.57,8.40,8.40,8.43,8.43,8.30,8.30,8.17,7.73,7.67,7.67,8.83,8.97,8.50,8.60,8.97,9.23,8.67,8.67,8.97,10.23,11.40,12.37,14.10,15.37,17.23,18.27
18.97,19.20,19.20,19.70,19.43,19.27,19.50,19.40,19.57,19.40,19.93,19.33,19.73,20.03,20.20,19.97,19.00,18.50,19.27,19.57,19.73,19.47,19.47,19.47,19.77,20.17,20.17,19.67,19.60,19.27,19.73,19.77,19.83,19.83,19.80,19.80,19.50,19.03,18.93,18.90,18.70,18.77,18.83,19.00,19.37,19.63,19.37,19.07,18.90,18.90,19.17,19.43,19.37,19.47,19.47,19.57,19.20,19.23,19.23,19.23,18.83,18.43,18.77,18.77,19.03,19.73,19.27,19.60,19.10,19.10,19.03,19.60,18.87,19.03,19.03,19.40,19.13,19.40,18.77,19.03,19.03,19.03,19.70,18.60,18.60,19.03,19.13,19.60,19.60,19.33,19.43,19.60,19.97,19.93,19.93,19.80,19.20,19.20,19.40,19.27,19.03,18.57,18.27,18.20,17.77,15.73,15.43,13.43,11.07,9.70,9.07,9.17,7.97,7.33,7.33,7.33,7.80,8.13,7.83,7.63,7.63,7.67,8.07,7.67,7.67,7.73,7.73,7.40,7.40,7.47,7.63,7.47,8.03,8.57,8.60,8.23,8.23,8.30,8.17,8.17,8.17,8.10,8.10,8.10,8.97,8.97,8.70,8.60,8.60,8.97,9.23,9.37,10.83,10.83,12.13,14.50,15.37,17.17,18.27,18.37
19.47,19.47,19.47,19.27,19.23,19.27,19.50,19.40,19.50,19.67,19.73,19.67,19.67,19.40,20.03,19.40,19.27,18.50,19.17,18.50,19.20,19.20,19.20,19.27,19.37,19.80,19.77,19.70,19.53,19.53,19.60,19.73,19.83,20.00,19.83,19.77,19.70,19.73,19.57,19.03,18.70,18.43,19.33,19.33,19.37,19.53,19.27,19.27,19.00,19.00,19.00,19.43,19.47,19.53,19.30,19.00,19.10,19.10,19.43,19.43,19.30,19.23,18.77,18.50,18.50,19.20,19.20,19.43,19.20,19.57,19.13,19.37,19.13,19.03,19.03,19.33,19.40,19.40,18.93,18.97,19.03,19.03,19.43,19.23,19.10,19.10,19.67,19.90,19.67,19.60,19.43,20.70,19.97,19.97,19.97,20.50,19.90,19.90,19.90,19.53,19.40,18.90,18.43,18.20,18.20,17.60,15.73,15.43,13.43,10.47,9.47,9.47,8.97,7.97,7.37,7.37,7.37,7.37,7.83,7.63,7.83,7.57,7.67,7.67,7.73,8.03,8.17,8.17,8.60,8.27,8.27,7.63,8.20,8.20,8.60,8.23,8.23,8.43,8.17,8.57,8.17,8.10,8.10,8.53,9.43,9.47,9.57,8.97,8.97,9.23,9.60,10.83,11.17,12.13,13.57,16.70,18.00,18.07,18.27,19.13
18.93,19.47,19.60,19.47,19.27,19.27,19.57,19.40,19.57,19.53,19.70,19.67,19.90,19.80,20.00,19.57,19.40,19.00,19.00,18.30,18.90,19.07,19.07,19.43,19.43,19.80,19.80,19.80,19.60,19.53,19.53,19.73,19.77,20.00,20.00,19.70,19.50,19.50,19.57,19.03,19.40,19.03,19.17,18.23,19.10,19.10,19.13,18.90,19.00,19.00,19.10,19.17,19.47,19.47,19.33,18.60,18.67,18.37,19.10,19.43,19.43,19.23,19.03,18.50,18.50,18.73,19.03,19.20,19.10,19.10,18.73,18.73,18.87,18.93,18.93,19.13,19.40,18.93,18.93,18.93,19.03,19.03,19.33,19.33,19.30,19.20,19.23,19.83,19.83,20.47,20.47,20.70,19.93,20.87,21.03,21.20,21.20,20.23,19.97,19.97,19.97,18.90,18.63,18.63,18.33,18.00,17.23,15.93,14.83,12.97,10.67,9.80,9.17,7.97,7.07,7.07,7.37,7.33,7.50,7.50,7.83,7.57,7.83,7.90,7.90,7.73,7.73,8.17,8.50,8.27,8.27,7.97,8.93,9.17,9.17,8.23,7.80,7.80,8.17,8.63,8.37,8.37,8.10,8.53,9.47,9.57,9.57,9.50,9.50,9.93,11.13,11.17,13.23,14.50,15.70,18.27,18.27,19.13,19.13,19.13
18.93,18.93,19.47,19.47,19.23,19.67,19.57,19.50,19.50,19.53,19.67,19.90,19.90,19.80,19.40,19.43,19.40,19.03,19.00,18.80,18.90,19.07,19.07,19.43,18.93,19.80,19.80,20.20,20.20,20.03,19.97,19.97,20.00,20.07,20.00,19.97,19.87,19.73,19.73,19.53,19.57,19.17,19.43,19.10,19.10,18.77,18.77,18.93,19.20,19.00,19.17,18.90,19.27,19.33,18.77,18.60,18.60,18.37,18.40,19.20,19.43,19.23,19.23,19.13,18.50,18.73,18.73,19.43,19.47,19.57,18.73,18.23,18.73,18.93,18.93,18.93,19.03,19.03,19.03,18.93,18.90,18.90,19.23,19.33,19.33,19.30,19.30,19.80,19.83,19.93,20.47,20.70,20.53,20.73,21.10,21.33,21.20,20.37,20.37,20.93,20.60,20.17,20.00,18.87,18.63,18.33,17.60,17.23,15.93,14.03,12.97,10.47,9.80,8.87,7.43,7.07,7.37,7.37,7.50,8.07,7.83,7.83,7.83,8.03,8.03,8.00,7.73,7.73,8.40,8.27,8.40,8.20,8.77,8.27,8.87,7.80,7.80,7.60,8.10,8.37,8.37,8.93,8.00,9.47,9.77,9.57,9.57,9.57,10.07,11.13,11.97,13.93,15.33,16.70,18.17,18.43,18.63,19.13,19.13,19.13
18.93,18.93,19.43,19.63,19.63,19.07,19.57,19.57,19.57,19.53,19.57,19.77,19.77,19.80,19.80,20.00,19.20,19.03,19.03,19.00,19.07,19.07,19.83,19.93,19.93,20.37,20.47,20.20,19.67,20.03,20.03,20.03,19.57,20.00,20.00,20.23,20.13,19.77,19.53,19.37,19.43,19.03,19.03,19.10,19.20,19.10,19.07,18.93,19.20,19.17,19.27,19.17,18.77,19.33,19.33,19.33,18.23,18.37,18.40,19.20,19.10,19.10,19.30,19.30,19.30,19.13,18.73,18.80,18.87,19.57,18.50,18.23,18.50,18.93,19.07,18.93,19.03,19.03,18.93,18.70,18.70,18.90,18.90,19.33,19.80,19.30,19.23,19.23,19.93,20.00,20.10,19.93,20.10,20.53,20.73,21.10,20.77,20.93,20.77,20.93,20.77,20.60,20.50,19.90,19.60,18.87,18.50,17.77,17.27,15.30,13.60,12.50,10.37,9.33,7.83,7.30,7.53,7.53,7.53,8.07,7.83,8.27,7.93,8.20,8.20,8.00,7.73,7.50,7.50,7.50,7.97,7.70,7.70,7.87,8.27,7.87,8.27,8.43,8.47,8.47,8.47,8.97,8.97,9.53,9.53,9.53,9.17,10.00,11.70,12.00,14.93,15.93,17.97,18.17,18.57,18.57,19.13,19.53,19.57,19.53
19.20,19.20,19.43,19.43,19.83,19.07,19.17,19.50,19.57,19.43,19.43,19.40,19.67,19.67,19.17,19.43,19.17,19.20,19.20,18.80,18.53,18.43,19.70,19.93,20.30,20.33,20.37,19.77,19.67,19.77,20.03,20.20,20.20,20.00,20.00,20.40,20.50,20.10,19.77,19.53,19.60,19.20,19.03,19.20,19.27,19.17,19.03,18.93,18.93,18.93,19.07,18.80,18.77,19.17,19.17,19.47,18.93,19.40,19.40,19.20,19.10,18.73,18.73,19.30,19.17,19.17,18.80,19.23,19.10,19.47,19.03,18.50,18.50,19.07,19.07,18.83,18.87,19.03,19.17,18.70,18.70,18.80,19.17,19.33,19.87,19.33,19.10,19.13,19.80,19.80,19.93,20.10,20.70,20.70,20.73,20.67,20.67,20.77,20.77,21.37,20.77,20.73,20.73,20.00,19.57,19.23,19.17,18.53,17.77,17.13,14.30,13.57,11.50,10.30,8.47,7.43,7.83,8.63,8.07,7.60,7.43,7.93,7.93,8.20,8.20,8.20,8.00,7.57,7.50,7.50,7.73,7.73,8.07,7.87,8.27,7.87,8.27,8.43,8.60,8.60,8.60,8.97,9.20,9.77,9.77,10.37,10.07,11.60,12.50,16.23,17.50,18.70,19.07,18.70,18.70,18.70,19.37,19.53,19.53,19.57
19.20,19.30,19.43,19.43,19.43,18.87,18.77,18.77,19.43,19.17,19.40,19.40,19.67,19.67,19.43,19.43,19.13,19.13,19.20,18.93,18.53,18.47,19.63,19.83,19.93,20.17,20.17,19.57,19.57,19.67,19.90,20.40,20.00,19.57,19.57,20.00,20.40,20.10,19.53,19.37,19.37,19.23,19.20,19.20,19.17,19.17,19.03,19.03,18.93,18.93,18.93,18.93,18.93,18.97,19.17,19.30,18.87,18.97,19.10,19.10,18.80,18.80,19.00,19.30,19.23,19.30,19.23,19.23,18.73,18.73,18.73,19.03,19.20,19.07,19.07,18.40,18.83,19.43,19.47,18.60,18.50,18.80,19.43,19.67,19.87,19.70,19.70,19.70,20.00,20.00,20.23,20.23,20.70,20.60,20.77,20.67,20.77,21.13,21.37,21.20,21.20,21.20,21.27,20.83,20.10,19.70,19.60,19.17,17.97,17.13,16.43,14.30,13.00,11.20,10.30,8.47,7.97,7.97,7.87,7.60,7.70,7.73,7.93,8.27,8.20,8.20,7.97,7.67,7.50,7.67,7.73,8.07,8.07,8.33,8.33,8.33,8.60,9.27,9.10,8.93,8.47,8.67,9.40,9.53,10.43,10.47,11.60,12.60,16.23,17.50,18.70,19.07,19.37,19.30,18.80,18.80,19.37,19.53,19.43,19.13
19.33,19.30,19.30,19.07,19.07,19.07,18.80,18.80,18.80,18.77,19.37,19.43,19.43,18.87,18.87,19.13,19.17,19.17,19.17,18.53,18.47,18.47,19.27,19.63,19.70,20.03,19.77,19.63,19.63,19.77,19.90,19.90,20.00,19.77,19.77,20.23,20.30,19.97,19.53,19.50,19.53,19.57,19.60,19.27,19.17,19.17,18.97,19.27,18.93,18.77,18.73,18.73,18.93,18.97,19.10,18.90,18.87,19.00,19.00,18.97,18.80,18.90,18.90,19.00,19.20,19.47,19.47,19.23,19.10,18.57,19.03,19.03,19.20,18.73,18.83,18.53,19.00,19.43,19.47,18.77,18.60,18.87,19.53,19.53,19.53,19.47,19.47,19.70,20.00,20.00,20.07,20.47,20.63,20.60,20.77,20.77,21.27,21.13,21.73,21.37,21.37,21.27,21.27,20.97,20.83,19.70,19.60,19.17,18.60,17.57,17.33,16.43,13.80,12.73,10.97,10.07,8.63,8.10,8.03,7.70,7.73,7.73,8.27,8.40,8.17,7.73,7.73,7.70,7.60,7.67,8.13,8.30,8.63,8.37,8.37,7.93,8.47,8.60,8.73,8.93,8.73,9.00,9.47,10.03,10.47,11.67,12.67,16.23,18.17,18.93,19.37,19.37,19.37,19.30,19.20,19.20,19.53,19.43,19.33,19.33
19.33,19.33,19.33,19.27,19.43,19.43,19.50,19.33,19.27,19.27,19.30,19.67,19.43,18.90,19.40,19.83,19.43,19.17,19.17,18.93,18.60,18.60,18.70,19.50,19.50,19.77,19.63,19.10,19.10,19.77,19.90,19.90,20.17,20.13,19.77,20.13,19.93,19.80,19.50,19.30,19.57,19.93,19.93,19.43,18.87,18.93,18.97,19.27,19.27,18.93,18.93,18.93,18.97,19.10,19.30,19.07,19.07,18.97,18.90,18.80,18.80,18.90,18.93,19.00,19.23,19.47,19.53,19.47,18.57,18.30,18.97,18.97,19.27,18.73,19.20,19.07,19.07,19.10,19.20,18.93,18.77,18.93,19.67,19.67,19.53,19.67,19.70,20.00,20.00,20.03,20.33,20.47,20.50,20.47,20.63,21.13,21.73,21.20,21.30,21.20,21.40,22.10,22.10,21.73,21.50,20.73,20.60,19.60,19.60,18.70,17.57,17.03,16.13,13.37,12.07,10.77,9.77,8.00,8.00,8.03,8.03,8.37,8.27,8.30,8.13,7.77,7.77,7.77,7.93,8.13,8.30,8.30,8.37,8.33,8.27,8.10,8.20,8.47,8.47,8.73,8.73,9.93,10.03,10.43,11.67,15.00,16.23,19.03,20.23,20.23,19.87,19.73,19.37,19.30,19.33,19.53,19.53,19.27,19.27,19.33
19.33,19.33,19.33,18.50,18.90,19.27,19.80,19.80,19.30,19.30,19.67,19.67,19.07,18.90,19.07,19.83,19.83,19.97,20.10,18.80,18.60,18.43,18.50,19.27,19.67,19.67,19.63,19.63,19.63,19.80,19.93,20.00,20.00,20.13,20.13,20.23,19.93,19.80,19.50,19.37,19.57,19.57,19.57,18.90,18.87,18.93,18.87,18.93,18.87,18.80,18.97,18.73,18.97,19.30,19.30,19.30,19.17,19.07,18.90,18.57,18.57,18.90,18.90,18.90,18.93,19.40,19.47,18.73,18.57,18.73,18.97,18.97,18.97,19.40,19.20,19.20,19.10,19.20,19.20,19.20,18.93,19.67,19.67,19.67,19.47,19.33,19.33,19.40,19.67,20.03,20.07,20.07,20.10,20.37,20.43,20.77,21.30,21.20,21.30,21.97,22.30,22.43,22.13,21.50,21.50,21.23,20.97,20.13,20.13,19.43,18.80,17.57,17.50,14.57,13.30,11.47,9.87,9.40,8.10,8.27,8.27,8.37,8.30,8.17,8.00,7.77,7.77,7.93,8.07,8.07,8.70,7.87,8.37,7.87,8.37,8.27,8.20,8.20,8.47,9.00,10.50,10.93,11.23,11.67,15.00,17.63,19.70,20.40,20.90,20.93,20.60,19.90,19.87,19.33,19.33,19.53,19.80,19.80,19.50,19.50
19.77,19.47,19.33,18.90,18.90,19.27,19.97,19.47,19.33,19.30,19.67,19.50,18.90,19.07,19.83,20.07,20.07,20.03,20.03,19.17,18.80,18.53,18.53,18.90,19.37,18.97,18.97,19.33,19.33,19.57,20.00,20.00,20.17,20.00,20.00,20.17,20.17,19.93,19.37,19.37,19.57,20.37,19.30,18.87,18.77,18.93,19.10,18.93,19.00,19.00,19.47,19.47,18.97,18.97,18.97,19.07,19.07,18.63,18.60,18.57,18.57,19.00,19.00,19.00,18.93,19.40,18.87,19.40,18.73,18.97,18.97,19.07,19.27,19.93,19.83,19.60,19.20,19.20,19.20,19.10,19.20,19.67,19.67,19.67,19.40,19.33,19.33,19.50,19.50,19.67,20.07,19.93,20.07,20.37,20.50,20.97,21.13,21.30,21.30,22.30,22.30,22.43,22.13,22.13,21.50,21.50,21.23,20.67,20.27,19.90,19.13,18.90,18.43,17.40,14.33,12.60,11.47,9.47,8.10,8.27,8.27,8.33,8.30,8.20,8.13,8.20,8.27,8.57,8.57,8.07,8.07,7.87,8.83,8.37,8.93,9.03,8.27,8.70,8.70,10.50,11.03,11.27,11.90,15.97,17.77,20.40,20.80,20.63,21.23,21.13,21.13,20.13,20.13,19.83,19.53,19.83,19.83,19.90,19.60,19.50
19.33,19.33,19.33,18.83,18.50,18.50,19.37,19.37,19.37,19.07,19.20,19.30,19.20,19.50,20.00,20.07,20.03,19.23,19.23,19.07,19.03,18.83,19.10,19.47,19.47,18.67,19.33,19.40,19.57,19.40,19.77,19.97,19.90,19.90,19.90,20.30,20.27,20.23,19.37,19.37,19.43,19.43,19.30,18.90,18.90,19.20,19.13,19.10,18.97,18.97,19.00,18.73,18.73,18.73,18.87,18.97,18.80,18.67,18.60,18.60,18.37,19.03,19.00,18.20,18.10,18.67,18.87,19.43,18.87,19.40,19.33,19.33,19.33,19.93,19.83,19.60,19.20,19.20,19.00,19.00,19.20,19.43,19.40,19.40,19.03,19.10,19.33,19.67,19.67,19.53,19.37,19.33,19.33,20.10,20.77,20.93,20.93,21.13,21.23,21.43,21.33,22.10,22.10,21.50,21.50,21.43,21.23,20.67,20.43,20.13,19.90,19.10,18.93,18.43,16.63,14.10,12.33,11.47,9.47,9.47,9.13,9.13,9.00,8.20,7.77,8.20,8.43,8.90,8.57,8.07,7.97,7.97,8.83,8.93,9.03,9.40,9.53,10.07,10.50,10.93,14.27,15.57,16.87,18.50,20.43,20.80,20.83,20.83,21.17,21.17,21.23,21.13,20.60,20.60,20.60,20.90,19.83,19.87,19.63,19.60
19.67,19.67,19.67,19.00,18.83,18.83,19.83,19.47,19.37,18.80,19.10,19.20,19.20,20.00,20.07,20.07,20.03,19.23,19.23,19.07,18.83,18.83,19.10,19.07,19.17,18.70,19.17,19.33,19.33,19.10,19.33,19.77,19.97,19.90,20.00,20.30,20.30,20.23,19.87,19.37,19.53,19.53,19.67,19.30,19.13,19.20,19.20,19.20,19.17,19.23,19.87,19.30,18.87,18.87,18.87,18.97,18.67,18.67,18.67,18.93,18.93,19.37,19.37,19.40,19.40,19.53,19.53,19.53,19.40,19.37,18.57,19.07,19.07,19.17,19.17,19.20,18.83,19.00,18.63,18.90,18.90,19.43,19.43,19.43,19.10,19.10,19.80,19.80,19.53,19.37,19.13,19.27,19.33,20.77,20.87,20.97,20.97,21.43,21.37,21.43,21.33,22.27,22.53,22.13,22.13,22.00,22.10,21.37,20.57,20.27,19.97,19.57,19.37,18.90,17.13,15.93,13.90,12.10,10.53,10.27,9.13,9.13,8.37,8.37,8.37,8.47,8.43,8.47,8.43,8.33,7.93,7.97,8.37,8.43,9.03,9.03,9.53,10.87,11.13,13.90,15.57,17.13,19.00,20.43,20.63,21.33,21.23,21.23,21.27,21.27,21.50,21.13,21.07,20.93,20.60,20.60,19.63,19.63,19.93,20.03
18.60,19.33,19.67,19.67,19.67,18.83,19.37,18.83,18.80,18.80,19.10,19.20,19.10,19.80,19.80,19.80,19.67,19.17,19.23,18.83,18.77,18.53,19.10,19.23,19.30,19.17,19.50,19.40,19.40,19.33,19.33,19.93,19.97,19.90,19.90,19.80,19.97,19.93,19.93,19.80,19.80,19.53,19.67,19.67,19.17,19.20,19.20,19.20,19.17,19.17,19.13,18.43,18.47,19.13,19.00,19.13,19.00,19.23,19.13,19.23,18.93,18.87,18.17,19.33,19.63,19.70,20.00,19.53,19.37,19.17,18.63,19.03,19.03,19.17,19.17,19.17,18.57,18.73,18.63,18.97,18.97,19.43,19.43,19.83,19.10,19.10,18.93,19.10,19.33,19.33,19.33,19.53,19.63,20.77,20.77,20.93,20.87,21.00,21.10,21.70,21.83,22.10,22.13,22.10,22.00,21.43,22.00,21.30,21.30,21.03,20.47,19.57,19.43,19.37,17.73,17.07,15.57,13.90,11.80,10.37,9.50,9.07,8.37,8.33,8.37,8.93,9.07,9.27,8.73,8.70,7.97,7.97,8.37,8.37,9.20,9.20,10.93,11.50,13.50,15.03,18.17,19.03,20.43,21.53,21.57,21.57,21.33,21.33,21.33,21.33,21.33,21.13,21.07,20.60,20.60,20.23,19.93,19.23,19.93,20.03
19.23,19.10,19.67,19.37,19.83,19.37,19.67,18.80,18.73,18.73,19.10,19.10,18.73,18.93,19.57,19.67,19.73,19.73,19.37,18.77,18.37,18.37,18.53,19.17,19.30,19.50,19.40,19.57,19.53,19.53,19.53,19.93,20.10,19.80,19.70,19.50,19.70,19.70,19.93,19.37,19.53,19.53,19.67,20.30,19.67,19.30,19.30,19.30,19.33,19.17,19.40,18.73,18.73,19.30,18.77,18.77,18.57,19.13,19.13,18.93,18.93,19.40,19.67,19.63,19.73,20.00,20.30,19.37,19.30,18.63,18.63,18.73,18.83,19.03,19.37,19.27,18.73,18.73,18.73,18.97,18.97,19.40,19.40,19.83,18.93,18.93,18.87,19.10,19.33,19.33,19.53,19.57,19.73,20.33,20.77,20.77,20.77,21.00,21.83,21.83,22.30,22.33,22.53,22.07,22.03,21.83,22.03,21.90,21.97,21.03,20.67,20.47,19.83,19.43,19.13,17.70,16.30,15.33,13.77,11.53,10.10,9.07,8.37,8.37,8.70,8.93,9.07,9.30,8.70,8.57,8.33,7.97,8.70,8.70,10.83,10.83,11.50,13.50,15.03,18.17,19.33,21.50,21.53,21.93,22.10,22.10,22.40,21.83,21.80,21.63,21.57,21.57,21.57,20.60,20.43,20.23,19.93,19.77,19.73,19.73
19.23,19.10,19.10,19.10,19.50,19.23,19.07,18.27,18.80,19.17,19.33,18.73,18.73,18.93,19.57,19.57,19.73,19.73,19.37,19.17,18.37,18.50,19.03,19.27,19.50,19.57,19.57,19.67,19.57,19.87,19.57,19.93,19.93,19.80,19.80,19.80,19.97,19.70,19.70,19.37,19.67,19.70,19.80,19.80,19.67,19.77,19.30,18.43,18.43,18.43,18.47,18.43,18.60,19.30,18.90,18.90,18.90,19.23,19.23,19.23,19.17,19.17,19.17,19.33,19.60,20.00,20.07,19.30,19.17,19.17,19.47,19.33,19.33,18.77,19.37,19.27,19.27,18.77,18.97,18.97,19.40,19.40,19.13,18.93,18.73,18.93,18.73,19.10,19.33,19.43,19.43,19.53,19.63,20.33,20.47,20.47,20.30,20.67,20.67,21.17,21.83,21.93,22.07,22.07,22.03,21.83,22.00,21.90,22.20,21.30,20.97,20.47,19.87,19.83,19.63,18.60,17.53,16.30,15.20,12.57,11.93,10.10,9.07,8.87,8.70,8.87,8.60,9.37,8.73,8.73,8.73,8.70,9.37,9.63,11.17,11.83,14.37,16.30,19.23,19.33,20.70,21.53,21.83,21.90,22.10,21.73,22.10,22.07,21.83,21.63,21.57,21.07,20.73,20.40,20.40,20.23,19.93,19.63,19.47,19.30
19.23,19.10,18.70,18.70,19.23,19.23,19.30,19.30,19.30,19.20,19.20,19.20,19.33,19.57,19.57,19.57,19.63,19.63,19.63,19.23,19.03,19.03,19.03,19.17,19.37,19.43,19.37,19.83,19.53,19.57,19.50,19.57,20.27,20.27,20.27,19.63,20.13,19.70,19.67,19.37,19.43,19.70,20.23,20.23,20.07,20.07,19.77,19.30,18.53,18.43,18.47,18.60,18.73,18.77,18.77,18.90,18.90,19.23,19.10,19.17,19.17,19.17,19.40,19.40,19.60,19.60,19.90,18.47,18.47,18.47,19.27,19.27,18.77,18.77,19.33,19.33,19.60,19.10,19.30,18.77,19.73,19.83,19.13,18.87,18.87,19.07,19.07,19.23,19.30,19.30,19.30,19.47,19.97,20.33,20.33,20.07,20.07,20.57,20.70,21.17,22.23,22.23,22.17,22.07,22.10,21.83,21.90,21.83,21.83,21.40,21.37,20.47,19.90,19.83,19.70,19.13,18.20,17.53,16.67,14.93,12.57,12.43,10.20,10.13,8.87,8.87,8.60,9.13,9.07,9.50,9.50,9.50,10.47,11.17,13.27,14.37,18.50,19.67,20.17,21.20,21.20,21.90,21.90,22.43,22.20,22.40,22.40,22.40,22.07,21.63,21.57,21.07,21.53,20.53,20.43,20.20,19.83,19.63,19.47,19.30
19.50,19.33,19.33,19.00,19.30,19.30,19.50,19.30,19.30,19.23,19.37,19.37,19.57,19.20,19.23,19.20,19.23,18.80,19.00,19.00,19.03,19.27,19.03,18.87,18.87,18.90,19.43,19.77,19.30,19.50,19.50,20.00,20.33,20.27,20.43,19.73,20.13,19.33,19.33,19.43,19.60,19.70,20.03,20.03,20.03,19.77,19.23,18.77,18.53,18.53,18.53,18.60,19.77,19.33,19.60,19.60,19.10,19.23,19.10,19.17,19.17,19.17,19.17,19.27,19.33,19.27,19.20,18.93,18.77,18.93,18.77,18.77,18.77,19.07,19.33,19.33,19.60,19.10,19.50,18.93,19.30,19.13,19.13,18.87,18.87,19.07,18.70,18.70,18.73,19.23,19.20,19.53,19.97,19.97,19.70,19.70,20.27,20.67,20.70,21.17,21.60,22.23,22.17,22.17,22.17,22.30,22.00,21.47,21.47,21.47,21.80,21.43,20.43,20.00,20.00,19.00,18.47,18.10,17.53,16.87,14.47,13.03,12.43,10.83,10.13,9.80,9.13,9.13,9.13,9.57,10.17,10.47,11.17,13.57,15.40,18.53,19.77,20.13,21.20,21.57,21.57,21.90,21.90,22.43,22.20,22.37,22.07,22.07,21.63,21.07,21.00,21.00,21.53,20.53,20.40,20.13,20.03,19.47,19.30,19.17
19.17,19.17,19.50,19.33,19.90,19.30,19.73,19.47,19.47,19.30,19.37,19.40,19.40,19.77,19.23,19.23,19.23,18.80,19.00,18.47,19.00,18.50,18.70,18.87,18.87,19.10,19.43,19.83,19.27,19.27,19.20,20.20,20.27,20.20,19.73,19.20,19.67,19.33,19.33,19.33,19.17,19.57,20.03,20.03,20.03,19.40,19.40,19.30,19.30,19.30,19.87,19.53,20.20,19.40,19.60,19.10,18.80,18.80,18.80,18.80,18.80,19.17,19.33,19.73,19.73,19.20,19.20,18.97,18.93,18.53,18.53,18.73,18.77,18.83,19.33,19.33,19.57,19.17,19.50,18.93,19.30,19.23,19.17,18.87,18.83,18.87,18.70,18.70,18.63,18.73,19.20,19.77,19.90,19.60,19.60,19.77,20.27,20.57,21.27,21.57,22.13,22.23,22.23,22.10,22.23,22.30,22.30,21.27,21.33,21.33,21.77,21.80,21.43,21.37,20.23,19.63,19.00,18.47,18.10,17.33,16.97,14.47,14.07,12.80,10.93,10.83,9.80,9.70,9.70,10.17,10.57,13.10,14.17,15.40,19.37,19.83,19.90,21.10,21.57,22.50,21.90,21.90,21.77,22.43,22.43,22.50,22.37,21.63,21.63,21.63,21.67,21.67,21.80,21.53,20.73,20.20,20.33,20.07,19.83,19.17
19.17,19.23,19.60,19.80,19.90,19.17,19.53,19.47,19.47,19.37,19.40,19.67,19.40,18.90,18.90,19.17,19.17,18.87,19.00,19.00,19.00,19.20,19.20,19.20,19.10,19.27,19.67,19.77,19.27,19.27,19.30,20.20,20.27,19.70,19.37,19.20,19.37,20.10,19.33,19.33,19.10,19.57,19.90,20.03,20.07,20.07,19.23,18.60,19.00,19.00,19.53,19.00,19.40,19.40,19.60,19.10,18.80,19.77,19.77,18.83,18.83,18.97,19.17,19.33,19.20,19.20,19.20,19.20,18.77,18.53,18.53,18.83,18.93,18.93,18.93,19.07,19.17,19.17,19.50,19.43,19.43,19.13,19.13,19.17,19.17,19.37,18.70,18.70,18.50,19.20,19.63,19.77,19.53,19.53,19.60,20.00,20.13,20.33,20.97,21.13,21.27,21.47,22.13,22.23,22.50,22.77,22.43,21.33,21.33,21.67,21.80,22.07,21.80,21.83,20.53,20.53,19.77,19.77,18.57,18.57,17.33,16.60,15.87,14.37,13.27,11.67,10.93,10.93,12.30,12.83,13.83,15.20,16.43,19.90,21.03,21.03,20.80,21.10,22.33,22.47,22.20,21.90,21.63,22.30,22.47,22.83,22.37,21.57,21.57,21.80,21.67,21.67,21.13,20.97,20.93,20.60,20.10,19.83,19.83,19.83
19.17,19.17,19.23,19.20,19.20,19.07,19.17,19.47,19.53,19.67,19.67,19.87,18.90,19.20,19.20,19.57,19.37,19.23,19.23,18.73,18.73,18.67,19.20,19.37,19.37,19.53,19.57,19.70,19.23,19.17,19.23,19.30,19.43,18.93,19.07,19.37,20.10,20.13,19.90,19.33,18.97,18.97,19.10,19.90,20.07,20.07,20.07,18.70,19.00,18.83,18.83,18.83,19.00,19.40,19.50,19.10,19.00,19.77,19.77,19.13,19.13,19.23,19.50,19.50,19.20,19.20,19.20,19.20,18.97,18.83,18.60,18.93,18.93,18.93,18.83,18.83,19.13,19.17,19.43,19.43,19.43,19.23,19.17,19.17,19.17,19.37,19.53,19.53,19.23,19.23,19.63,19.77,19.63,19.40,19.53,20.00,20.07,20.33,20.93,20.93,21.40,21.40,21.57,22.10,22.70,22.10,21.83,21.83,21.67,21.67,21.67,22.10,22.00,22.00,20.53,20.87,20.53,20.53,19.10,19.03,18.77,17.93,17.13,16.47,15.10,14.53,14.53,13.60,15.00,15.00,15.70,18.73,20.57,21.23,21.60,21.60,21.60,22.13,22.13,22.27,22.10,21.90,21.80,21.90,22.47,22.60,22.60,22.20,22.20,22.50,22.93,22.03,21.20,21.00,20.97,20.60,20.10,19.83,19.83,19.83
19.37,19.23,19.23,19.17,19.17,18.77,18.63,19.37,19.37,19.53,19.77,20.00,18.90,19.20,19.20,19.40,19.37,19.23,19.23,19.00,19.43,19.00,19.20,19.20,19.37,19.53,19.67,19.67,19.57,19.20,19.23,19.30,19.40,19.07,19.37,19.63,20.00,20.13,19.90,19.37,19.10,19.10,19.10,18.90,19.27,19.27,19.37,18.63,18.63,18.63,18.83,18.83,19.00,19.53,19.50,19.00,19.00,19.77,19.77,19.13,18.73,18.60,19.23,18.83,19.20,19.47,19.20,19.47,18.70,18.83,18.83,18.93,18.93,18.93,18.83,18.83,19.13,19.20,19.20,18.43,19.13,19.13,19.40,19.40,19.40,19.40,19.37,18.93,19.23,19.27,19.67,19.67,19.37,19.30,19.40,19.87,20.13,20.57,20.93,20.93,21.57,21.40,21.53,21.53,22.70,22.30,22.10,22.10,22.10,22.30,22.33,22.13,22.00,21.83,21.17,20.87,20.87,20.80,20.10,19.67,19.10,19.03,17.93,17.73,17.17,15.40,15.40,15.57,16.37,17.73,18.90,20.57,21.23,21.80,21.80,21.80,22.30,22.33,22.33,22.27,22.03,21.90,22.03,22.30,22.57,22.60,22.60,22.27,22.20,22.07,22.07,21.40,21.20,21.00,20.97,20.53,19.77,19.60,19.53,19.53
19.53,19.03,19.03,19.03,19.07,18.77,18.63,19.07,19.17,19.17,18.30,18.53,18.53,18.57,19.40,19.80,19.80,19.63,19.97,19.00,19.43,18.73,18.83,18.83,19.30,19.30,19.30,19.17,19.17,19.03,19.20,19.40,19.40,19.17,19.33,19.63,19.87,19.87,19.57,19.00,18.90,18.90,19.10,19.33,19.27,18.80,19.37,19.03,19.23,19.03,19.77,19.53,19.53,19.07,18.77,18.77,18.90,19.00,18.90,18.40,18.37,18.43,19.57,19.80,19.57,19.47,19.17,19.47,18.83,19.13,19.13,19.00,19.00,18.97,19.07,19.07,19.53,19.53,19.43,18.43,19.13,19.13,19.40,19.40,19.37,19.37,19.30,19.17,19.47,19.67,19.77,19.67,19.40,19.30,19.30,19.53,20.33,20.83,21.67,21.67,21.77,21.47,21.57,21.97,22.67,22.30,22.30,22.23,22.10,22.23,21.67,21.67,22.00,22.00,21.30,21.23,21.00,20.87,20.10,20.10,19.97,19.20,18.70,18.67,18.07,17.53,17.53,18.70,18.77,19.50,20.57,20.83,21.77,22.13,22.13,22.13,22.13,22.30,22.20,22.27,22.03,22.03,22.17,22.43,22.57,22.60,22.57,22.50,22.27,22.07,22.07,22.03,22.03,21.37,20.77,20.53,20.13,20.00,19.77,19.77
19.37,19.03,19.07,19.03,19.07,18.77,18.77,19.17,19.17,18.67,18.67,18.83,19.60,19.60,19.40,19.40,19.63,19.63,20.00,19.33,19.43,18.83,18.83,18.77,19.10,19.17,19.17,19.17,19.20,19.20,19.20,19.40,19.20,19.17,19.30,19.30,19.43,19.23,19.10,18.67,18.67,18.67,18.60,18.50,18.50,18.80,19.27,18.97,19.03,19.03,19.77,19.53,19.53,19.07,18.77,18.77,18.90,19.00,19.27,18.40,18.37,18.60,18.97,19.10,19.03,19.10,18.70,19.20,18.57,19.20,19.20,19.20,19.00,18.83,19.07,19.30,19.53,19.30,19.07,18.50,19.07,19.13,19.40,19.47,19.60,19.30,18.83,18.67,18.87,19.47,19.77,19.67,19.30,19.07,19.30,19.40,20.13,20.33,21.67,21.67,21.77,20.93,21.53,22.07,22.13,22.40,22.30,22.23,22.10,22.30,22.40,22.13,22.13,22.07,22.07,21.40,21.40,21.27,21.00,20.77,20.77,20.30,19.40,19.40,19.27,19.43,19.27,19.50,20.27,20.60,21.73,21.73,22.03,22.13,22.13,22.13,22.30,22.30,22.33,22.43,22.03,22.03,22.17,22.43,22.17,22.00,22.00,21.90,22.07,21.90,21.40,21.27,22.03,22.03,21.87,20.73,20.73,20.00,20.00,19.77
18.67,18.73,19.03,18.90,18.90,19.00,19.00,19.07,18.93,18.87,18.87,18.87,19.20,19.33,19.00,20.13,20.37,20.17,19.73,19.33,19.07,18.47,18.77,18.97,19.30,19.17,19.17,18.97,18.80,19.17,19.17,19.60,18.97,18.90,18.97,19.23,19.30,19.23,18.63,18.60,18.60,18.60,19.30,19.33,19.60,18.80,18.80,18.97,19.03,18.97,18.73,18.80,19.00,19.00,18.77,18.77,18.90,18.90,19.17,18.67,19.13,19.13,19.13,19.10,19.00,19.10,19.03,19.67,19.13,19.20,19.20,19.20,19.20,19.07,19.30,19.07,19.30,19.30,19.30,19.13,19.13,19.07,19.07,19.17,19.43,19.43,19.30,19.17,19.17,19.47,19.17,19.40,19.40,19.30,19.13,18.83,19.47,20.23,20.47,20.53,21.47,21.47,21.50,22.07,22.07,22.40,22.20,22.20,21.70,21.80,22.03,22.10,22.47,22.43,22.67,22.17,22.17,21.40,21.33,21.27,21.07,20.77,20.57,20.57,20.27,21.30,21.30,21.57,21.57,21.90,21.77,22.30,22.30,22.30,22.57,22.13,21.93,21.93,22.20,22.20,21.90,22.03,22.03,22.37,22.00,22.00,22.00,21.90,22.43,22.00,22.03,21.87,22.17,21.87,21.17,20.73,20.73,20.60,20.07,19.77
17.70,18.63,18.63,18.63,18.90,19.00,18.67,18.67,19.33,19.43,19.43,19.33,19.60,19.33,19.50,19.30,19.50,19.60,19.60,19.33,18.67,18.47,18.47,18.77,19.30,18.97,19.20,18.97,18.80,18.80,18.80,19.20,18.97,18.83,18.97,19.23,19.50,19.60,19.47,19.10,19.10,19.30,19.60,19.30,19.60,19.50,19.73,18.97,18.93,18.33,18.33,18.73,19.07,19.07,19.07,18.83,18.90,18.97,19.33,19.47,19.47,19.53,19.10,18.97,18.70,19.20,19.23,19.67,19.23,19.20,19.07,18.83,18.83,18.90,19.30,19.10,19.30,19.30,19.47,19.43,19.13,19.17,19.07,19.30,19.43,19.43,19.57,19.20,19.20,19.33,18.87,18.87,19.17,19.47,19.47,19.13,20.13,20.40,20.47,20.73,20.93,21.50,21.50,21.50,21.70,21.90,21.70,21.40,21.63,21.80,22.47,22.47,22.47,22.43,22.67,22.67,22.50,21.93,21.93,22.20,21.67,21.40,21.17,21.40,21.17,21.63,21.50,21.73,21.77,22.00,22.00,22.30,22.43,22.60,22.60,22.63,22.57,22.67,22.37,21.93,21.63,21.53,21.30,21.73,21.73,22.20,22.73,21.90,22.60,21.90,22.43,21.13,21.17,21.10,21.17,21.10,20.80,20.60,20.13,19.60
18.63,18.63,18.33,18.33,19.00,19.40,18.93,18.43,18.67,19.43,19.43,19.33,19.20,19.00,19.50,19.50,19.53,19.60,19.17,19.17,18.87,18.87,18.87,19.23,19.33,18.97,19.20,18.70,18.70,18.70,18.80,19.13,18.80,18.80,19.10,19.23,19.50,19.60,19.47,19.27,18.80,19.30,19.73,19.60,19.60,19.17,19.67,19.53,19.50,18.43,18.40,19.00,19.07,19.07,18.70,18.90,18.90,18.97,19.20,19.47,19.47,19.60,19.43,19.10,19.10,19.20,19.23,19.23,19.60,19.13,19.07,18.83,19.47,18.90,18.83,18.83,19.10,19.47,19.47,19.43,19.13,19.07,18.83,19.30,19.43,19.57,19.67,19.77,19.87,19.33,18.80,18.80,19.03,19.13,19.17,19.17,20.40,20.47,20.47,20.73,20.93,22.00,21.50,21.50,21.53,21.87,21.87,21.40,21.63,21.80,22.33,22.33,22.43,22.43,22.67,22.73,22.50,22.00,22.00,22.20,22.20,22.07,21.67,21.80,21.67,21.73,21.57,22.27,21.57,22.07,22.07,22.20,22.43,22.60,22.60,22.47,22.40,22.40,22.37,22.27,21.63,21.80,21.80,22.37,22.43,22.77,22.80,21.90,22.60,21.63,22.03,22.00,21.87,21.10,21.10,20.80,20.87,20.80,20.17,19.60
18.57,18.57,19.00,19.40,19.40,19.40,18.77,18.77,19.20,19.43,19.43,19.23,19.10,19.10,19.53,19.30,19.30,18.97,18.97,18.97,18.67,19.20,19.23,19.67,19.67,19.13,19.13,18.93,18.93,18.87,18.87,18.87,18.87,19.07,19.43,19.50,19.67,19.93,19.47,19.43,19.43,19.43,19.83,19.83,19.73,19.17,19.67,19.67,18.93,18.93,18.87,19.30,19.20,19.17,18.70,19.53,19.13,19.47,19.20,19.47,19.20,19.00,19.03,19.00,19.10,19.20,19.23,19.10,19.10,19.07,19.07,19.00,18.77,18.60,18.90,19.03,19.10,19.60,19.40,19.40,19.23,19.30,18.77,19.33,19.33,19.33,18.40,18.40,19.20,19.07,18.80,18.73,19.03,19.10,19.47,19.73,20.40,20.40,20.37,20.73,20.93,21.80,21.80,21.80,21.70,21.87,21.70,21.13,21.53,21.97,22.37,22.37,22.37,22.37,22.33,22.00,22.00,22.00,22.13,22.20,22.57,22.57,22.57,22.17,22.23,22.23,22.40,22.57,22.40,22.30,22.07,22.20,22.43,22.53,22.47,22.53,22.47,22.40,22.37,22.27,22.10,21.80,21.73,22.43,22.77,22.80,22.80,21.90,21.63,21.30,21.60,21.60,21.07,21.07,21.17,21.17,21.10,20.67,20.13,20.07
18.63,18.77,19.00,19.40,19.10,19.10,18.93,19.10,19.17,19.20,19.23,19.10,19.10,19.10,19.53,18.90,18.70,18.70,18.87,18.97,18.87,19.20,19.77,19.80,19.67,19.37,19.17,19.17,19.17,19.23,18.87,18.87,18.80,18.80,19.10,19.10,19.13,19.27,19.10,18.77,18.80,19.10,19.43,19.17,19.07,19.07,19.07,19.67,19.53,19.53,19.63,19.43,19.20,19.20,19.50,19.60,19.53,19.13,19.13,19.20,18.47,19.00,19.13,19.13,19.20,19.20,18.87,18.87,18.90,19.10,19.27,19.67,19.67,18.60,18.60,18.93,18.93,19.40,19.20,19.30,18.83,18.83,18.27,18.60,18.60,18.77,18.77,18.27,19.07,18.80,19.07,18.80,19.43,19.10,19.17,19.17,19.70,19.83,19.70,20.27,20.57,21.57,21.80,21.80,21.80,22.17,22.17,21.53,21.53,22.37,22.43,22.43,22.43,22.43,22.33,21.87,21.87,22.13,22.13,22.10,22.57,22.70,22.70,21.97,22.23,22.23,22.63,22.57,22.30,22.30,22.10,22.70,22.43,22.43,22.33,22.37,22.37,22.30,22.27,22.27,22.17,22.13,22.10,22.53,22.73,22.73,22.37,21.90,21.63,21.60,21.77,21.77,21.47,21.43,21.33,21.33,21.10,20.63,20.20,20.17
19.20,19.20,18.97,19.10,18.97,18.77,19.10,19.20,19.23,19.23,19.37,19.23,19.30,19.10,19.30,18.90,18.70,18.87,18.97,19.10,18.97,19.23,19.77,19.77,19.37,19.37,19.17,19.53,19.40,19.23,18.87,18.87,18.63,18.37,18.63,18.77,19.67,19.67,19.47,18.97,19.40,19.40,19.40,19.10,19.07,19.27,19.27,19.83,20.03,20.03,19.63,19.43,19.30,19.30,19.30,19.53,19.13,19.13,19.00,18.90,18.47,19.00,19.03,19.13,19.13,19.30,19.20,19.23,19.10,19.27,19.07,19.07,19.07,19.03,18.93,18.93,18.93,19.20,18.67,18.90,18.90,19.30,18.27,18.73,18.73,18.77,19.00,18.27,19.07,18.83,19.37,19.37,19.83,19.77,19.43,19.07,19.23,19.70,19.70,20.37,20.80,20.87,21.03,21.57,21.80,22.17,22.00,22.00,21.73,22.37,22.43,22.50,22.63,22.37,22.00,21.77,21.77,22.13,22.33,22.57,22.57,22.70,22.87,22.70,21.90,21.90,22.60,22.57,22.57,22.57,22.70,23.00,22.77,22.53,22.40,22.53,22.57,22.40,22.30,22.23,22.17,22.13,22.17,22.17,22.73,22.73,22.37,21.73,21.50,21.60,22.07,21.60,21.07,21.07,21.07,21.33,20.93,20.67,20.37,20.07
19.20,19.20,18.97,18.93,18.83,18.83,19.37,19.37,19.27,19.17,19.27,18.83,19.30,18.97,18.97,18.53,18.53,18.93,19.10,19.27,19.23,19.60,19.60,19.77,19.43,19.83,19.53,19.83,19.53,19.13,18.63,18.63,18.63,18.63,18.73,18.77,19.20,19.20,19.20,18.97,19.17,19.17,19.17,19.00,19.00,19.10,19.83,19.83,20.33,19.17,19.17,19.07,19.07,19.30,19.37,19.57,19.57,19.30,19.30,19.37,19.37,19.27,19.13,19.27,19.20,19.30,19.20,19.23,19.27,19.63,19.07,19.07,19.30,19.40,19.30,18.77,19.20,19.20,19.20,18.80,18.80,18.90,18.80,18.80,18.80,18.90,19.30,19.27,19.27,18.73,19.23,19.23,19.80,19.83,19.43,19.07,18.93,19.50,19.70,20.33,20.67,20.80,21.03,21.30,21.80,21.80,21.57,22.00,21.73,22.30,22.30,22.77,22.70,22.57,22.50,21.77,21.77,22.10,22.30,22.30,22.30,22.57,22.53,22.53,21.90,21.90,22.63,22.13,22.73,22.03,22.70,22.70,22.63,22.53,22.40,22.40,22.40,22.60,22.60,22.53,22.53,22.17,22.17,22.17,22.53,22.43,22.10,21.63,21.63,22.03,22.07,21.50,21.47,21.43,21.23,21.33,21.23,21.10,20.80,20.53
19.20,19.03,19.03,18.83,18.83,18.67,19.27,19.23,19.27,19.23,19.37,19.23,19.30,19.23,19.30,18.97,19.40,19.63,19.57,19.57,19.57,19.60,19.43,19.60,19.43,19.83,19.53,19.97,19.63,19.13,18.50,18.60,19.23,19.23,19.33,19.23,19.50,19.50,19.50,19.47,19.40,19.17,19.17,19.13,19.43,19.27,19.27,19.83,20.03,19.17,19.13,19.13,18.60,19.33,19.03,19.37,19.00,19.30,19.30,19.30,18.83,19.27,19.10,19.27,19.10,19.30,19.27,19.23,19.23,18.70,18.93,19.03,19.07,19.30,19.30,18.77,19.87,19.40,19.30,19.23,19.23,19.50,19.57,19.13,18.90,18.90,19.30,19.13,19.13,18.73,19.07,19.07,19.80,19.83,19.83,19.23,19.37,19.77,19.93,20.37,20.67,20.37,21.03,21.07,21.73,21.57,21.57,22.00,22.57,22.13,21.90,22.13,22.57,22.17,22.03,21.77,21.97,22.10,22.30,22.30,22.30,22.47,22.53,22.53,22.53,21.90,22.83,22.27,22.73,22.13,22.30,22.30,22.20,22.40,22.33,22.33,22.23,22.60,22.53,22.03,22.03,22.17,22.20,22.20,22.23,22.10,21.50,21.47,21.47,21.63,21.70,21.63,21.47,21.47,21.23,21.23,21.23,21.10,20.53,20.23
18.87,18.87,19.03,19.17,19.17,19.17,19.60,19.03,19.03,18.27,19.07,18.67,19.23,18.77,19.80,19.00,19.63,19.30,19.30,19.57,19.57,19.60,19.43,19.60,19.43,19.63,19.40,19.83,19.63,18.70,18.70,18.63,19.23,19.30,19.40,19.33,19.50,19.50,19.27,19.40,19.40,19.40,19.17,19.13,19.43,19.47,19.47,19.73,19.50,19.50,19.17,19.53,19.03,19.33,19.03,19.33,18.57,19.30,19.33,19.57,19.33,19.57,19.27,19.27,19.33,18.90,19.33,18.87,19.27,18.70,18.70,18.93,19.07,19.17,19.17,19.37,19.87,19.87,19.40,19.33,19.30,19.53,19.57,19.13,18.90,18.90,19.13,18.57,18.67,18.67,18.77,19.07,19.80,19.80,19.37,19.37,19.77,19.83,19.93,19.87,19.87,20.30,21.13,21.20,21.80,21.80,21.80,21.93,22.23,22.13,21.90,22.00,21.90,22.03,22.03,22.03,22.13,22.10,22.10,21.83,22.10,22.57,22.60,22.67,22.90,22.70,22.83,22.23,22.23,22.23,22.30,21.97,21.97,22.33,22.30,22.23,22.20,22.20,22.20,22.20,22.27,22.27,22.20,22.23,22.23,22.23,22.10,21.63,21.30,21.63,21.10,21.50,21.50,21.50,21.23,20.97,21.23,20.90,20.53,20.53
19.03,18.90,18.83,18.93,18.93,19.10,18.27,18.03,17.87,18.03,19.20,19.23,19.23,19.23,19.50,19.50,19.63,19.30,19.20,19.30,19.43,19.43,19.40,19.43,19.17,19.03,18.77,19.40,19.53,19.53,18.77,18.60,19.10,19.30,19.33,19.33,19.37,19.37,19.27,19.40,19.73,19.13,19.10,19.10,19.47,19.63,19.47,19.23,19.23,19.53,19.53,19.53,18.67,19.33,18.40,18.57,18.57,18.83,18.83,19.30,19.17,19.77,19.77,18.90,19.40,18.90,19.47,19.27,19.17,18.50,18.67,19.03,19.03,19.07,19.00,19.03,19.17,19.87,19.33,19.33,19.53,19.70,19.70,19.33,19.10,19.07,19.13,18.77,18.67,18.67,18.77,19.07,19.83,19.27,19.13,19.27,19.47,19.83,19.97,20.20,19.87,20.03,20.53,20.97,21.20,21.13,21.13,21.13,21.87,22.00,21.87,21.90,21.87,21.70,21.70,21.67,22.13,21.80,22.10,22.10,22.60,22.67,22.83,22.90,23.03,22.73,22.83,22.27,22.37,22.30,22.30,22.30,22.30,22.70,22.30,22.27,22.20,22.20,21.67,21.70,21.93,22.20,22.20,22.20,22.13,21.87,21.77,21.30,21.17,20.97,21.10,21.10,21.47,20.93,20.90,20.50,20.33,20.33,20.23,20.17
18.87,18.87,18.23,18.80,18.80,19.10,19.03,18.03,18.03,18.27,19.07,18.80,18.90,19.20,19.37,19.50,19.20,19.13,19.13,19.30,19.53,19.43,19.43,19.43,19.17,18.77,18.77,19.60,19.60,19.53,19.27,18.70,19.10,19.30,19.40,19.40,19.40,19.27,19.00,19.10,19.30,19.30,19.10,18.77,19.10,19.40,19.40,19.13,19.13,19.53,19.53,19.53,19.10,19.00,18.57,19.13,19.20,19.13,19.13,19.13,19.33,19.77,20.03,19.77,19.67,18.90,19.47,18.73,19.17,18.73,18.60,18.67,18.67,19.07,19.00,19.03,19.17,19.23,19.23,19.20,18.37,19.53,19.23,19.33,19.23,19.33,19.60,19.60,19.50,18.70,19.00,19.63,19.80,19.37,19.13,19.27,19.40,19.97,19.97,19.97,19.87,20.53,20.53,20.97,21.20,21.30,21.23,21.23,21.63,21.80,21.87,21.90,21.93,21.93,21.70,21.67,22.13,22.13,22.17,22.67,22.83,22.87,22.87,23.03,23.03,23.13,23.17,22.40,22.37,22.37,22.37,22.40,22.30,22.60,22.30,22.30,22.23,22.23,22.23,22.23,22.27,22.27,21.97,21.87,21.87,21.90,21.90,22.30,21.73,20.97,20.97,20.97,21.10,20.97,20.97,20.63,20.37,20.37,20.37,20.07
17.73,17.73,17.73,18.80,18.80,18.97,18.97,18.93,18.93,18.83,19.10,18.90,19.10,19.37,19.37,19.50,19.20,19.13,19.17,19.53,19.80,19.53,19.17,18.90,19.03,18.83,19.03,19.63,19.63,19.70,19.60,19.17,19.17,18.80,19.40,19.40,19.40,19.37,18.93,18.83,19.20,19.20,19.30,18.80,19.10,19.10,19.20,19.20,19.13,19.50,19.50,19.53,19.43,19.00,19.00,19.20,19.67,19.20,18.90,18.90,18.90,19.70,19.70,19.43,19.43,18.67,19.43,18.97,18.73,18.73,18.63,19.13,18.67,19.10,19.10,19.17,19.77,19.77,19.23,18.37,18.20,19.23,19.23,19.33,19.33,20.10,19.60,19.93,19.50,18.73,19.00,19.07,19.50,19.30,19.27,19.27,19.47,19.83,19.83,19.83,19.53,20.20,20.37,20.83,20.97,21.10,20.97,20.80,21.23,21.73,21.77,21.77,21.93,21.93,21.93,21.67,21.67,21.87,22.17,22.67,22.83,22.87,22.83,22.73,22.50,22.73,23.13,22.60,22.37,21.87,21.87,22.20,22.60,22.60,22.57,22.50,22.23,22.33,22.23,22.23,22.00,21.77,21.40,21.60,21.77,21.77,21.73,21.73,21.73,20.93,20.93,21.10,21.10,21.10,21.03,20.73,20.37,20.07,20.07,20.00
18.30,17.77,17.77,18.80,19.10,19.10,19.03,18.93,18.93,18.83,19.10,19.10,19.10,19.37,19.53,19.90,19.87,19.60,19.17,19.17,19.53,19.53,19.67,18.90,18.90,18.83,19.63,19.77,20.10,20.10,19.73,19.53,19.20,18.80,19.30,19.47,19.67,19.93,19.23,18.93,18.93,19.30,19.30,18.80,18.73,18.73,19.20,19.20,19.47,19.50,19.53,19.63,19.47,19.07,19.07,19.20,19.20,19.20,19.00,19.00,19.00,19.63,19.63,19.57,19.23,18.67,18.97,18.73,18.97,18.73,18.63,19.13,19.13,19.30,19.43,19.90,19.87,19.77,19.20,18.53,18.53,19.23,19.33,19.40,19.57,19.97,19.17,19.03,19.03,19.50,19.50,19.50,19.50,19.80,19.43,19.43,19.57,20.20,20.20,19.97,19.67,20.20,20.20,20.37,20.83,21.10,21.23,21.03,21.67,21.67,21.77,22.30,21.93,22.53,21.93,22.30,21.87,22.13,22.40,22.53,22.67,22.87,22.67,22.50,22.50,22.67,22.67,22.03,21.67,21.87,21.87,21.30,22.20,22.57,22.80,22.50,21.90,22.33,22.23,22.23,21.97,21.90,21.60,21.73,21.60,21.90,21.63,21.73,21.63,20.77,20.77,20.73,21.10,21.10,21.03,20.73,20.40,20.07,19.97,19.53
18.37,18.37,19.57,19.27,19.20,19.20,19.03,19.30,19.13,19.47,19.13,19.73,19.10,19.73,19.53,19.90,19.63,19.63,19.60,19.10,19.10,19.47,19.47,19.43,19.27,19.03,19.27,19.63,20.20,20.13,20.13,19.83,19.23,19.20,19.23,19.93,20.03,20.27,19.23,18.93,18.93,19.33,19.60,19.30,19.07,19.20,19.50,19.57,19.57,19.57,19.63,20.20,19.47,19.07,18.97,18.97,18.70,19.97,19.00,19.10,19.10,19.20,19.20,19.17,19.17,19.23,19.00,19.00,18.97,18.80,18.63,19.30,19.43,19.63,19.43,19.87,19.30,20.20,19.13,18.67,18.67,19.13,19.33,19.13,19.33,19.57,19.17,19.03,18.73,18.73,19.23,19.23,19.23,19.07,19.20,19.20,19.20,19.57,20.53,19.83,19.53,19.57,20.03,20.20,20.60,20.60,20.60,20.80,21.27,21.27,21.73,21.77,21.77,21.93,21.90,22.30,22.27,22.27,22.27,22.40,22.40,22.40,22.43,22.43,22.37,22.50,22.67,22.30,21.73,21.87,21.73,21.27,21.30,22.37,22.80,22.20,22.20,22.20,22.20,22.00,21.80,21.73,21.53,21.73,21.50,21.50,21.43,20.77,20.77,20.53,20.73,20.60,20.60,19.67,19.67,19.67,19.67,19.33,19.07,18.93
18.37,18.37,19.43,19.10,19.10,19.20,19.20,19.30,18.73,19.47,19.47,19.70,19.70,19.70,19.40,19.40,19.60,19.57,19.57,18.93,18.93,18.93,19.73,19.73,19.43,19.27,19.27,19.97,20.10,19.83,19.83,19.77,19.40,19.23,19.23,19.30,20.03,20.10,19.03,18.67,18.97,19.30,19.30,19.40,19.40,19.20,19.20,19.50,19.63,19.63,19.40,19.57,19.13,19.07,18.97,18.70,18.53,18.53,19.00,19.10,19.10,19.20,19.17,19.17,19.23,19.30,19.00,18.67,18.67,18.70,18.70,19.27,19.63,19.63,19.43,19.87,19.13,19.40,18.67,18.67,18.67,19.40,19.40,18.93,18.93,19.17,19.17,19.03,19.00,19.00,19.23,19.23,18.97,18.97,19.07,19.20,19.20,19.17,20.60,20.30,20.20,19.80,19.97,20.03,20.13,20.60,20.63,21.03,21.43,21.43,21.67,21.77,21.67,21.70,21.80,21.90,22.30,22.50,22.50,22.40,22.40,22.40,22.67,22.50,22.43,22.50,22.67,22.33,21.73,22.10,21.83,21.83,21.83,22.37,22.37,21.97,21.93,21.90,21.80,21.73,21.73,21.73,21.53,21.07,21.43,21.43,21.43,20.77,20.77,20.73,20.73,20.27,20.10,19.67,19.67,19.87,19.90,19.90,19.53,19.07
19.03,19.03,19.03,18.77,18.87,19.10,18.87,18.60,19.13,19.13,19.20,19.70,19.70,19.17,19.03,19.03,19.27,19.27,19.57,18.93,18.97,18.97,19.47,19.63,19.37,19.30,19.27,19.97,19.97,19.83,19.77,19.77,19.40,19.33,19.23,19.30,20.03,19.47,19.03,19.03,19.33,19.33,19.60,19.53,19.47,19.37,19.23,19.57,19.57,19.57,18.87,19.40,19.13,19.17,18.97,18.57,18.53,19.33,19.60,19.60,19.10,19.20,19.20,19.17,19.23,19.23,19.23,18.83,18.57,18.70,18.70,18.93,19.40,19.40,19.27,19.07,18.93,18.47,18.67,18.93,19.20,19.23,19.23,18.93,19.13,19.13,19.17,19.13,19.00,19.00,19.00,18.97,18.83,18.83,18.80,18.83,19.20,19.23,19.23,19.53,19.80,19.80,19.80,20.13,20.13,20.47,20.47,21.07,21.43,21.43,21.87,21.67,21.67,21.70,21.80,21.80,22.30,22.30,22.07,22.03,22.03,22.03,22.40,22.43,22.37,22.37,22.73,22.73,22.33,22.30,22.00,22.00,22.37,22.40,22.30,22.00,22.20,21.93,21.33,20.97,20.97,20.67,20.60,20.60,21.00,20.70,20.43,20.73,20.73,20.73,20.27,19.87,19.67,19.47,19.67,19.07,19.67,19.30,19.30,18.77
18.23,18.17,17.90,17.90,18.37,18.63,18.50,18.30,18.30,18.17,19.13,19.70,19.97,19.97,19.17,18.93,19.03,19.17,19.17,18.83,18.67,18.73,19.73,19.67,19.63,19.30,19.07,19.70,19.50,19.50,19.20,19.40,19.30,19.30,19.07,19.07,19.07,19.47,19.47,19.47,19.80,18.97,19.53,19.53,19.53,19.37,19.20,19.17,19.17,19.57,19.07,19.40,19.23,19.30,19.23,19.17,18.53,18.53,19.00,19.60,19.00,19.63,19.30,19.70,19.47,19.23,19.23,18.83,18.67,18.20,18.70,19.27,19.37,19.27,19.27,19.47,19.47,19.37,19.00,18.93,19.00,19.20,19.23,19.23,19.33,19.13,19.13,18.80,18.73,18.63,18.63,18.83,18.83,19.20,19.20,19.43,19.67,19.67,19.53,19.93,19.80,19.93,19.80,20.93,20.93,20.80,20.63,20.80,21.53,21.53,21.87,21.87,21.93,21.70,21.70,21.60,22.30,22.30,22.60,22.67,21.97,21.97,21.87,22.43,22.43,22.43,21.77,22.33,22.27,22.10,22.00,22.00,22.40,22.40,22.23,22.00,21.97,21.93,21.63,21.33,20.97,20.53,20.53,20.53,20.43,19.93,19.93,20.73,20.73,20.73,19.87,19.60,19.47,19.20,19.90,19.90,19.83,19.30,19.03,18.27
17.80,17.80,18.17,18.17,18.37,18.17,18.17,18.17,18.33,18.17,18.70,19.97,19.97,19.97,18.93,19.00,19.00,19.17,19.53,19.53,18.97,19.00,19.10,19.30,19.30,18.77,18.77,19.33,19.50,19.70,19.20,19.30,19.30,19.30,18.83,19.03,19.30,19.57,19.47,19.57,20.40,20.23,19.80,19.47,19.40,19.37,19.23,19.37,19.57,19.73,19.07,19.07,19.20,19.23,19.23,19.17,19.27,19.33,19.33,19.57,18.80,19.30,19.30,19.67,19.30,19.03,19.23,19.00,18.33,18.20,18.17,18.60,19.07,18.93,19.10,19.43,19.43,18.83,19.00,19.00,19.07,19.20,19.20,19.20,19.43,19.13,19.13,18.80,18.60,18.60,18.67,18.83,19.40,20.10,19.43,19.67,19.67,19.93,19.67,19.73,19.17,19.93,19.53,20.43,20.83,20.83,20.83,21.27,21.37,21.37,21.87,21.87,21.90,21.70,21.90,21.60,21.60,21.37,22.30,22.67,22.67,21.97,21.97,22.27,22.37,21.80,21.80,22.27,22.27,22.00,22.00,22.00,22.23,22.23,22.23,22.27,22.27,21.93,21.33,20.97,20.77,20.30,20.30,20.40,20.60,20.17,20.13,20.13,20.30,19.87,19.67,19.60,19.47,19.20,19.93,19.83,19.03,19.03,18.27,17.83
17.80,17.77,18.37,18.47,18.63,18.50,18.63,19.13,18.70,18.17,18.33,19.93,19.97,19.97,19.17,19.00,19.00,19.13,19.53,19.53,19.87,19.87,19.87,19.30,18.90,18.40,18.47,19.07,19.33,19.20,19.20,19.30,19.30,19.30,19.30,19.03,19.43,19.57,19.30,18.90,19.10,19.10,19.10,19.20,19.20,19.23,19.00,19.17,19.17,19.73,19.57,18.77,19.20,19.30,19.57,19.37,19.27,18.77,18.77,19.00,18.60,19.30,19.30,19.67,19.63,19.63,19.47,19.00,18.70,18.37,18.17,18.47,18.83,18.90,19.07,19.60,19.60,19.27,19.00,18.83,19.00,18.53,18.73,19.20,19.57,19.33,19.13,18.80,18.43,18.10,18.43,18.73,19.03,20.10,19.80,19.67,19.67,19.67,19.73,19.93,19.90,19.90,19.53,19.80,20.83,20.93,21.47,21.30,21.33,21.33,21.37,21.90,21.90,21.70,21.53,21.37,21.37,21.37,22.77,22.77,22.77,22.77,22.27,21.87,21.83,21.80,21.80,21.80,21.90,21.47,21.47,21.70,21.83,21.83,21.53,21.93,21.93,21.63,21.43,20.93,20.77,20.33,20.33,20.40,20.70,20.17,20.30,20.13,20.37,20.37,20.37,19.13,19.20,19.90,19.93,19.90,18.90,18.67,18.67,18.27
17.80,17.80,18.07,18.47,18.53,18.47,18.40,19.13,19.13,19.13,19.53,19.87,19.53,19.17,18.77,18.87,19.00,19.53,19.77,19.77,19.87,19.30,19.30,19.00,18.90,18.47,18.70,19.03,19.40,19.20,19.20,19.53,19.53,19.53,19.43,19.30,19.30,19.10,18.90,18.83,18.90,18.83,18.87,19.07,19.00,19.23,18.63,18.73,18.70,18.73,19.20,18.70,19.07,19.10,19.37,19.27,19.00,19.73,19.00,19.50,18.87,19.50,19.63,19.63,19.63,19.63,19.47,19.40,18.70,18.67,18.37,18.47,18.57,18.90,18.93,19.73,19.43,19.27,19.07,19.07,19.30,19.20,18.97,18.97,19.07,19.07,19.33,19.47,19.53,18.67,18.73,18.73,18.90,18.87,19.80,19.67,19.80,19.63,19.63,19.73,19.90,19.90,19.33,19.73,20.10,20.43,20.93,21.20,21.30,21.33,21.70,21.87,21.70,21.70,21.60,21.60,21.37,21.27,21.17,21.37,22.03,22.27,22.27,22.00,21.70,21.80,22.23,22.23,21.80,21.47,21.47,21.47,21.70,21.07,21.10,21.10,21.10,20.40,20.27,20.27,20.23,20.23,20.23,20.33,20.50,20.17,20.17,20.13,20.30,20.63,20.40,19.30,19.90,19.90,19.90,18.90,18.63,18.63,18.83,18.83
17.73,17.90,17.90,18.07,18.47,18.47,18.40,18.40,19.13,19.37,19.93,19.53,19.23,18.87,18.77,18.87,19.13,20.30,19.77,19.77,19.60,18.40,19.30,18.90,19.87,18.90,19.03,19.03,19.20,19.17,19.17,19.53,19.60,19.53,19.53,19.30,19.10,18.60,18.60,18.67,18.83,18.37,18.37,18.87,18.87,19.30,18.50,18.73,18.70,18.73,19.20,19.20,18.23,18.23,19.37,18.93,18.93,19.00,19.00,19.50,19.00,19.50,19.63,18.70,19.63,19.63,19.47,19.47,18.87,18.67,18.67,18.57,18.90,18.90,18.93,19.73,19.27,19.67,19.37,19.30,19.30,19.30,18.97,18.97,19.07,19.07,19.33,19.53,19.57,19.53,18.90,18.73,18.73,18.73,19.47,19.37,19.67,19.37,19.37,19.63,19.90,20.20,19.33,19.80,20.10,20.10,20.37,20.93,21.20,21.70,21.70,21.87,21.23,21.60,21.60,21.60,22.37,21.27,21.17,21.17,21.37,22.03,22.00,22.00,21.47,22.27,22.23,22.23,21.47,21.30,21.47,21.47,21.77,20.57,21.10,20.07,20.80,19.87,19.87,19.90,20.20,20.20,20.17,20.07,20.17,20.07,20.07,20.17,20.63,20.63,19.30,19.30,19.90,19.90,19.43,18.63,18.63,18.63,18.83,18.83
