18.00,18.00,17.30,17.07,17.07,18.23,18.30,17.97,17.97,17.73,17.73,17.67,18.03,18.03,18.03,18.03,18.03,18.23,18.77,18.47,18.37,18.37,18.43,18.43,17.67,17.67,18.23,18.80,18.87,18.87,18.87,18.50,18.87,18.83,18.83,18.60,18.60,18.40,18.40,18.40,18.47,18.50,18.20,18.43,18.43,18.97,17.80,17.80,18.13,18.50,19.47,19.47,19.37,18.37,19.37,19.77,20.80,21.67,24.07,24.20,24.63,25.53,25.53,24.63,24.63,24.57,24.80,24.07,24.60,24.63,24.63,24.63,23.83,24.67,23.83,24.53,24.53,24.60,24.60,24.00,24.00,24.70,24.70,24.60,24.60,25.30,25.30,24.50,24.00,24.00,23.73,23.33,23.33,23.17,22.93,22.00,21.73,19.87,19.87,19.57,19.00,18.97,18.73,18.73,18.63,18.87,18.87,18.90,18.83,18.03,18.53,19.03,19.03,18.30,17.57,17.57,17.70,18.43,18.43,18.80,18.80,18.90,19.50,19.67,18.83,18.83,18.63,19.13,18.87,18.93,18.30,18.93,17.93,19.13,17.87,17.87,18.27,18.40,18.67,18.67,18.43,18.93,18.63,18.63,18.63,18.07,18.17,18.27,18.60,18.73,18.43,18.43,18.43,19.03,18.60,18.23,18.23,18.23,18.40,18.97
18.00,17.47,17.40,17.30,17.93,18.00,18.23,17.63,17.73,17.97,18.57,18.57,18.73,18.73,18.63,18.23,18.17,18.23,18.77,18.57,18.47,18.47,18.43,18.67,17.90,17.90,17.90,18.77,18.77,18.40,18.50,18.50,18.83,18.50,18.63,18.13,18.13,18.03,18.37,18.40,18.40,18.40,18.00,18.43,18.43,18.87,18.67,18.00,18.13,18.50,19.47,19.40,19.37,18.37,19.23,19.77,20.93,23.07,23.90,24.20,24.63,25.23,25.07,24.63,24.57,24.43,24.43,24.07,23.80,24.03,24.03,24.63,24.53,24.67,23.83,24.53,24.53,24.53,24.10,24.10,24.10,24.70,24.70,24.70,25.00,25.30,25.30,24.43,24.10,24.33,24.27,23.73,23.63,23.17,22.93,22.30,20.90,19.57,19.57,19.00,18.57,18.57,18.57,18.63,18.63,18.80,18.80,18.80,18.83,18.63,18.53,18.53,18.53,18.33,17.73,17.73,17.77,18.03,18.30,18.43,18.80,18.80,18.20,18.83,18.77,18.83,18.63,18.87,18.63,18.63,18.40,18.47,18.37,19.13,18.27,18.03,18.13,18.27,18.50,18.67,18.67,18.43,18.63,18.87,18.87,18.07,17.97,18.17,18.27,18.27,18.33,18.43,18.43,18.60,18.10,18.20,18.20,18.23,18.37,18.97
17.47,17.47,18.03,17.87,17.93,17.87,17.47,17.47,18.10,18.57,18.57,18.57,18.77,19.37,19.70,19.37,18.97,18.97,19.00,18.77,18.47,18.27,17.60,18.67,18.40,18.67,18.50,18.50,18.40,17.97,17.97,17.70,18.70,18.83,18.63,18.40,18.40,18.17,18.37,18.20,18.20,18.20,18.20,18.43,18.43,18.87,18.70,18.13,18.13,18.33,19.47,19.43,19.43,19.40,19.63,19.67,21.87,23.17,23.90,24.20,24.43,25.07,24.83,24.50,24.43,24.30,24.43,24.23,23.77,23.80,23.87,24.20,24.20,23.83,23.60,23.77,24.10,24.20,24.20,24.10,24.33,24.70,25.07,25.07,25.33,24.97,24.73,24.43,24.10,24.33,24.37,24.37,24.07,23.53,23.53,22.33,20.53,19.67,19.53,18.53,18.57,18.57,18.73,18.73,18.73,19.10,18.60,18.13,18.03,18.63,18.27,18.33,18.33,18.33,17.87,18.03,17.93,18.00,18.00,18.17,18.67,18.63,18.20,18.20,18.23,18.83,18.87,18.87,19.00,18.63,18.47,18.47,18.63,19.13,18.37,18.27,18.27,18.13,18.50,18.50,18.83,18.27,18.27,18.43,18.90,18.90,18.17,17.97,17.87,18.23,18.40,18.43,18.40,18.13,17.97,17.97,17.53,17.73,18.20,18.20
17.47,17.47,18.03,17.87,17.87,17.73,17.73,17.97,18.70,18.57,18.70,18.57,18.77,19.00,19.03,19.27,19.00,19.00,19.10,19.07,18.93,18.27,18.13,18.53,18.40,18.63,18.33,18.33,18.33,17.97,17.97,17.70,18.50,18.70,18.43,18.57,18.50,18.50,18.50,18.37,18.37,18.37,18.70,18.80,18.80,18.87,18.70,18.70,18.53,18.93,19.57,19.67,19.70,19.63,19.67,20.60,21.30,23.07,23.90,24.43,24.67,24.27,24.27,24.20,24.30,24.23,24.30,24.23,23.80,23.80,23.80,24.03,24.20,23.93,23.53,23.60,23.77,24.30,24.30,24.47,24.80,25.17,25.63,25.53,25.53,24.97,24.53,24.43,24.33,24.43,24.73,24.27,24.07,23.63,23.53,23.07,21.47,19.67,19.40,18.53,18.57,18.57,18.67,18.57,18.57,19.10,19.10,18.87,18.83,18.83,18.27,17.83,18.27,18.30,18.27,18.10,18.07,18.07,18.07,18.17,18.50,18.50,18.23,18.23,18.53,18.87,19.03,18.87,18.63,18.47,18.40,18.63,18.37,19.17,18.90,19.10,19.10,18.13,18.50,18.50,18.83,18.27,18.27,18.27,18.43,18.90,18.00,17.97,17.87,18.40,18.73,18.70,18.40,18.13,17.97,17.97,17.73,18.73,18.73,19.53
18.30,18.07,18.07,18.07,17.87,17.73,17.73,18.10,18.60,18.07,18.60,18.50,18.87,19.03,19.03,19.27,19.00,19.07,19.10,19.07,18.23,18.23,18.13,18.63,18.77,18.77,18.50,18.33,18.33,17.97,17.97,18.70,18.93,18.93,18.63,18.63,18.57,18.97,18.60,18.50,18.37,18.10,18.37,18.80,18.87,19.10,18.67,18.67,18.53,18.90,18.90,19.43,19.67,19.63,19.70,20.60,21.17,23.13,24.03,24.43,24.53,23.63,24.00,24.20,24.23,24.30,24.30,24.33,24.13,23.87,23.87,24.10,24.20,24.10,23.93,23.93,24.33,24.93,25.37,25.37,25.50,25.50,25.90,25.90,25.67,25.50,24.73,24.53,24.53,24.57,24.83,24.17,24.03,23.63,23.50,23.07,22.20,19.80,19.40,18.83,18.47,18.47,19.20,19.10,18.57,19.10,19.10,19.13,18.03,17.93,17.83,17.67,17.67,17.87,18.17,18.10,18.63,18.63,18.53,18.53,18.73,18.63,18.30,18.30,18.53,19.03,19.13,19.13,19.00,19.00,18.67,18.97,18.63,18.90,18.90,18.90,19.10,18.67,18.67,18.33,18.63,18.63,18.63,18.27,18.43,18.90,18.90,18.00,18.40,18.67,18.73,18.67,18.40,18.30,18.13,18.23,18.57,19.10,19.10,19.33
17.40,17.03,17.03,18.07,18.13,18.30,18.23,18.30,18.60,18.07,18.60,18.50,18.50,18.80,18.70,18.77,18.70,18.73,18.93,18.93,18.93,18.93,18.70,18.70,18.70,18.63,18.47,18.33,18.47,18.10,18.57,18.60,18.93,18.93,18.63,18.63,18.60,18.77,18.73,18.73,18.50,18.10,18.37,18.80,19.27,19.10,18.67,18.67,18.90,18.90,18.90,18.57,19.67,20.00,20.03,20.60,21.17,22.20,24.03,24.27,24.27,24.00,24.00,24.40,24.40,24.40,24.10,24.10,24.23,23.97,24.20,24.20,24.57,24.57,24.40,24.87,24.97,25.37,25.93,25.50,25.47,25.50,25.63,25.93,25.93,25.87,25.67,25.20,25.20,25.17,24.87,24.40,24.40,24.00,23.50,23.07,22.20,20.80,19.40,18.93,18.47,18.47,18.47,18.47,18.47,18.47,18.47,18.50,18.50,18.43,18.20,17.93,18.17,17.77,18.10,17.93,18.63,18.80,18.80,18.53,18.50,18.30,18.30,18.30,18.53,18.53,18.70,18.93,18.90,18.90,18.67,18.83,18.83,18.83,18.43,18.43,19.03,19.03,19.03,18.50,19.00,18.63,18.63,18.43,18.43,18.43,17.87,17.80,18.47,18.73,18.77,18.30,18.30,18.30,18.50,18.53,18.73,19.03,19.03,19.03
17.47,17.47,18.07,18.23,18.27,18.30,18.23,18.30,18.60,18.53,18.53,18.53,18.37,18.93,18.70,19.27,18.77,18.77,18.80,18.80,18.80,19.13,19.13,19.07,18.87,18.87,18.87,18.47,18.47,18.27,18.57,18.87,18.93,18.87,18.87,18.63,18.73,18.73,18.73,18.73,18.50,18.43,18.43,19.00,19.23,19.00,18.67,18.67,18.70,18.70,18.77,18.57,19.37,19.20,19.47,20.07,21.50,23.13,23.97,24.23,24.23,24.00,24.23,24.40,24.47,24.40,24.53,23.97,24.23,24.07,24.20,24.20,24.57,24.87,24.87,24.93,25.30,25.93,26.17,26.43,25.50,25.53,25.90,26.63,26.63,26.47,26.07,25.97,25.43,25.33,24.87,24.83,24.40,24.40,24.20,23.10,22.20,20.70,19.57,19.40,18.93,18.47,18.47,18.47,18.73,18.73,18.23,17.93,17.93,17.97,18.20,18.43,18.23,17.77,17.90,17.90,18.70,18.80,18.93,18.77,18.73,18.23,18.53,18.27,18.70,18.70,18.70,18.93,18.67,18.67,18.33,18.23,18.83,18.50,18.03,17.93,18.17,18.67,18.50,18.43,19.00,18.83,18.83,18.43,18.77,18.77,17.80,17.73,18.57,18.73,18.97,18.20,18.77,18.50,18.50,18.50,18.53,18.87,18.87,18.80
17.47,17.47,17.03,17.03,18.17,18.43,18.43,18.37,18.63,18.53,18.53,18.53,18.37,17.93,17.93,18.87,18.87,18.77,18.33,18.60,18.60,18.60,18.70,18.70,18.77,18.87,19.27,19.27,18.50,18.50,18.50,18.50,18.87,18.87,19.10,19.10,19.10,18.73,18.73,18.43,18.43,18.43,19.60,19.23,19.23,18.80,18.67,18.67,18.70,18.77,19.37,19.47,19.47,19.47,19.47,20.20,21.50,23.00,23.60,23.93,24.00,24.00,24.00,24.47,24.53,24.47,24.53,24.57,24.40,23.97,24.07,24.20,25.10,25.30,25.10,25.30,25.80,26.03,26.17,25.90,25.57,25.53,25.90,26.33,26.93,26.47,26.47,26.13,25.97,25.77,25.33,25.37,25.13,25.13,24.40,24.20,21.93,20.70,19.47,19.40,18.93,18.20,18.20,18.20,18.63,18.73,18.23,17.77,17.97,18.43,18.43,18.57,18.23,18.03,18.03,18.03,18.83,18.93,18.87,18.60,18.40,18.40,18.73,18.47,18.63,18.60,18.63,18.93,18.60,18.60,18.23,18.23,18.83,18.83,18.83,18.63,18.63,18.63,18.43,18.50,19.30,18.43,18.07,18.07,18.13,18.47,18.03,17.83,18.47,18.47,18.97,18.77,18.77,18.63,18.50,18.50,18.17,18.53,18.77,18.77
18.53,18.30,18.30,18.23,18.27,18.43,18.43,18.37,18.37,18.37,18.70,18.70,18.37,17.73,17.73,18.63,18.87,18.83,18.33,18.57,18.53,18.53,18.37,18.37,18.77,19.20,19.37,19.07,18.50,18.50,18.50,18.50,18.87,18.53,18.87,18.50,18.50,18.43,18.43,18.20,18.43,18.43,18.93,18.93,18.80,18.53,18.53,18.70,18.80,19.03,19.20,19.47,19.37,19.47,19.47,19.73,21.93,23.00,23.90,23.93,24.00,23.93,23.93,24.10,24.23,24.47,24.57,24.77,24.67,24.33,24.33,24.50,25.10,25.83,26.13,26.13,26.03,25.90,26.23,26.23,26.37,25.90,26.37,26.63,26.93,26.73,26.93,26.73,26.23,26.00,25.53,25.53,25.17,25.17,24.97,24.27,22.10,20.70,19.47,19.17,18.60,18.33,18.60,18.50,18.50,18.23,18.23,18.07,17.77,17.97,18.17,18.97,18.80,18.13,18.23,18.70,18.77,18.77,18.77,18.60,18.40,18.20,18.47,18.60,18.73,18.83,18.77,19.00,18.60,18.87,18.87,18.87,19.03,19.20,19.20,18.83,18.53,18.53,18.43,18.73,18.73,18.60,18.13,18.13,18.47,18.77,18.63,18.57,18.50,18.47,18.70,18.70,18.70,18.63,18.63,18.37,18.17,18.33,18.33,18.77
18.57,18.30,17.57,17.37,18.07,18.70,18.40,18.27,17.83,17.93,18.70,18.70,18.70,18.37,18.03,18.63,18.17,18.13,18.10,18.33,18.10,18.20,18.20,18.33,18.33,18.77,19.20,19.07,18.70,18.50,18.13,17.73,18.53,18.53,18.90,19.10,19.20,18.53,18.53,18.43,18.60,18.77,18.93,18.93,18.60,18.57,18.57,18.80,19.00,19.10,19.20,19.53,19.47,19.67,19.63,19.73,20.73,23.00,23.23,24.00,24.00,24.20,24.00,24.17,24.17,24.47,24.57,24.80,24.83,24.83,24.53,24.87,25.10,25.80,26.13,26.13,26.37,25.70,25.90,25.80,26.23,26.33,26.33,26.33,26.63,26.77,27.17,27.17,27.17,26.90,25.53,25.53,25.53,25.40,25.10,24.73,22.10,20.53,19.40,18.60,18.30,18.30,18.60,18.50,18.50,18.10,18.50,18.07,17.87,18.17,18.73,18.77,18.77,18.70,18.70,18.70,18.50,18.50,18.27,18.17,18.17,18.20,18.40,18.60,18.63,18.67,18.77,19.00,18.93,18.90,18.90,18.90,19.03,19.20,19.20,18.83,18.63,18.63,18.67,19.13,18.77,19.20,18.60,18.43,18.43,18.43,18.50,18.50,18.50,18.47,18.47,18.50,18.70,18.73,18.63,18.17,18.17,18.33,18.33,18.33
18.10,17.83,17.83,18.20,18.20,18.93,18.30,18.27,17.93,17.93,18.70,18.43,18.47,18.43,18.63,18.73,18.63,18.73,18.33,18.53,18.10,18.40,18.40,18.53,18.53,18.77,18.77,18.57,18.57,18.57,18.77,18.47,18.53,18.47,18.53,18.07,19.20,18.53,18.70,18.60,18.77,18.93,18.77,18.50,18.47,18.47,18.53,18.83,18.83,19.00,18.67,18.93,19.67,19.73,19.73,19.63,20.57,22.87,23.27,24.00,24.00,24.60,24.17,24.87,24.17,24.63,24.67,24.83,24.83,24.83,24.73,24.87,25.07,25.60,25.97,26.13,26.37,25.70,25.80,25.67,25.90,26.33,26.33,26.37,26.37,26.73,26.73,26.80,26.90,26.97,26.73,26.00,25.93,25.93,25.40,25.10,22.40,20.73,20.13,19.17,18.33,18.33,18.60,18.63,18.40,18.33,18.33,18.13,18.13,18.17,18.73,18.77,18.77,18.70,18.40,18.10,18.10,18.27,18.27,18.17,18.17,18.07,18.07,18.07,18.30,18.67,18.77,18.93,18.93,18.97,18.97,18.97,19.07,19.37,19.17,19.07,18.53,18.60,18.67,18.73,18.77,19.20,18.87,18.57,18.43,18.40,18.43,18.50,18.50,18.50,18.47,18.47,18.50,18.67,18.67,18.23,18.23,18.27,18.03,18.03
18.13,17.83,17.63,17.83,18.20,18.53,18.33,18.27,18.27,18.10,18.37,18.43,18.57,18.47,18.47,18.73,18.37,18.30,18.33,18.33,18.33,18.57,18.57,18.77,18.57,19.27,18.47,18.47,18.57,18.77,18.80,18.47,18.80,18.90,18.90,19.20,19.23,19.37,18.70,18.70,18.70,18.77,18.60,18.60,18.50,18.50,18.50,18.57,18.57,18.57,18.57,18.80,18.83,19.00,19.43,19.43,20.47,21.80,23.00,23.83,23.83,24.20,24.40,25.10,24.63,24.63,24.63,24.83,25.10,25.10,25.07,25.43,25.43,25.60,25.97,26.13,26.37,25.87,25.67,25.53,25.53,25.53,25.90,26.10,26.10,26.37,26.77,26.80,26.80,26.90,25.90,25.90,26.00,26.03,25.40,24.73,23.17,20.63,20.33,19.17,18.40,18.30,18.30,18.40,18.40,18.93,18.60,18.30,18.17,18.43,18.63,18.70,18.77,18.97,18.40,18.17,18.10,18.53,18.37,18.27,18.17,18.27,19.00,18.07,18.23,18.67,18.67,18.73,18.73,18.80,18.80,18.93,18.93,19.07,18.87,18.87,18.60,18.60,18.67,18.77,19.50,19.63,19.30,18.57,18.23,17.93,18.23,18.20,18.50,18.10,18.20,18.20,18.47,18.77,18.73,18.73,17.73,18.23,18.03,18.03
18.30,18.10,17.83,18.10,18.53,18.53,18.37,18.33,18.33,18.37,19.20,18.57,18.47,18.37,18.47,18.50,18.60,18.60,18.57,18.57,18.33,18.57,18.57,18.77,18.77,19.13,18.47,18.47,18.37,18.63,18.80,18.47,17.67,18.47,18.53,18.53,18.33,19.37,19.03,19.03,19.03,18.77,18.60,18.50,18.50,18.50,18.50,18.73,18.57,18.57,18.57,18.80,19.00,19.00,19.33,19.33,20.57,21.80,22.87,24.20,23.83,24.20,24.40,25.17,24.87,24.40,24.40,25.10,25.10,24.53,24.73,26.10,25.90,25.97,26.13,26.13,26.40,25.87,25.63,25.23,25.30,25.07,25.90,26.03,26.03,26.20,26.30,26.40,26.47,26.73,26.47,25.90,25.93,26.37,25.93,24.57,23.67,20.83,20.43,19.33,19.17,19.17,18.40,18.63,18.60,18.67,18.43,18.30,18.17,18.17,18.63,18.87,19.07,19.07,18.40,18.17,18.80,18.80,18.93,18.17,18.30,18.97,19.00,18.97,18.33,18.47,18.47,18.47,18.43,18.43,18.40,19.07,18.93,19.07,18.87,18.87,18.17,18.60,18.50,18.70,18.77,19.63,19.63,18.40,18.23,17.90,18.23,18.10,18.20,18.10,18.20,18.20,18.20,18.67,18.50,18.50,18.23,18.23,18.27,18.60
18.40,18.30,18.13,18.30,18.57,18.53,18.50,18.33,18.33,18.27,18.67,18.67,18.57,18.47,18.47,18.47,18.37,18.30,18.30,18.57,18.30,18.57,18.57,18.60,18.60,18.87,18.87,18.87,18.67,18.63,18.80,17.67,18.60,18.60,18.53,18.33,18.27,19.57,19.37,19.03,18.77,18.60,18.63,19.37,19.37,19.00,18.73,18.73,18.73,18.73,18.83,18.83,19.00,19.00,19.13,20.10,20.67,22.10,23.33,24.43,24.43,24.23,24.40,24.57,24.40,24.30,24.37,25.10,25.10,24.57,24.90,25.50,25.50,25.90,25.90,25.87,26.20,25.40,25.50,25.23,25.23,24.97,25.30,26.03,26.30,26.30,26.40,26.40,26.77,26.47,26.37,26.30,26.30,26.33,25.87,24.57,23.67,21.53,20.43,19.50,19.17,19.33,17.97,18.67,18.67,18.83,18.83,18.83,18.63,18.67,18.63,18.70,18.87,19.07,18.33,18.33,18.53,18.53,18.37,18.30,18.30,18.43,18.97,19.03,18.33,19.03,18.47,18.87,18.80,18.80,18.80,19.10,18.47,18.57,18.47,18.37,18.37,18.60,18.63,18.67,18.67,19.03,18.47,17.93,17.90,17.57,18.63,18.20,18.47,18.20,18.33,18.43,18.60,18.00,18.50,18.50,18.50,18.60,18.60,18.60
18.40,18.40,18.30,18.57,19.03,18.57,18.50,18.43,18.50,18.33,18.33,18.57,18.53,18.37,18.50,18.67,18.60,18.60,18.57,19.00,19.00,19.00,18.03,18.60,18.60,18.77,18.87,18.87,19.03,18.63,19.03,18.37,18.60,18.53,18.43,18.27,18.33,18.27,19.27,19.00,19.03,18.63,19.37,19.10,19.10,18.97,18.73,18.70,18.73,18.80,19.03,19.00,19.10,19.13,19.13,20.10,20.67,22.40,23.90,24.53,24.70,24.23,24.23,24.57,24.57,24.40,24.40,25.10,25.10,24.57,24.90,24.90,25.40,25.40,25.50,25.50,25.77,25.40,25.23,25.23,25.23,25.50,25.83,26.23,26.30,26.63,26.40,26.40,26.77,27.00,26.60,26.37,26.30,26.33,25.83,24.07,23.60,21.97,20.17,19.53,19.23,19.23,18.90,18.90,18.90,18.90,18.90,18.87,18.80,18.70,18.70,18.87,18.87,18.87,18.47,18.47,18.33,18.13,18.33,18.43,18.50,18.43,17.80,17.80,18.33,18.93,18.93,19.07,18.90,18.90,18.90,18.57,18.47,18.57,18.37,18.37,18.37,18.53,18.53,18.63,18.50,18.70,18.47,17.93,17.90,17.57,18.13,18.13,18.33,18.33,18.47,18.93,18.90,18.00,18.50,18.13,18.27,18.47,18.60,18.47
18.30,18.30,18.30,18.30,19.03,19.03,18.50,17.80,18.33,18.20,18.30,18.33,18.33,18.40,18.40,18.67,18.67,18.80,18.77,19.00,18.93,19.00,18.33,18.50,18.40,18.67,18.77,18.87,19.03,18.67,19.03,18.60,18.70,18.70,18.70,18.27,18.27,18.20,18.77,18.57,18.63,18.60,19.03,19.07,19.10,18.80,18.73,18.73,19.00,19.00,18.83,18.70,18.83,19.13,19.13,19.30,20.53,22.43,23.33,24.10,24.40,24.40,24.57,24.57,24.57,24.63,24.63,25.20,25.57,25.53,25.50,25.33,25.33,25.07,25.07,25.37,25.37,25.10,25.03,25.23,25.27,25.50,25.83,26.30,26.80,26.80,26.80,26.90,27.07,27.00,26.37,26.33,26.30,26.23,25.83,24.20,23.60,22.00,20.17,19.77,19.07,18.90,18.57,18.83,18.83,19.17,19.17,19.03,18.87,18.87,18.70,18.70,18.70,18.87,18.47,18.40,18.33,18.33,18.43,18.50,18.43,18.10,17.80,17.80,18.00,18.93,18.93,18.87,18.90,18.90,19.10,18.40,18.30,18.47,18.47,18.57,18.37,18.53,18.67,18.80,18.67,18.87,18.57,18.70,18.37,18.00,18.13,18.13,18.30,18.43,18.47,18.43,18.60,18.37,18.57,18.20,18.20,18.47,18.47,18.00
18.27,18.43,18.43,18.30,18.30,18.80,18.77,18.77,18.43,18.20,18.20,18.30,18.23,18.33,18.30,18.80,18.83,18.80,18.77,19.00,19.00,18.93,18.33,18.50,18.07,18.50,18.77,18.77,19.03,18.37,18.40,18.40,18.50,18.50,18.50,18.40,18.40,18.40,18.77,18.77,18.87,18.97,18.97,19.03,19.03,18.80,18.30,18.70,18.80,18.80,18.70,18.43,18.70,19.13,19.13,19.23,20.53,22.57,23.03,24.10,24.17,24.23,24.93,24.93,24.77,24.63,24.93,25.53,25.77,25.60,25.50,25.33,25.33,25.40,25.40,25.40,24.80,24.97,24.73,25.00,25.23,25.50,25.83,25.87,26.67,26.67,26.93,26.90,26.90,26.63,26.30,26.30,25.50,26.17,25.37,24.10,23.60,22.43,20.83,19.77,19.07,18.57,18.57,18.83,19.03,19.10,19.03,18.87,18.83,18.27,18.27,18.50,18.50,18.87,18.47,18.40,17.83,18.40,18.87,18.87,18.83,18.10,18.00,18.00,18.53,18.53,18.53,18.27,18.70,18.70,18.40,18.40,18.40,18.47,18.47,18.67,18.47,18.37,18.37,18.80,18.57,18.87,18.70,18.87,18.70,18.20,18.30,18.20,18.13,18.07,18.07,18.37,18.60,18.60,18.70,18.47,18.13,18.47,17.73,17.27
18.27,18.33,18.33,18.30,18.17,18.17,18.77,18.77,18.40,18.40,18.30,18.30,18.23,18.23,18.30,18.60,18.67,18.60,18.57,18.63,18.77,18.73,18.50,18.50,18.07,18.50,18.57,18.70,18.47,18.40,18.40,18.57,18.50,18.50,19.23,18.40,18.00,18.40,18.87,18.87,18.87,18.87,18.97,18.97,18.80,18.40,18.00,18.73,18.80,18.80,18.43,18.43,18.73,19.00,19.27,19.30,20.37,22.43,22.87,23.70,24.13,24.17,24.93,24.93,24.93,24.63,24.63,25.20,25.77,25.83,25.60,25.50,25.23,25.23,24.70,24.93,24.70,24.93,24.70,24.73,25.23,25.47,25.87,26.50,26.60,26.17,26.63,26.63,26.63,26.47,26.27,26.23,25.80,26.17,25.37,24.20,23.57,22.00,20.83,20.23,19.07,18.63,18.67,18.73,18.73,18.80,18.83,18.80,18.40,18.13,18.10,18.10,18.50,18.77,18.20,18.20,18.40,18.70,19.10,19.10,18.77,18.17,18.10,18.10,18.43,18.43,18.27,18.27,18.77,18.70,18.77,18.03,18.40,18.40,18.57,18.57,18.47,18.23,18.37,18.63,18.63,18.63,18.57,18.53,18.53,18.37,18.57,18.67,18.67,18.40,18.23,18.40,18.67,18.67,18.67,18.50,18.47,18.47,18.10,17.73
18.03,18.27,18.33,18.33,18.30,18.17,18.80,18.93,18.90,18.40,17.90,18.10,18.17,18.23,18.60,18.83,18.60,18.50,18.50,18.57,18.63,18.73,18.50,18.50,17.83,18.10,18.47,18.70,18.47,18.37,18.40,18.40,18.63,18.07,18.50,18.17,18.17,18.40,18.87,19.00,19.00,18.97,18.87,18.97,18.40,18.07,17.50,17.53,17.57,18.03,18.03,18.40,18.73,18.97,18.83,19.00,20.37,21.03,22.57,23.03,23.70,23.63,24.23,24.47,24.63,24.37,24.57,25.37,25.83,26.37,26.00,26.00,25.77,25.57,25.57,25.53,25.07,25.07,24.97,24.97,25.10,25.60,25.87,26.50,26.10,26.17,26.17,26.63,26.23,26.63,26.40,26.40,25.90,25.90,25.37,24.23,22.87,21.30,20.83,19.93,18.90,18.63,18.67,18.67,18.83,18.63,18.63,18.13,18.13,18.13,18.10,18.17,18.37,18.77,18.20,18.20,18.50,19.17,19.10,19.10,18.53,18.43,18.43,18.43,18.53,18.43,18.40,18.63,18.70,18.63,18.50,18.40,18.77,18.47,18.67,18.67,18.73,18.17,18.17,18.33,18.63,18.53,19.17,18.07,18.70,18.57,18.67,18.67,18.67,18.23,18.00,18.27,18.67,18.73,18.70,18.50,18.50,18.43,18.23,17.73
18.67,18.33,18.33,18.47,18.63,18.47,18.80,18.90,18.93,18.40,18.27,18.17,18.23,18.23,18.60,18.60,18.60,18.43,18.47,18.47,18.63,18.80,18.73,18.73,18.47,18.60,18.60,18.70,18.67,18.50,18.57,18.57,18.70,18.07,18.63,18.20,18.20,18.47,18.47,18.47,18.10,17.87,18.10,18.40,18.40,18.07,17.43,17.43,17.43,17.77,17.77,18.03,18.43,18.73,18.73,18.90,19.77,20.37,21.43,22.27,22.30,22.93,23.17,23.47,24.37,24.33,24.33,25.73,25.73,26.87,26.00,26.37,26.37,26.13,25.70,25.60,25.53,25.30,25.30,25.30,25.87,25.87,26.60,26.70,26.70,26.77,26.63,26.77,26.70,27.20,27.03,27.03,26.73,26.23,25.80,24.67,22.50,21.30,20.03,19.93,19.07,18.93,18.93,18.93,18.67,18.63,18.47,18.47,18.40,18.40,18.10,18.83,18.73,18.77,18.00,18.20,18.27,18.63,18.63,18.63,18.53,18.43,18.33,18.10,18.10,18.10,18.40,18.60,18.60,18.27,18.50,18.37,18.77,18.73,18.73,18.73,18.73,18.17,18.17,18.23,18.63,18.23,18.07,18.07,18.23,18.23,18.20,18.20,18.37,18.37,18.00,18.27,18.67,18.67,18.57,18.50,18.43,18.43,18.37,18.10
18.03,18.53,18.53,18.53,18.67,18.80,18.80,19.13,19.13,18.83,18.27,18.10,18.23,18.23,18.90,18.47,18.47,18.07,18.30,18.37,18.77,18.80,18.77,18.77,18.47,18.60,18.87,18.87,18.67,18.50,18.50,18.50,18.47,18.07,18.20,18.20,18.50,18.47,18.47,18.40,18.07,17.87,18.10,18.20,18.10,17.83,17.30,17.30,17.43,17.57,17.90,17.90,18.03,18.37,18.37,18.70,18.90,19.77,19.93,19.90,21.83,21.83,22.53,22.83,23.47,23.97,25.37,26.67,26.73,26.93,26.57,26.60,26.63,26.63,26.63,25.87,25.87,26.80,26.80,27.00,27.00,27.27,27.37,27.70,27.43,27.67,27.43,27.57,27.47,27.83,27.93,27.93,27.93,28.10,26.30,24.77,22.50,21.07,19.93,19.47,19.03,18.97,19.07,19.30,19.20,18.63,18.37,18.60,18.47,18.80,18.73,18.83,18.37,18.37,18.07,18.27,18.63,18.63,18.53,18.53,18.53,18.43,18.33,17.97,17.73,17.73,18.40,18.60,18.40,18.27,18.23,18.53,18.60,18.60,18.73,18.83,18.07,18.07,18.07,18.37,18.23,18.23,18.50,18.50,18.23,18.20,18.03,18.20,18.03,18.00,17.93,18.00,18.13,18.57,18.57,18.53,18.43,18.37,18.37,18.23
18.47,18.53,18.43,18.43,18.40,18.47,18.77,19.13,19.13,18.83,18.67,18.27,18.23,18.23,18.33,18.33,18.47,18.33,18.77,18.37,18.77,18.77,18.77,19.13,19.00,19.33,19.03,18.87,18.67,18.63,18.63,18.63,18.47,18.10,18.23,18.50,18.63,18.40,18.50,17.87,17.90,17.60,17.90,18.10,18.10,17.83,17.37,17.57,17.90,17.57,17.50,17.57,17.90,18.27,18.27,18.37,18.87,18.90,19.70,18.00,19.53,19.77,20.70,21.30,21.70,23.47,25.73,26.73,27.23,28.27,28.27,27.87,27.87,29.03,29.03,28.53,27.93,27.73,27.23,27.73,28.47,28.53,29.03,29.30,29.43,28.87,27.93,27.87,27.87,28.50,28.47,28.40,28.30,28.40,27.87,24.97,22.60,21.33,20.03,19.43,19.03,18.97,18.97,19.20,19.20,18.40,18.37,18.50,18.13,18.70,18.40,18.70,18.37,18.07,18.00,18.27,18.27,18.27,17.93,18.10,18.33,18.33,18.27,18.13,18.10,18.10,18.60,18.60,18.23,18.23,18.23,18.53,18.57,18.60,18.73,18.67,18.07,18.40,18.37,18.43,18.37,18.70,18.50,18.50,17.80,17.97,18.03,18.20,18.20,18.20,17.97,17.97,18.13,18.57,18.70,18.70,18.53,18.37,18.47,18.57
18.47,18.47,18.43,18.40,17.90,17.90,17.93,18.97,18.83,18.83,18.67,18.27,18.17,18.27,18.43,18.43,18.40,18.40,18.67,18.67,18.77,18.87,18.87,19.00,18.20,18.33,18.30,18.63,18.63,18.47,17.97,18.47,18.47,18.10,18.23,18.40,18.63,18.40,18.50,18.47,17.90,17.47,17.90,18.27,18.20,18.10,17.43,17.57,17.57,17.50,17.50,17.87,18.03,18.50,18.27,18.10,18.10,18.17,18.23,18.00,18.63,18.63,19.63,20.43,21.30,21.77,24.70,27.03,28.27,28.93,29.23,29.23,30.03,30.27,30.03,30.03,30.03,30.03,29.67,29.60,29.50,29.30,29.77,30.13,30.13,29.23,29.10,29.10,29.37,29.33,28.47,28.23,28.30,28.40,27.87,25.90,23.57,21.33,20.20,19.43,19.03,18.97,18.97,19.07,18.83,18.67,18.60,18.50,18.30,18.13,18.40,18.70,18.63,18.37,18.27,18.33,18.40,18.40,18.10,18.10,18.27,18.20,18.20,18.13,18.20,18.93,18.00,18.57,18.00,18.23,18.00,18.27,18.00,18.57,18.67,18.53,18.07,18.07,18.37,18.70,18.87,18.87,18.50,18.50,18.23,18.60,18.23,18.43,18.17,18.20,18.17,18.37,18.37,19.00,19.00,18.77,18.70,18.37,18.47,18.47
18.47,18.07,17.60,17.83,17.87,17.90,17.93,17.93,18.67,18.67,18.67,18.67,18.53,18.50,18.50,18.43,18.43,18.40,18.67,18.40,18.27,18.87,18.87,18.87,18.37,18.37,18.40,18.47,18.47,17.83,17.67,17.77,18.23,18.23,18.30,18.60,18.60,18.40,18.40,18.40,18.00,17.70,17.90,18.37,18.27,18.37,18.20,18.37,17.90,17.50,17.87,17.97,18.60,18.60,18.50,18.33,18.17,18.23,18.20,18.20,18.90,19.07,19.53,20.13,20.43,21.77,24.10,27.60,29.37,30.10,30.60,30.83,30.87,30.87,30.87,30.90,30.97,30.63,30.63,30.27,30.17,30.17,30.27,30.70,30.63,30.13,29.23,29.20,29.37,29.33,28.60,28.23,28.30,28.30,27.87,26.00,24.87,21.97,20.87,20.07,19.03,18.63,18.63,18.67,18.73,18.67,18.67,17.83,18.13,18.03,18.40,18.43,18.63,19.10,19.10,18.40,18.33,18.33,17.87,18.27,18.27,18.20,18.20,18.13,18.10,18.10,17.93,17.93,17.97,17.53,18.00,18.00,18.00,18.57,18.77,18.67,18.23,18.23,18.17,18.87,19.03,19.03,18.50,18.37,18.50,18.67,18.67,18.43,18.43,18.43,18.30,18.53,18.83,18.83,18.90,18.77,18.67,18.53,18.47,18.23
17.97,17.97,18.07,17.87,17.90,17.93,17.93,18.33,18.33,18.67,18.53,18.53,18.17,18.53,18.53,18.43,18.33,18.33,18.40,18.40,18.67,18.87,18.50,18.37,18.37,18.37,18.40,18.47,18.10,17.97,17.83,17.97,18.03,18.10,18.53,18.60,18.60,18.63,18.40,18.40,18.00,18.00,18.27,18.27,18.27,18.47,18.47,18.47,18.30,18.33,18.33,18.73,18.87,18.73,18.33,17.73,18.17,18.63,18.63,18.63,18.90,18.97,18.37,18.47,20.17,21.77,24.10,27.70,29.97,30.60,30.63,30.83,31.00,31.00,31.17,30.97,30.47,30.63,31.03,31.07,30.93,30.80,30.93,31.03,30.83,30.13,29.93,29.93,29.63,29.33,28.73,28.23,28.53,28.73,28.53,27.77,25.30,22.73,21.77,20.20,19.03,19.03,18.83,18.83,18.83,18.67,18.67,17.63,17.87,17.87,18.30,18.43,18.73,19.33,19.33,19.33,18.60,18.60,18.27,19.10,18.57,18.70,18.20,18.47,18.10,18.00,17.77,17.93,18.23,17.97,17.97,17.97,17.97,17.97,18.23,18.23,18.23,18.23,18.07,18.40,18.93,18.87,18.50,18.10,18.60,18.67,18.70,18.57,18.43,18.53,18.53,18.63,18.63,18.63,17.97,18.60,18.60,18.57,18.53,18.23
17.93,17.93,17.73,17.73,17.73,17.87,17.73,18.07,17.67,18.33,18.37,18.53,18.23,18.50,18.50,18.50,18.33,18.47,18.47,18.27,18.27,18.10,18.47,18.47,18.40,18.40,18.67,18.67,18.37,18.10,18.10,18.17,18.03,18.10,18.50,18.60,18.50,18.43,17.97,17.97,17.97,18.00,18.37,18.37,18.37,18.20,18.20,18.47,18.53,18.53,18.50,18.50,18.73,18.53,18.13,18.13,18.17,18.37,18.43,18.43,18.43,18.97,18.07,18.67,19.90,21.53,24.83,28.97,29.87,30.17,30.17,30.63,30.87,30.90,30.90,30.47,30.47,30.47,30.63,30.80,30.93,30.93,30.93,31.10,31.03,30.83,30.10,30.00,29.57,28.73,28.73,29.33,29.03,29.03,28.80,28.17,27.00,24.77,21.97,20.10,19.20,18.83,18.83,18.73,18.73,18.03,17.83,17.40,17.83,18.03,18.13,18.40,18.43,18.50,18.50,19.33,18.57,18.57,18.57,18.87,19.33,18.73,18.73,18.73,18.47,18.43,18.00,18.00,18.23,18.23,18.00,17.97,18.07,18.07,18.23,18.23,18.23,18.23,18.17,18.40,18.40,18.40,18.50,18.03,18.50,18.37,18.43,18.07,18.40,18.53,18.87,18.63,18.20,17.97,17.97,18.60,18.57,18.57,18.57,18.57
17.97,18.17,18.17,17.73,17.33,17.73,17.83,18.07,17.73,17.73,17.73,17.93,17.93,18.23,18.43,18.63,18.33,18.47,18.33,17.83,18.23,18.23,18.50,18.50,18.40,18.40,18.67,18.77,18.60,18.37,18.17,18.80,18.03,18.53,18.53,18.67,18.57,18.43,17.97,17.67,17.97,18.20,18.37,18.37,18.37,18.47,18.03,18.47,18.33,18.53,18.10,18.10,17.97,18.13,18.13,18.13,18.37,19.10,18.57,18.57,18.43,18.07,18.07,19.07,20.17,21.60,27.17,29.47,29.87,30.57,30.27,30.63,30.67,30.83,30.33,30.43,30.43,30.90,30.90,30.80,30.80,30.80,31.23,31.30,31.03,30.83,30.00,29.97,29.70,29.63,29.37,29.53,29.37,29.23,28.90,28.53,28.10,26.20,22.17,20.10,19.20,18.83,19.27,19.27,19.00,18.67,17.97,17.73,17.87,18.70,18.73,18.67,18.47,18.37,18.20,18.20,18.57,18.60,18.57,18.77,18.57,18.73,18.73,18.80,18.80,18.50,18.43,18.53,18.63,19.10,18.00,17.97,18.07,18.73,18.23,18.07,18.23,18.77,18.17,18.40,18.40,18.40,18.70,18.03,18.87,17.97,18.40,18.07,18.40,18.40,18.40,18.53,18.40,18.20,18.20,18.03,18.40,18.40,18.40,18.30
18.17,18.17,18.17,17.33,17.73,17.73,18.23,17.83,17.83,17.73,18.37,18.37,18.43,18.43,18.63,18.90,18.80,18.80,17.67,17.80,17.83,18.23,18.57,18.60,18.20,18.20,18.30,18.67,18.33,18.17,17.87,18.40,18.40,18.90,18.67,18.67,18.43,18.10,18.10,17.67,17.97,18.20,18.47,18.57,18.50,18.03,17.67,18.53,18.53,18.53,18.10,17.83,17.83,17.97,17.97,18.27,18.73,18.73,18.43,18.33,18.33,18.33,19.00,19.30,21.17,22.83,27.17,28.97,29.73,30.57,30.27,30.43,30.47,30.50,30.33,30.43,30.57,30.83,30.83,30.80,30.80,31.27,31.23,31.30,30.20,31.13,30.10,30.07,29.87,29.87,29.53,29.53,29.53,29.90,29.63,28.90,28.33,26.53,23.30,21.43,19.57,18.83,18.83,18.83,18.80,18.27,18.03,18.07,18.13,18.70,19.07,18.47,18.00,17.87,18.10,18.20,18.57,18.57,18.57,18.77,18.77,18.73,18.73,18.73,18.60,18.63,18.50,18.53,18.03,18.53,18.00,18.47,17.70,19.07,18.07,18.07,18.17,18.77,18.77,18.60,18.60,18.43,18.40,18.03,18.57,18.40,18.40,18.07,18.47,18.70,18.87,18.70,19.00,18.53,18.20,17.53,18.03,18.10,18.30,18.30
18.20,18.20,18.20,18.17,18.23,18.90,18.30,18.10,17.83,17.73,18.00,18.00,18.43,18.07,18.90,19.07,19.07,17.80,17.67,17.67,17.83,17.90,18.57,18.00,17.93,17.93,18.30,18.33,18.30,17.93,17.93,18.70,18.40,18.90,18.80,18.80,18.27,18.10,18.10,18.07,18.63,19.23,18.50,18.57,18.50,18.03,17.70,18.70,18.27,18.27,18.20,18.20,18.80,17.87,17.93,18.27,18.73,19.07,18.73,18.57,18.43,18.90,19.30,19.67,21.60,24.80,28.07,28.87,29.73,30.57,30.90,30.50,30.47,30.50,30.33,30.20,30.57,30.80,30.83,30.90,31.13,31.23,31.23,31.30,31.13,31.30,30.13,29.97,29.87,30.13,30.07,30.03,29.53,30.07,30.07,29.63,28.53,27.77,24.93,23.27,19.93,18.17,18.40,18.80,18.80,18.93,18.27,18.47,18.70,18.73,19.07,18.47,18.00,17.87,18.00,18.10,18.37,18.37,18.37,18.77,18.80,18.77,18.40,17.87,17.73,18.07,18.10,18.63,18.10,18.53,17.90,18.47,17.70,18.50,18.03,18.20,18.17,18.30,18.47,18.47,18.97,18.43,18.40,18.00,18.57,18.57,18.70,18.70,18.73,18.70,18.40,18.40,19.00,19.00,18.63,18.03,17.80,18.03,18.20,18.30
18.20,18.20,18.93,18.90,18.90,18.90,18.60,18.30,18.10,17.70,18.43,18.57,18.80,18.37,18.37,18.07,18.07,17.97,18.07,17.83,18.00,18.00,18.00,18.00,18.00,18.00,18.30,18.30,18.30,18.23,18.40,18.70,18.70,19.00,18.80,18.50,18.33,18.10,18.10,18.07,18.63,18.87,18.47,18.57,18.47,17.90,17.70,17.83,17.53,18.20,18.20,18.73,18.73,18.30,17.93,18.47,18.53,18.53,18.50,18.50,18.93,19.17,19.53,20.17,23.13,25.53,28.73,29.37,29.73,30.00,30.87,30.50,30.50,30.50,30.47,30.20,30.20,30.20,30.80,30.30,31.13,31.13,31.13,31.20,31.20,31.43,31.23,30.30,30.13,30.13,30.07,30.03,30.03,30.03,29.93,29.63,29.53,28.30,25.93,23.30,20.13,18.23,18.13,18.03,18.40,18.63,18.63,18.47,18.47,18.47,18.37,17.80,17.80,17.87,18.10,17.77,18.20,18.20,18.50,18.50,18.97,18.43,18.30,17.73,17.67,17.93,18.07,18.63,18.10,18.47,18.03,18.47,18.47,18.47,17.87,18.03,18.20,18.30,18.47,18.57,18.97,18.60,18.40,18.00,18.33,18.57,18.70,18.73,18.73,18.70,18.20,18.07,18.90,18.90,18.90,18.63,18.63,18.20,18.20,18.20
17.53,18.10,18.93,18.93,18.93,18.93,18.63,18.33,18.10,18.10,18.37,18.57,18.40,18.37,18.07,17.97,18.07,18.07,18.23,18.10,18.23,18.10,18.00,17.80,18.10,18.10,18.30,18.30,18.30,18.23,18.67,18.70,18.53,18.53,18.63,18.80,18.63,18.33,18.20,18.07,19.13,18.87,18.47,18.47,18.47,18.47,17.90,18.27,17.53,18.00,18.00,18.80,18.87,19.00,18.73,18.53,18.53,18.67,18.67,19.03,19.17,19.53,20.03,22.03,24.80,27.90,28.77,29.57,29.60,30.00,30.87,30.70,30.60,30.47,30.37,30.37,30.37,30.77,30.80,30.30,30.43,31.13,31.20,31.70,31.43,31.70,31.37,30.30,30.13,30.13,30.07,29.97,29.97,29.97,30.20,29.87,29.30,28.97,27.63,25.73,21.60,19.77,18.40,18.07,18.63,19.30,19.23,18.47,18.10,18.37,18.37,17.97,17.80,18.20,18.67,17.60,17.77,17.77,18.37,18.07,18.87,18.30,18.30,17.87,17.97,18.07,18.10,18.90,18.70,18.67,18.40,18.63,18.50,18.47,17.97,18.20,18.20,18.20,17.87,18.43,18.57,18.43,18.77,18.33,18.67,18.33,18.67,18.73,18.93,18.97,18.20,17.97,18.20,18.27,18.63,18.27,18.63,18.17,18.17,18.00
17.80,18.10,18.13,18.27,18.93,18.63,18.67,18.33,18.03,17.70,18.37,18.57,18.47,18.40,18.37,17.93,17.97,18.37,18.37,18.87,18.23,18.10,18.10,18.47,18.50,18.73,18.73,18.30,18.30,18.23,18.23,18.20,18.20,18.47,18.63,18.83,18.93,18.53,18.53,18.10,18.53,18.53,18.70,18.70,18.47,18.37,18.37,18.37,18.27,18.10,18.10,18.50,18.50,18.73,18.30,18.53,18.53,18.53,18.37,18.50,18.93,19.77,21.63,24.40,26.07,28.30,29.57,30.03,30.07,30.17,30.60,30.53,30.53,30.37,30.37,30.37,30.37,30.77,30.43,30.30,30.43,30.63,31.00,31.60,31.40,31.47,31.23,30.70,30.70,30.30,30.13,29.97,29.97,29.80,29.70,29.17,29.17,29.07,28.43,25.93,23.47,20.27,19.47,18.67,19.30,19.30,19.30,18.67,18.10,18.10,18.37,18.03,18.20,18.23,18.30,18.23,18.00,17.60,18.07,17.97,18.37,18.33,18.30,17.93,17.97,18.30,18.30,18.90,18.70,18.17,18.40,18.63,18.63,18.30,17.93,18.37,18.37,18.37,18.30,18.57,18.93,19.07,18.93,18.77,18.23,17.73,17.73,18.93,18.97,19.07,18.07,17.97,18.07,18.27,18.50,18.50,18.67,18.67,18.17,18.00
18.60,18.10,18.10,18.13,18.93,18.63,18.63,18.33,18.17,18.03,18.17,18.37,18.40,18.40,18.40,18.40,18.40,18.40,18.67,18.67,18.67,18.40,18.90,18.47,18.50,18.73,18.77,18.30,18.30,17.90,18.20,18.20,18.47,18.47,18.63,18.83,19.07,18.53,18.63,18.37,18.63,18.37,18.67,18.67,18.67,18.77,18.60,18.60,18.60,18.27,18.77,18.83,18.93,18.80,18.77,18.40,18.40,19.03,18.50,18.73,19.57,20.87,22.83,24.50,26.77,28.87,30.07,30.07,30.07,30.07,30.43,30.17,30.13,30.20,30.20,30.20,30.37,30.77,30.77,30.57,30.77,31.00,31.00,31.60,31.27,31.40,30.77,30.93,31.27,30.93,30.77,30.17,29.97,29.30,29.27,28.83,29.17,28.97,28.87,27.73,23.77,20.77,20.23,19.47,19.30,18.80,18.80,18.80,18.73,18.80,18.60,18.40,18.30,18.23,18.30,18.60,18.53,18.00,18.07,18.07,18.27,18.13,17.93,17.93,17.97,18.37,18.30,18.37,18.03,18.03,18.17,18.63,18.30,18.30,17.93,18.17,18.37,18.37,18.53,18.43,18.73,18.43,18.93,18.87,18.23,17.73,17.73,18.03,19.07,19.10,19.07,18.23,18.13,18.13,18.13,18.40,18.40,18.57,18.53,18.53
18.60,18.10,18.10,18.27,18.37,18.27,18.37,18.60,18.40,17.50,17.47,17.50,18.40,18.47,18.97,18.97,18.97,18.40,18.67,18.87,18.67,18.87,18.50,18.50,18.50,18.60,18.60,18.33,17.37,17.63,18.03,18.20,18.47,17.97,17.97,18.47,19.07,18.43,18.63,18.43,18.53,18.37,18.50,18.50,18.37,18.27,18.60,18.70,18.77,18.83,18.77,18.60,18.80,18.80,18.47,18.40,18.40,18.20,18.20,18.20,18.73,21.23,23.03,26.40,28.27,29.10,30.07,30.03,30.07,30.17,30.43,30.17,30.17,30.17,30.00,30.00,30.00,30.17,30.57,30.57,30.70,30.77,30.87,31.27,31.27,31.30,31.30,30.93,31.27,30.93,30.83,30.57,30.17,29.73,29.33,28.83,29.27,28.87,28.87,28.17,25.37,23.20,20.50,19.67,19.33,18.67,18.80,18.80,18.80,18.80,18.80,18.60,18.53,18.23,18.10,18.43,18.53,18.53,18.53,18.37,18.47,18.37,18.00,17.43,17.67,18.37,18.30,18.10,18.03,18.03,17.97,18.30,18.30,18.30,17.87,17.87,17.87,18.37,18.73,18.73,18.40,18.37,18.37,18.37,18.20,18.20,18.20,18.53,19.07,19.07,19.00,18.73,18.23,18.23,18.13,18.40,18.40,18.73,18.73,18.53
18.27,17.67,17.67,17.93,17.93,17.93,18.37,18.73,18.60,17.97,17.80,17.83,18.10,18.67,18.97,19.07,19.43,18.53,18.67,18.67,18.67,18.90,19.30,19.07,18.60,18.33,17.67,17.63,17.63,17.90,18.03,18.57,18.57,17.97,17.97,18.37,18.80,18.37,18.43,18.23,18.27,18.27,18.50,18.50,18.47,18.77,18.70,18.77,18.70,18.83,18.83,18.83,19.13,18.80,18.77,18.47,18.90,18.90,18.90,18.50,19.57,22.57,24.03,28.03,28.87,29.67,30.27,30.27,30.30,30.07,30.07,30.07,30.13,30.13,30.00,30.10,30.17,30.50,30.77,30.70,30.70,30.77,31.57,31.60,31.53,31.43,31.50,31.43,31.47,30.57,30.57,30.57,30.63,30.07,30.07,29.83,29.83,29.27,28.87,28.00,25.93,24.13,20.83,19.67,19.33,18.60,18.73,18.77,19.10,18.77,19.17,19.50,18.53,18.53,18.10,18.63,18.60,18.43,18.73,18.73,18.73,18.13,18.00,17.40,17.67,18.03,18.03,18.10,18.10,18.17,18.17,18.33,18.33,18.33,18.13,18.17,17.87,18.17,18.53,17.83,17.83,17.80,18.37,18.37,18.67,18.43,18.50,18.53,18.67,18.80,18.80,18.73,18.13,18.10,18.07,18.07,18.27,18.57,18.53,18.40
17.33,17.33,17.50,18.33,18.37,18.37,18.47,18.70,18.47,17.80,17.83,17.97,18.40,18.67,18.73,18.97,18.27,18.53,18.83,18.87,18.90,19.03,19.20,19.30,19.07,18.60,18.20,18.20,18.60,18.60,18.53,18.57,18.53,18.20,18.20,18.47,18.87,18.43,18.50,18.27,18.27,18.50,18.50,18.50,18.37,18.27,18.40,18.70,18.53,18.60,18.60,18.60,18.67,18.23,18.40,18.40,18.90,18.90,18.90,18.67,20.80,23.03,25.47,28.27,29.67,30.20,30.17,30.17,30.30,30.43,30.43,30.40,30.17,29.87,29.50,29.87,30.17,30.50,30.67,30.60,30.67,30.87,31.60,31.70,31.90,32.03,31.90,32.10,31.57,31.47,30.57,30.63,30.63,30.30,30.07,29.83,29.83,29.83,28.93,28.17,27.40,24.93,22.17,19.67,19.33,18.53,18.53,18.53,18.77,18.47,18.50,18.57,18.50,18.47,18.10,18.43,18.27,18.43,18.73,18.73,18.73,19.07,18.20,18.07,18.07,18.23,18.60,18.20,18.20,18.17,18.17,18.23,18.33,18.33,18.40,18.27,17.73,18.17,17.97,17.97,17.83,17.80,18.00,17.80,18.20,18.43,18.67,18.67,18.50,18.40,18.43,18.43,18.17,18.17,18.17,17.80,18.03,18.10,18.10,17.93
17.33,17.33,18.33,18.33,18.63,18.70,18.63,18.70,18.47,17.97,18.03,18.63,18.63,18.73,18.63,18.73,18.17,18.53,18.83,18.90,19.03,19.40,19.37,19.43,19.37,18.40,18.10,18.00,18.60,18.60,18.53,18.53,18.53,18.20,18.77,18.77,18.87,18.37,18.50,18.27,18.50,19.03,19.23,18.67,18.47,18.20,18.30,18.40,18.30,18.37,18.50,18.83,18.67,18.13,17.67,17.67,18.90,18.90,19.07,20.30,22.77,24.73,27.90,28.83,29.67,30.23,30.20,30.43,30.47,30.47,30.00,30.07,30.07,30.07,29.43,29.87,30.30,30.53,30.67,30.60,30.67,31.00,31.50,31.70,32.07,32.30,32.10,32.60,31.57,31.53,30.57,30.63,30.57,30.50,30.47,30.30,30.07,29.83,29.17,28.77,28.00,26.20,22.60,20.83,19.57,18.30,18.30,18.60,19.13,18.87,18.87,19.30,18.83,18.83,18.63,18.63,18.63,18.63,18.27,18.73,18.50,19.07,18.50,18.20,18.23,18.33,18.90,18.90,18.60,18.37,18.57,18.50,18.57,18.67,18.77,18.27,17.60,17.97,18.23,18.57,18.23,18.27,18.27,18.07,18.23,18.43,18.67,18.43,18.27,18.27,18.43,18.10,18.03,17.47,17.47,17.80,18.10,18.10,18.03,17.50
17.33,17.33,18.23,18.23,18.63,18.70,18.47,18.47,18.27,18.27,18.63,18.90,18.63,18.63,18.60,18.60,18.20,18.40,18.40,18.87,18.87,19.03,19.03,19.43,19.63,18.83,18.20,18.20,18.43,18.43,18.27,18.27,18.27,18.20,18.77,18.77,18.77,18.57,18.50,18.50,18.50,18.77,19.03,18.67,18.20,18.10,18.20,18.40,18.40,18.53,19.23,19.13,19.00,18.13,18.03,18.40,18.43,19.07,20.10,21.43,24.20,25.77,28.27,29.80,29.97,30.20,30.17,30.37,30.47,30.63,30.63,30.53,29.70,29.60,29.33,30.03,30.07,30.53,30.57,30.53,30.67,31.00,31.27,31.33,32.17,32.47,32.17,32.73,32.00,31.53,31.37,31.43,30.57,30.50,30.30,30.13,30.07,29.23,29.17,28.97,28.07,26.20,23.20,20.83,20.10,18.60,18.93,18.93,19.13,18.87,19.17,19.17,19.17,19.30,19.20,19.20,18.63,18.73,18.73,18.73,18.07,18.50,18.57,18.33,18.33,18.33,18.97,18.90,18.37,18.10,18.63,18.63,18.67,18.67,18.97,18.10,17.97,18.10,18.27,18.57,18.23,18.37,18.27,18.37,18.27,18.63,18.87,18.73,18.17,18.17,18.07,18.03,18.03,18.03,17.80,17.70,17.80,18.10,17.93,17.50
18.97,18.23,18.23,18.23,18.80,18.80,18.43,18.43,18.27,18.90,18.93,19.07,18.63,18.63,18.60,18.60,18.30,18.80,18.40,18.67,18.67,19.07,19.07,19.43,18.83,18.40,17.97,18.43,18.27,18.27,18.10,18.00,18.83,18.20,18.77,18.67,18.67,18.67,18.13,18.53,18.53,18.53,18.87,18.50,18.50,18.20,18.30,18.30,18.27,18.40,18.93,18.93,19.00,18.83,18.83,18.83,19.10,19.23,20.27,21.80,24.80,27.80,29.60,29.83,29.97,30.37,30.37,31.03,30.47,30.47,30.40,29.73,29.63,29.73,30.03,30.27,30.27,31.00,31.00,31.00,30.93,31.13,31.13,31.33,32.17,32.70,32.67,32.13,31.70,31.53,31.23,31.23,30.93,30.93,30.50,30.13,30.00,29.83,29.23,28.97,28.50,26.87,23.50,20.83,20.17,19.17,19.17,19.13,19.37,19.13,19.30,19.17,19.30,19.70,19.70,19.43,19.40,19.10,19.10,19.13,19.00,18.67,18.57,18.57,18.57,18.10,19.10,18.97,18.37,18.27,18.27,18.63,18.63,18.53,18.67,18.40,18.10,18.10,18.23,18.53,18.23,18.37,18.37,18.97,18.87,18.63,18.63,18.63,18.17,18.17,17.83,17.87,17.87,17.93,17.93,17.70,18.23,18.47,18.53,17.50
19.27,18.53,18.23,18.07,18.43,18.13,18.13,18.13,18.23,18.33,19.07,19.07,18.60,18.60,18.60,18.60,18.57,18.40,18.40,18.40,18.57,18.67,18.67,18.83,18.80,18.83,17.97,18.43,18.27,18.27,18.27,17.97,18.83,18.20,18.40,18.40,18.47,18.67,18.33,18.53,18.33,18.13,18.27,18.27,18.53,18.30,18.30,17.87,17.87,18.40,18.93,18.40,18.53,18.67,18.83,18.83,19.23,20.20,21.53,24.60,27.40,27.90,29.93,30.10,30.37,30.37,30.37,30.37,29.87,30.40,30.27,30.27,29.73,29.73,30.07,30.07,30.43,31.03,31.23,31.47,31.33,31.77,31.33,31.93,31.93,32.67,32.67,32.13,31.70,31.53,31.13,31.23,31.23,30.93,30.50,30.07,29.80,29.47,29.27,29.23,28.53,27.43,24.77,22.63,20.17,19.17,19.17,19.17,19.80,19.37,19.17,19.13,19.17,19.80,19.73,19.73,19.43,19.23,19.23,18.73,19.00,18.67,18.77,18.57,18.10,18.03,18.97,18.67,18.20,18.27,18.73,18.73,18.13,18.13,18.37,18.37,18.27,18.10,18.27,18.53,18.53,18.53,18.77,18.97,18.77,18.37,18.47,18.63,18.73,17.97,17.73,17.87,18.63,18.63,18.57,18.00,18.00,18.10,18.57,18.10
18.97,18.20,18.20,17.97,18.57,18.57,18.67,18.67,18.50,19.07,19.07,19.07,18.57,18.60,18.60,18.87,18.57,18.80,18.43,18.30,18.43,18.67,18.67,18.83,17.97,17.97,17.93,18.47,18.47,18.47,18.67,18.90,18.90,17.73,18.10,18.23,18.63,18.63,18.63,18.83,18.53,18.53,18.53,18.53,18.57,18.37,18.37,18.27,17.87,18.13,18.37,18.40,18.90,18.90,18.83,18.83,19.47,21.23,21.93,25.30,27.80,28.57,29.93,30.43,30.43,30.40,30.47,30.67,30.47,30.40,29.67,30.27,29.73,29.73,30.07,30.30,30.77,31.00,31.00,31.47,31.73,32.10,32.20,32.33,32.53,32.70,32.70,32.13,31.70,31.70,31.13,32.00,31.23,31.20,30.93,30.40,29.83,29.70,29.27,29.07,28.73,27.73,24.80,22.73,20.43,19.00,18.83,19.00,19.63,19.47,19.47,19.47,19.70,19.80,19.70,19.63,19.43,19.43,19.40,18.30,18.77,18.67,19.00,18.87,18.70,18.63,18.70,19.23,18.67,18.67,18.43,18.73,18.43,18.53,18.53,18.53,18.40,18.10,18.10,17.97,17.97,17.93,18.33,18.77,18.60,18.53,18.47,19.17,19.07,18.90,18.40,18.90,18.90,18.63,18.30,18.20,18.23,18.07,18.10,17.60
18.80,17.97,17.97,17.87,17.97,17.93,18.00,18.33,18.50,19.07,19.10,19.07,18.57,18.70,18.77,18.93,18.97,18.97,18.70,18.43,18.43,18.57,18.17,18.83,18.17,18.30,17.70,18.03,18.13,18.50,18.67,18.67,18.43,17.73,18.10,18.47,18.63,18.63,18.63,18.83,18.53,18.40,18.57,18.77,18.60,18.40,18.40,18.40,18.70,18.27,18.37,18.37,18.50,18.70,18.53,18.70,18.80,21.53,24.60,27.23,27.90,29.90,29.93,30.43,30.47,30.40,30.47,30.27,30.03,30.03,30.27,30.43,30.27,29.77,29.77,30.07,30.67,31.20,31.47,31.67,31.73,32.10,32.33,32.37,32.53,31.73,32.70,32.40,32.07,32.00,31.87,31.87,30.87,30.87,30.83,30.63,30.40,29.97,29.27,29.43,29.07,28.00,24.93,22.90,20.63,19.00,18.57,18.57,19.00,19.47,19.47,19.30,19.20,19.30,19.57,19.43,19.27,19.27,19.27,19.17,18.77,18.37,18.77,18.37,18.70,18.63,18.70,18.63,18.77,18.77,18.77,18.93,18.73,18.93,18.50,18.33,18.33,18.10,18.40,17.93,17.97,17.97,18.33,18.33,18.53,18.23,18.47,19.17,19.07,18.93,18.90,18.93,18.93,18.63,18.30,18.30,18.10,18.10,18.10,17.60
17.83,17.83,17.87,17.87,17.87,18.00,17.87,18.50,18.50,18.83,19.07,18.83,18.70,18.77,18.83,18.93,18.70,18.70,18.70,19.07,18.43,18.50,18.30,18.50,18.27,18.27,17.93,17.70,18.03,18.03,18.67,18.47,18.47,18.47,19.20,19.37,18.63,18.63,18.53,18.53,18.40,18.40,18.60,18.77,18.57,18.37,18.37,18.40,18.70,18.13,18.40,18.40,18.67,18.70,18.33,18.70,20.27,23.30,25.30,27.50,29.90,30.00,30.60,30.63,30.63,30.63,30.67,30.67,30.03,30.53,30.53,30.53,30.43,30.07,30.00,30.27,30.77,31.20,30.80,31.50,31.47,31.73,32.37,32.53,32.70,32.70,32.73,32.40,32.03,32.03,31.87,31.87,30.87,30.87,30.87,30.77,30.40,30.37,29.70,29.43,28.87,28.00,26.77,22.97,21.37,19.83,18.83,18.57,19.00,19.13,19.27,19.30,19.30,19.37,19.63,19.43,19.27,19.10,19.17,19.17,19.17,18.37,18.33,18.33,18.50,18.50,18.63,18.63,19.07,19.03,18.43,18.63,18.50,19.10,18.73,18.87,18.60,18.47,18.10,17.80,17.43,17.43,17.60,17.63,18.63,18.63,18.63,18.93,18.93,18.73,18.60,18.60,18.70,18.63,18.33,18.30,18.10,18.07,17.73,17.53
17.87,17.87,17.87,17.63,17.87,18.03,17.73,18.33,17.97,18.50,18.83,18.83,18.83,18.77,18.77,18.77,18.63,18.70,18.70,19.13,19.07,18.83,18.50,18.57,18.30,18.30,18.30,18.30,18.03,17.90,18.20,18.47,19.20,19.63,19.63,19.50,19.37,18.37,18.27,18.20,18.20,18.20,18.70,18.77,18.77,18.77,19.20,18.70,18.70,18.30,18.40,18.40,18.67,18.70,18.33,18.70,20.93,24.10,26.77,28.70,30.17,30.23,30.70,30.70,30.67,30.63,30.47,30.47,30.47,30.53,30.53,30.53,30.53,30.53,30.27,30.87,30.87,31.20,31.30,31.77,31.50,31.77,32.47,32.53,32.57,32.57,32.73,32.40,32.03,32.03,31.87,31.43,31.00,30.77,30.77,30.57,30.37,29.97,29.97,29.43,28.87,28.63,27.23,24.33,21.37,20.63,18.80,18.57,19.13,19.23,19.27,19.30,19.30,19.70,19.57,19.37,19.10,18.90,19.17,19.17,19.17,19.07,18.37,18.30,18.30,18.33,18.57,18.57,18.57,18.43,18.40,18.63,18.27,19.13,18.50,18.60,18.33,17.83,17.83,17.80,17.83,17.97,18.10,18.43,18.63,17.77,18.03,17.80,18.27,18.33,18.33,18.60,18.63,18.33,18.27,18.33,18.10,17.93,17.73,18.20
17.87,18.27,17.87,17.87,17.87,18.50,18.03,18.10,17.67,18.30,18.47,18.47,18.47,18.03,18.53,18.53,18.53,18.17,18.07,18.47,18.47,18.80,18.80,18.57,18.40,18.37,18.30,18.30,17.43,17.47,18.10,18.20,18.20,18.47,18.77,19.40,18.37,18.23,18.03,18.03,18.57,18.70,18.87,18.77,18.77,18.27,18.37,18.30,18.37,18.30,18.73,18.73,19.03,18.90,18.90,18.90,21.97,24.40,27.67,30.17,30.40,30.50,30.70,30.70,30.63,30.63,30.63,30.73,30.73,30.80,30.43,30.43,30.53,30.57,30.83,30.87,30.87,31.30,31.43,31.77,32.40,32.40,32.47,32.47,32.53,32.53,32.60,32.80,32.03,32.03,31.97,32.00,31.43,31.40,31.00,30.40,30.37,29.93,30.03,29.53,28.87,28.63,28.00,24.83,21.37,20.00,19.13,19.13,19.23,19.80,19.30,19.50,19.27,19.50,19.37,19.37,19.00,18.90,18.90,18.53,19.00,19.07,18.90,18.43,18.50,18.50,18.70,18.77,18.57,18.43,18.40,18.63,18.63,19.03,18.63,19.03,18.37,18.37,18.47,18.90,18.43,18.43,18.33,18.33,18.33,18.10,18.27,18.27,18.20,18.17,18.17,18.33,18.33,17.93,18.27,18.33,18.27,17.73,17.53,18.57
18.30,18.30,17.87,17.67,17.87,18.50,18.50,18.30,17.97,18.30,18.43,18.43,18.33,18.20,18.33,18.63,18.63,18.17,18.07,18.40,18.47,18.83,18.97,18.83,18.57,18.57,18.17,18.53,17.90,17.90,17.90,18.20,18.10,18.20,18.20,18.20,18.33,18.23,18.23,17.97,18.70,18.87,19.20,19.37,19.47,19.20,19.07,18.30,18.37,18.30,18.73,18.73,19.03,19.03,19.67,20.33,24.37,27.07,28.17,30.40,30.50,30.60,30.70,30.70,30.37,30.37,30.47,30.67,30.67,30.57,29.87,29.87,30.53,31.77,31.60,31.43,31.20,31.43,31.67,32.60,32.63,32.60,32.57,32.47,32.47,32.47,32.57,32.47,32.07,32.13,32.23,32.13,31.53,31.43,31.00,30.50,30.03,29.93,30.03,30.00,29.13,28.87,28.00,24.83,23.07,20.17,19.13,18.80,18.67,19.40,19.40,19.30,19.23,19.23,19.23,19.00,19.00,19.07,18.70,18.53,18.33,19.00,18.90,18.43,18.50,18.70,18.80,18.80,18.77,18.47,18.57,18.57,18.63,19.03,18.63,18.03,17.87,17.87,18.20,19.00,18.73,18.67,18.67,18.63,18.47,18.47,18.63,18.27,18.20,18.03,18.23,18.37,18.50,18.33,18.27,18.40,18.27,17.47,17.43,18.63
18.10,18.30,17.87,17.67,17.77,18.10,18.10,18.10,18.30,18.30,18.43,18.30,18.33,18.17,18.50,18.33,18.50,18.17,18.70,18.47,18.80,18.83,18.80,18.73,18.40,18.37,18.17,18.17,18.17,18.53,18.63,18.63,18.10,18.20,18.20,18.13,18.23,18.07,18.33,18.07,18.80,18.80,18.87,19.20,19.37,18.30,18.37,18.37,18.50,18.83,19.10,19.03,19.27,19.27,19.87,21.53,24.40,27.90,29.83,30.50,30.50,30.50,30.67,31.07,30.73,30.73,30.73,30.80,30.67,30.57,29.87,30.73,30.73,31.93,31.93,31.43,31.67,31.63,31.87,32.17,32.63,32.93,32.77,32.77,32.60,32.60,32.47,32.47,32.07,32.27,32.23,32.00,31.53,31.53,31.37,30.40,30.20,30.23,30.03,30.00,29.40,29.13,28.00,24.83,23.30,20.10,19.13,18.67,19.07,19.30,19.40,19.10,18.97,18.83,18.43,18.47,18.43,19.07,19.07,18.70,18.33,18.30,18.57,18.57,18.57,18.57,18.70,18.80,18.80,18.50,18.57,18.57,19.10,19.03,18.67,18.37,18.37,17.90,17.87,18.20,18.43,18.73,18.73,18.47,18.47,18.70,19.37,18.63,18.53,18.37,18.37,18.37,18.50,18.33,18.43,18.40,18.40,18.40,18.57,18.63
18.10,18.33,17.77,17.67,17.77,18.37,18.37,18.30,18.30,18.30,18.40,18.33,18.33,18.33,18.53,18.53,18.57,18.20,18.57,18.20,18.97,18.53,18.73,18.73,18.63,18.23,18.17,18.27,18.27,18.27,18.70,19.07,19.00,19.00,18.80,18.17,18.33,18.07,18.60,18.33,18.63,18.63,18.70,18.67,18.60,18.37,18.50,18.37,18.50,18.33,18.73,18.40,19.37,19.37,20.23,21.53,24.47,29.30,30.53,30.60,30.53,30.60,31.07,31.17,30.93,30.93,30.83,30.83,30.73,31.20,30.57,31.47,31.47,32.00,32.00,32.00,32.00,31.67,31.67,31.87,32.60,32.77,32.77,32.77,32.40,33.53,32.47,33.10,32.57,32.57,32.37,32.00,31.70,31.70,31.70,31.37,30.23,30.33,30.33,30.27,30.03,29.33,28.13,25.37,23.30,20.50,19.83,19.00,19.07,19.00,19.30,18.67,18.13,18.43,18.43,18.43,18.17,18.47,18.70,18.70,18.33,18.10,18.23,18.30,18.57,18.43,18.57,18.50,18.47,18.47,18.43,18.57,18.57,18.80,18.27,18.27,18.27,17.90,17.87,17.87,17.87,18.20,18.20,18.40,18.47,18.63,18.70,18.70,18.90,18.73,18.37,18.23,18.23,18.60,18.43,18.43,18.43,18.43,18.50,18.50
18.10,18.47,18.50,18.23,17.77,18.23,17.93,18.57,18.40,18.40,18.40,18.33,18.33,18.33,18.50,18.50,18.50,18.47,18.57,18.60,18.53,18.53,18.53,18.83,18.23,18.13,18.13,18.13,18.27,18.27,18.60,18.60,18.70,18.20,18.80,18.17,18.20,18.07,18.73,18.23,18.53,18.33,18.60,18.33,18.30,18.30,18.37,18.43,18.43,18.43,18.63,18.73,19.47,19.47,20.23,22.60,26.23,29.33,30.60,30.60,30.60,30.63,31.07,31.27,31.00,30.93,30.93,30.93,31.13,31.30,31.13,31.50,31.07,31.90,31.90,32.00,32.10,32.10,32.10,32.10,32.53,32.77,32.97,33.03,33.10,33.37,33.63,33.50,32.57,32.43,31.80,31.80,31.50,31.50,31.50,30.90,30.73,30.90,30.73,30.60,30.27,30.03,28.33,26.83,24.57,21.87,19.77,19.20,19.20,19.00,18.67,18.67,18.43,18.80,18.43,18.43,18.17,18.73,18.73,18.47,18.10,17.67,18.23,18.57,18.57,18.43,18.43,17.90,18.37,18.80,18.37,18.80,18.37,18.80,18.27,18.30,18.30,18.30,18.00,17.87,18.03,18.73,18.73,18.40,18.40,18.40,18.40,18.70,18.73,18.87,18.73,18.53,18.13,18.13,18.10,18.30,18.43,18.43,18.57,18.57
18.30,18.30,18.47,17.73,17.73,18.33,18.57,18.77,18.10,18.03,18.40,18.53,18.33,18.33,18.53,18.57,18.47,18.47,18.47,18.60,18.37,18.53,18.70,19.23,18.70,18.03,18.03,18.03,18.03,18.20,18.37,18.33,18.33,18.33,18.20,18.17,18.20,18.80,18.80,18.73,18.53,17.93,18.53,18.30,18.30,18.30,18.37,18.43,18.33,18.33,18.30,18.63,19.03,19.60,21.50,23.00,27.33,29.33,30.37,30.20,30.60,30.63,31.27,31.67,31.27,30.93,30.93,30.93,31.13,31.20,31.30,31.70,31.47,31.90,31.87,31.90,32.10,32.20,32.20,32.23,32.53,32.77,32.77,32.97,32.40,32.97,33.37,33.50,33.50,32.43,32.27,32.00,31.97,31.60,31.60,31.27,31.00,30.93,30.93,30.90,30.60,30.03,28.33,27.93,24.57,22.13,19.77,19.27,19.00,18.60,18.17,18.90,18.90,18.90,18.50,18.63,18.33,18.73,18.47,17.63,17.63,17.63,18.10,18.70,18.73,18.60,18.43,17.73,17.73,18.37,18.27,18.43,18.43,18.43,18.27,18.30,18.30,18.53,18.30,18.33,18.03,18.33,18.20,18.37,18.07,18.23,18.23,18.23,18.70,18.73,18.53,18.23,18.23,18.30,18.30,18.43,18.43,18.43,18.00,17.80
18.10,18.03,18.03,17.73,17.73,17.93,19.03,19.10,18.57,18.10,18.53,18.30,18.30,18.30,18.57,18.57,18.30,18.37,18.37,18.60,18.37,18.60,18.73,19.23,18.80,18.27,18.03,17.97,17.97,18.17,18.37,18.33,17.77,18.33,18.20,18.37,18.83,19.03,19.03,19.03,18.73,17.77,18.13,18.13,18.13,17.97,18.20,18.73,18.43,18.43,18.30,18.67,19.77,20.57,22.60,24.40,27.67,28.77,30.37,30.20,30.70,30.60,31.20,31.63,31.20,31.07,31.07,31.17,31.13,31.00,31.10,31.10,31.33,31.47,31.47,31.77,32.10,32.37,32.30,32.30,32.43,32.77,32.97,32.97,33.10,32.97,33.37,32.77,32.63,32.43,32.27,31.80,31.80,31.80,31.60,31.27,31.00,30.90,30.90,30.90,30.87,30.20,29.50,28.37,24.57,23.30,19.77,19.60,18.60,18.60,18.17,18.90,18.63,18.63,18.50,18.63,18.93,18.73,18.67,17.67,17.93,17.93,18.70,18.70,18.73,18.73,18.73,18.50,17.47,17.97,18.20,18.43,19.17,18.87,19.17,18.60,18.60,18.53,18.30,18.33,18.20,18.33,18.33,18.33,18.00,17.87,17.87,18.23,18.40,18.77,18.53,18.53,18.53,18.53,18.80,18.30,17.97,18.00,18.57,18.57
18.10,18.03,17.97,17.50,17.93,18.33,19.07,19.07,18.53,18.10,18.30,17.97,17.73,17.73,18.40,18.77,18.37,18.53,18.53,18.90,18.53,18.83,18.83,19.23,19.10,18.80,18.40,18.40,18.50,18.33,18.50,18.90,18.60,18.60,18.57,18.83,18.83,19.03,19.03,19.03,18.40,18.07,17.70,17.97,18.30,18.30,18.73,19.07,19.07,18.67,18.30,19.03,19.90,21.27,23.90,25.63,28.17,28.77,30.27,30.63,30.67,30.63,31.20,31.63,31.07,31.07,31.07,31.30,31.30,31.00,31.10,31.00,31.33,30.83,31.47,31.80,32.43,32.57,32.30,31.63,32.30,33.03,33.03,32.93,32.60,32.70,32.70,32.77,32.77,32.63,32.53,32.27,32.33,31.80,31.60,31.50,31.33,30.90,30.90,30.57,30.87,30.30,29.60,29.27,25.97,23.30,20.47,19.60,18.70,18.70,18.83,18.97,18.63,18.27,18.13,18.53,18.53,18.33,18.33,18.33,18.90,18.33,18.33,18.33,18.70,19.07,19.07,18.93,17.47,17.67,17.97,18.60,18.70,18.63,18.87,18.30,18.60,18.30,18.13,17.97,17.97,18.17,18.20,18.00,17.87,17.57,17.80,17.67,18.77,18.77,18.43,18.23,18.43,19.10,19.10,18.63,18.47,18.57,18.57,18.77
18.10,18.03,18.03,17.97,18.03,18.33,19.07,19.07,18.60,18.20,18.20,17.90,17.73,18.20,18.20,18.43,18.43,18.53,18.63,18.63,19.20,18.83,18.83,18.83,18.80,18.73,18.27,18.27,17.97,18.33,18.87,18.90,18.90,18.57,18.37,18.70,18.83,18.70,18.70,18.43,18.40,18.43,18.40,18.30,18.30,18.37,18.40,18.60,18.90,18.27,18.97,19.53,20.03,21.53,25.53,26.27,28.60,29.13,30.57,30.70,30.67,30.67,31.20,31.20,31.03,30.93,31.17,31.43,31.43,31.00,31.00,31.10,31.33,30.93,30.93,31.50,32.30,32.57,32.30,32.17,32.17,33.03,33.13,32.93,32.80,32.93,32.80,32.77,32.77,32.77,32.47,32.33,32.33,32.20,31.80,31.60,31.27,30.90,30.47,30.40,30.57,30.17,29.80,29.60,27.37,24.67,20.47,19.63,19.03,18.77,18.77,18.83,18.63,18.47,18.27,18.53,18.87,18.43,18.33,18.33,18.97,18.90,18.37,18.30,18.37,19.07,19.07,18.93,18.87,17.67,17.97,18.20,18.63,18.63,18.63,18.30,18.07,18.13,18.07,17.97,18.20,18.17,18.23,18.00,18.13,17.87,17.90,18.77,18.97,18.87,18.27,18.27,18.30,18.40,18.47,18.40,18.47,18.50,18.77,18.93
18.37,18.37,18.50,18.07,18.33,18.57,19.07,18.93,18.33,17.90,17.90,17.97,18.10,18.20,18.10,18.40,18.43,18.53,18.63,18.53,19.20,19.20,18.83,18.83,18.73,18.40,18.23,18.90,18.90,18.87,18.87,18.90,18.57,18.57,18.47,18.47,18.70,18.50,18.50,18.30,18.30,18.40,18.30,18.10,18.10,18.37,18.40,18.30,18.93,18.27,18.97,19.53,21.30,23.73,25.63,27.83,28.90,30.27,30.50,30.57,30.63,30.67,31.20,31.20,31.03,30.87,30.87,31.30,31.30,30.93,31.20,30.93,31.20,30.93,30.93,31.73,31.80,32.30,32.17,32.17,32.53,32.73,32.60,32.60,32.60,32.60,32.37,32.17,32.77,32.83,32.53,32.53,32.53,32.33,31.80,31.50,31.13,30.80,30.73,30.47,30.57,30.30,30.17,29.60,27.97,24.77,20.70,19.87,19.07,18.77,18.83,19.17,19.17,18.47,18.20,18.47,18.87,18.33,18.33,18.33,18.90,18.33,18.33,18.30,18.30,18.33,18.87,18.93,18.87,18.50,18.50,18.20,18.20,17.93,17.90,17.90,18.10,18.37,18.43,18.43,19.07,18.43,18.27,18.00,18.23,18.00,18.13,18.70,18.97,18.97,18.27,18.40,18.43,18.77,18.63,18.47,18.50,18.50,18.70,18.73
18.30,18.43,18.77,18.50,18.33,19.13,18.67,18.67,17.97,17.90,17.97,18.00,18.10,18.20,18.20,18.50,18.50,18.50,18.63,18.27,18.63,18.63,18.63,18.63,18.20,18.23,18.23,18.23,17.83,18.13,18.13,18.83,18.27,18.90,18.50,18.47,18.50,18.33,18.80,18.37,18.43,18.63,18.63,18.63,18.30,18.40,18.40,18.30,18.93,18.93,19.07,20.23,21.50,23.80,26.57,28.87,29.47,30.20,30.43,30.43,30.43,30.53,31.20,30.93,30.93,30.80,30.57,30.57,30.70,30.93,31.20,31.20,31.20,31.07,30.93,31.73,31.57,32.27,32.17,32.17,32.17,32.53,32.60,32.90,32.90,33.00,32.37,32.20,32.67,32.67,32.53,32.50,32.43,32.33,31.80,31.13,30.80,30.80,30.83,30.83,30.43,30.37,30.20,30.17,28.70,24.77,23.97,19.87,19.37,18.77,18.50,18.97,18.73,18.73,18.47,18.47,18.43,18.23,18.23,18.23,18.37,18.30,18.30,18.30,18.30,18.33,18.57,18.90,18.90,18.50,18.20,18.20,17.97,17.93,17.60,17.77,17.57,18.30,18.43,18.43,19.07,18.43,18.23,17.87,18.13,18.00,18.27,18.60,18.27,18.23,18.27,18.73,18.73,18.80,18.63,18.40,18.40,18.40,18.70,18.70
18.30,18.43,18.60,18.77,18.07,18.80,18.53,18.43,17.97,17.97,18.13,18.13,18.00,17.23,17.93,18.00,18.50,18.60,18.63,17.90,17.90,18.27,18.40,18.63,18.20,18.40,18.23,18.40,17.80,17.97,17.97,18.37,18.37,18.67,18.63,18.63,18.80,18.77,18.90,18.77,18.90,18.30,18.63,19.23,18.90,18.90,18.77,18.57,18.93,19.53,20.17,20.60,23.47,25.50,27.13,29.07,29.73,30.03,30.20,30.00,30.00,30.43,30.53,30.53,29.33,29.30,29.30,29.57,30.53,30.70,31.20,31.20,31.30,31.73,31.73,32.20,31.57,32.27,31.57,31.73,31.73,32.53,32.60,33.03,33.03,33.03,32.77,32.63,32.63,32.63,32.53,32.53,32.30,31.93,31.67,31.00,31.00,30.83,30.83,30.77,30.43,30.50,30.37,29.57,28.70,26.00,23.97,21.23,19.37,18.97,18.50,18.97,18.47,18.53,18.50,18.20,17.97,18.13,18.23,18.23,17.87,17.70,17.87,18.00,18.20,18.27,18.30,18.90,18.90,18.23,18.20,18.20,17.93,17.93,17.77,17.83,17.83,18.30,18.67,18.90,19.00,18.80,18.40,17.87,17.93,17.93,18.27,18.27,18.23,18.23,18.50,18.90,18.83,18.83,18.83,18.40,18.43,18.43,18.50,17.77
18.20,18.43,18.60,18.80,18.07,18.53,18.30,18.53,18.30,18.37,18.37,18.37,17.03,17.03,17.93,18.50,18.70,18.70,18.70,18.60,18.27,18.87,18.63,18.57,18.43,18.50,18.40,18.40,17.83,18.13,17.97,18.13,18.17,18.63,18.63,18.63,18.90,18.77,18.90,18.77,19.00,18.27,18.67,19.27,19.27,19.30,18.67,18.57,18.57,19.70,20.60,22.00,23.47,26.70,28.73,29.00,29.73,29.93,30.03,29.93,29.83,29.83,29.83,28.63,27.73,25.73,26.73,27.77,29.43,30.63,31.17,31.30,31.50,31.57,31.57,31.83,31.57,32.17,31.57,31.67,31.67,32.33,32.53,32.43,32.43,32.77,32.80,32.77,32.63,32.37,32.20,31.90,31.90,31.63,31.63,30.87,31.00,30.83,30.77,30.00,30.37,30.60,30.37,29.57,28.40,27.33,23.97,21.57,20.60,19.03,18.97,18.97,18.47,18.57,18.53,17.97,17.70,18.13,18.23,18.37,18.23,17.87,17.87,18.20,18.47,18.47,18.47,19.00,19.03,18.27,18.23,18.20,18.27,18.27,18.30,18.67,17.73,18.30,18.17,18.40,18.40,18.40,18.30,17.87,17.87,17.70,17.70,17.70,18.13,18.23,18.90,18.93,18.83,18.73,18.33,18.07,18.07,17.93,17.93,17.77
18.20,18.43,18.43,18.43,18.10,18.53,18.53,18.53,18.30,18.37,18.23,18.07,17.10,18.07,18.17,18.17,18.50,18.50,18.30,18.30,18.23,18.87,18.57,18.67,18.67,18.67,18.50,18.60,18.27,18.23,18.20,18.37,18.30,18.30,18.30,18.63,19.00,18.77,18.90,18.77,18.80,18.27,18.27,18.67,18.67,18.67,18.57,18.57,18.83,19.60,20.97,23.27,25.07,27.70,28.73,28.83,29.43,30.03,30.10,29.87,29.60,29.53,28.53,27.47,25.03,23.83,23.83,26.23,27.77,29.43,31.17,31.53,31.57,31.77,31.40,31.40,31.33,32.43,32.17,31.67,31.67,32.53,33.03,32.43,32.43,32.43,32.53,32.53,32.37,32.03,31.93,31.90,31.93,31.63,31.63,31.00,31.00,30.77,30.43,29.83,30.60,30.73,30.60,28.97,28.70,28.30,24.63,22.27,20.67,19.10,19.10,18.77,18.57,18.57,18.53,18.50,18.13,18.37,18.73,18.57,17.87,18.00,18.00,18.23,18.40,18.47,18.77,19.00,19.03,18.23,18.07,17.93,18.27,18.27,18.67,18.67,18.67,18.40,18.23,18.63,18.40,18.40,18.30,17.90,17.87,17.70,17.83,17.83,18.20,18.23,18.70,18.93,18.70,18.33,18.33,18.20,18.20,18.20,18.20,18.00
18.67,18.67,18.43,18.30,18.23,18.30,18.53,18.27,18.23,18.23,17.90,18.07,17.83,18.17,19.30,19.30,18.50,18.33,18.33,18.60,18.60,19.30,18.57,18.57,18.77,18.77,18.77,18.60,18.60,19.17,18.23,18.27,18.27,18.27,18.30,18.20,18.57,18.13,18.47,18.47,18.50,18.47,18.27,18.30,18.23,18.33,18.57,18.60,18.83,20.57,23.10,24.77,26.70,28.30,29.00,29.00,29.80,30.10,30.13,29.87,28.83,28.00,26.33,24.30,22.87,22.30,22.30,23.73,26.73,28.53,30.97,31.03,31.17,31.40,31.40,31.40,31.37,32.17,32.17,31.77,32.47,32.47,33.03,32.43,32.43,32.13,32.43,32.43,32.43,31.97,31.80,31.80,31.80,31.13,31.13,30.87,30.93,30.43,30.43,29.97,30.60,30.73,30.70,29.83,28.77,28.40,25.10,22.83,21.03,19.23,19.23,19.10,19.23,18.77,18.63,18.37,18.33,18.40,18.73,18.57,18.57,18.40,18.40,18.40,18.47,18.47,18.47,18.77,18.27,18.03,18.27,18.07,18.30,18.23,18.30,18.23,18.40,18.40,18.47,18.53,18.40,18.40,17.87,17.90,17.90,17.80,18.43,18.20,18.43,18.57,18.70,18.93,18.70,18.43,18.43,18.43,18.20,18.20,18.20,18.57
18.67,18.67,18.10,18.43,18.30,18.30,18.53,18.27,18.27,18.13,18.13,18.07,18.07,18.20,19.10,19.10,18.33,18.30,18.30,18.57,18.53,18.57,18.57,18.67,18.80,18.77,18.77,18.50,18.57,18.57,19.00,18.90,18.60,18.50,18.30,18.33,18.33,18.33,18.50,18.47,18.47,18.47,18.30,18.30,18.23,18.33,18.70,18.83,19.60,20.97,24.43,25.07,26.93,28.30,29.50,29.50,29.80,29.80,29.87,28.80,28.10,25.97,24.07,23.00,22.33,21.20,21.23,22.57,25.30,28.90,30.37,30.97,30.97,31.17,31.40,32.17,32.23,32.30,32.27,31.77,32.30,32.47,32.60,32.67,32.43,31.83,31.93,32.40,32.40,31.97,31.83,31.87,31.93,32.03,31.43,31.13,30.87,30.53,30.53,30.43,30.47,30.70,30.47,30.13,29.73,28.70,28.20,24.13,21.77,19.23,18.80,18.77,18.77,18.77,18.37,18.33,18.33,18.33,18.57,18.57,18.57,18.57,18.40,18.40,18.40,18.40,18.70,18.20,18.03,17.83,18.07,18.07,18.07,17.77,18.37,18.07,18.07,18.23,18.40,18.50,17.77,18.63,18.13,18.13,18.07,17.83,18.67,18.60,18.60,18.60,18.70,18.70,18.60,18.60,18.43,18.43,18.20,18.20,18.20,18.57
18.57,18.57,18.50,18.60,18.53,18.53,18.27,18.27,18.27,18.20,18.20,18.33,18.47,18.47,19.10,19.10,18.00,18.00,18.33,18.60,18.60,18.60,18.77,18.60,18.80,18.50,18.50,18.07,18.40,18.00,18.00,17.83,18.27,18.60,18.60,17.90,17.90,18.33,18.47,18.47,18.47,18.30,18.13,18.23,18.33,18.67,19.23,19.33,20.63,23.37,24.60,26.80,27.80,29.50,29.90,29.90,29.80,29.70,28.80,28.10,25.80,23.83,22.87,22.33,20.33,20.23,20.97,21.43,23.97,27.53,29.83,30.73,31.03,31.23,31.77,32.23,32.30,32.30,31.87,31.77,32.27,32.30,32.30,32.60,32.43,32.13,31.97,32.33,32.33,31.90,31.80,31.30,31.03,31.13,31.43,31.20,30.87,30.57,30.80,30.50,30.43,30.47,30.47,30.40,30.13,29.23,28.40,24.17,22.47,20.23,18.80,18.67,18.77,19.23,18.37,18.33,18.27,18.30,18.33,18.57,18.67,18.67,18.67,18.73,18.70,18.60,18.30,18.30,18.30,17.83,18.30,18.30,18.60,18.47,18.23,17.83,17.83,17.97,18.40,18.43,18.43,18.67,18.63,18.30,18.13,17.80,18.50,18.60,18.60,18.60,18.60,18.53,18.60,18.53,18.23,18.03,17.87,17.90,18.53,18.57
17.97,18.17,18.50,18.60,18.60,18.57,18.53,18.27,18.20,18.13,18.13,18.13,18.47,18.47,18.47,18.43,18.40,18.00,18.27,18.53,18.67,18.67,18.77,18.80,19.10,18.50,18.40,18.07,17.90,17.43,17.83,17.73,17.83,18.60,18.60,18.33,18.33,18.33,18.57,18.33,17.97,17.57,18.13,18.23,18.83,19.23,19.33,20.43,22.23,24.60,25.43,27.80,28.37,29.40,29.50,29.50,29.53,29.27,28.33,25.97,23.60,22.50,21.97,21.20,20.23,19.77,20.23,21.20,23.93,27.53,29.50,31.03,31.23,31.27,31.33,32.30,32.30,32.30,31.97,32.03,31.97,32.00,32.00,32.13,32.23,31.93,31.93,31.83,31.90,31.90,31.83,31.67,31.30,31.47,31.47,31.43,30.87,30.80,30.80,30.53,30.47,30.47,30.37,30.17,30.17,29.73,28.77,27.80,22.50,21.10,19.23,18.67,18.63,18.30,17.80,18.27,18.23,18.27,18.30,18.70,18.87,18.90,18.90,18.73,18.63,18.63,18.67,18.67,18.50,18.30,18.30,18.00,18.00,18.23,18.23,17.83,17.97,17.97,18.40,18.23,18.43,18.63,18.63,18.13,18.13,18.07,18.70,18.70,18.70,18.50,18.50,17.90,18.60,18.53,18.23,18.03,17.87,18.20,18.20,18.53
17.93,17.97,18.37,18.37,18.53,18.57,18.57,18.57,18.07,17.30,17.47,18.07,18.30,18.30,18.40,18.40,18.40,18.27,18.67,18.97,18.97,18.67,18.67,18.17,18.50,18.20,18.20,17.90,17.90,17.73,17.90,17.83,18.57,18.57,18.60,18.33,18.33,18.00,18.00,17.97,18.03,18.17,18.17,18.23,18.83,19.23,19.33,21.50,24.10,25.17,26.87,28.37,29.40,29.40,29.17,29.47,29.47,28.33,27.40,25.10,22.50,21.50,20.43,20.33,19.87,19.90,20.20,21.03,23.30,26.97,29.50,30.03,31.40,31.33,31.40,31.70,31.87,32.03,31.87,31.97,31.57,31.20,31.17,31.80,32.13,31.93,31.83,31.60,31.73,31.73,31.83,31.07,30.93,31.03,31.30,31.47,31.20,30.83,30.80,30.10,30.10,30.33,30.37,30.17,30.17,30.07,28.77,28.20,26.60,22.23,20.67,18.83,18.67,18.63,18.87,18.53,18.23,18.30,18.30,18.30,18.67,18.67,18.67,18.73,18.63,18.63,18.40,18.60,18.50,18.60,18.57,18.20,18.57,18.23,18.23,17.83,18.23,18.23,18.40,18.43,18.53,18.63,18.63,18.53,18.53,18.53,18.70,18.50,18.60,18.50,18.50,18.23,18.23,18.23,18.50,18.50,17.87,17.87,18.20,18.53
17.97,17.97,18.17,17.97,17.97,17.97,18.57,18.27,17.67,17.47,17.67,18.07,18.20,18.30,18.43,18.60,18.67,18.67,18.67,18.67,18.67,18.40,18.40,18.40,18.57,18.20,18.20,18.17,18.17,18.17,18.83,18.83,18.93,18.57,18.93,18.37,18.67,18.23,18.23,18.03,18.47,18.27,18.47,18.80,19.00,19.37,20.13,21.80,25.17,26.43,27.97,28.37,29.40,29.30,29.23,29.07,29.07,27.97,25.73,23.60,21.00,20.43,20.30,20.30,19.80,19.77,19.80,20.33,23.30,25.63,29.47,30.03,31.40,31.43,31.40,31.37,31.67,31.87,31.87,31.70,31.23,31.20,31.17,31.17,31.30,31.80,31.70,31.70,31.70,31.73,31.73,31.73,31.00,31.00,31.30,31.57,30.93,30.73,30.20,29.17,29.43,29.70,30.17,30.13,30.17,30.07,28.73,28.20,27.03,24.70,21.83,19.23,18.83,18.40,18.53,17.97,17.93,17.97,18.33,18.27,18.27,18.27,18.37,18.37,18.40,18.47,18.47,18.47,18.70,18.60,18.60,18.20,18.20,18.20,18.27,18.27,18.63,18.40,18.43,18.43,18.47,18.13,18.40,17.97,18.53,18.53,18.70,18.63,18.70,18.50,19.10,18.27,18.40,18.83,18.87,19.10,18.30,18.30,18.30,18.33
17.93,18.37,18.37,18.37,18.73,18.27,18.70,18.27,18.27,17.90,17.90,18.17,18.27,18.27,18.60,19.13,19.37,18.67,18.83,18.67,18.47,18.30,18.30,18.40,18.50,18.60,18.60,18.83,18.57,18.83,18.83,18.83,18.77,18.00,18.57,18.37,18.63,18.30,18.27,18.27,18.63,18.47,19.00,19.80,19.87,20.33,21.80,24.30,26.30,27.37,28.00,28.47,29.30,29.30,29.23,28.70,27.97,26.90,23.70,21.00,20.43,20.07,19.60,19.60,19.37,19.27,19.80,20.33,23.57,25.20,28.27,30.03,30.83,31.57,31.57,31.57,31.37,31.70,31.70,31.23,31.20,31.10,31.17,31.17,31.37,31.47,31.37,31.70,31.70,31.73,31.37,31.00,30.87,30.87,30.93,30.93,30.93,30.20,28.87,27.67,28.43,29.17,29.70,29.73,30.13,29.87,29.17,28.40,27.33,25.83,24.53,20.87,18.87,18.87,18.87,18.27,17.90,18.43,18.53,18.27,18.13,18.13,18.13,18.27,18.30,18.47,18.40,18.47,18.47,18.47,18.23,18.20,18.37,18.27,18.27,18.27,18.63,18.17,18.43,18.43,18.43,17.90,18.03,17.90,18.40,18.20,18.67,18.77,19.20,19.20,19.10,18.53,18.53,18.77,18.77,18.87,18.30,18.30,18.33,18.83
18.67,18.60,18.47,18.37,18.73,18.50,18.50,18.27,18.27,17.97,18.20,18.17,18.20,18.17,18.37,18.60,19.13,18.73,18.73,18.47,18.47,18.47,18.50,18.57,18.57,19.10,18.60,18.33,18.17,18.77,18.77,18.77,18.43,17.90,18.63,18.63,18.63,18.30,18.30,18.27,18.47,18.47,19.10,20.33,20.53,22.27,23.73,24.67,26.30,27.97,28.00,28.47,29.20,29.23,29.20,28.27,27.23,24.87,22.57,20.77,20.17,19.60,19.13,19.20,19.20,19.00,19.00,20.33,23.57,23.97,27.87,30.47,30.73,31.50,31.27,30.87,30.93,30.93,31.20,31.20,31.23,31.23,31.17,31.17,31.37,31.47,31.47,31.70,31.70,31.73,31.37,31.23,30.87,30.87,30.87,30.87,30.53,28.90,27.33,26.07,25.87,26.77,28.93,29.53,29.97,29.97,29.37,29.17,28.73,26.20,25.17,21.20,20.10,18.87,18.23,18.27,18.27,18.57,18.80,18.57,18.27,18.27,18.20,18.23,18.23,18.23,18.23,18.47,18.57,18.47,18.17,18.17,18.37,18.30,18.27,18.27,18.43,18.17,18.17,18.17,18.47,18.03,18.03,17.90,18.60,18.20,18.67,19.20,19.23,19.20,18.77,18.77,18.73,18.73,18.73,18.77,18.23,18.33,18.33,18.33
18.30,18.37,18.47,18.73,18.73,18.77,18.57,18.50,18.27,18.27,18.27,18.17,17.47,17.83,18.30,18.33,18.73,18.87,18.83,18.47,18.47,18.60,18.60,19.30,18.60,18.67,18.60,18.67,18.27,18.57,18.57,18.57,17.80,17.67,17.67,18.63,18.63,18.30,18.27,18.30,18.63,19.07,19.43,20.53,23.07,24.07,24.67,25.63,26.77,28.00,28.50,28.67,28.73,28.73,28.27,27.23,25.13,22.93,21.37,20.37,20.03,19.13,19.10,19.10,19.20,19.03,19.03,20.47,22.17,23.97,28.13,30.47,30.67,30.77,30.90,31.13,31.13,30.93,31.07,31.07,31.20,30.47,30.77,30.77,31.20,31.30,31.30,31.30,31.27,31.27,31.27,31.33,30.87,30.87,30.87,30.83,30.43,28.90,26.07,23.57,22.97,23.50,26.43,28.63,29.87,29.97,29.50,29.30,28.97,27.90,25.87,24.03,20.87,19.57,18.27,18.40,18.40,18.93,18.93,18.73,18.63,18.27,18.20,18.20,18.23,18.87,18.23,19.00,18.57,18.23,18.13,18.43,18.50,18.43,18.30,18.13,17.73,18.03,18.00,18.03,18.03,18.53,18.87,18.87,18.70,18.50,18.70,18.77,19.20,19.13,18.77,18.77,18.73,18.73,18.70,18.70,18.23,18.33,18.23,18.33
18.30,18.30,18.37,18.73,18.57,18.73,18.50,19.00,18.30,18.50,18.30,18.07,17.47,18.07,18.30,18.30,18.33,18.73,18.87,18.90,18.37,18.60,18.60,18.77,18.43,18.60,18.67,18.50,18.27,18.17,18.57,18.60,18.60,17.80,17.67,17.87,18.07,17.97,17.97,17.87,18.40,19.07,19.43,23.07,24.07,25.27,25.63,26.27,27.93,28.07,28.50,28.73,28.73,28.00,26.17,25.23,23.00,21.93,20.67,20.23,20.03,19.10,19.10,19.20,19.20,18.93,18.83,19.90,21.37,24.33,27.87,30.27,30.50,30.50,30.77,31.03,31.03,30.93,30.97,31.07,31.20,30.53,31.30,30.77,31.20,31.27,31.27,31.27,31.13,31.23,31.27,31.70,31.73,31.70,30.87,30.87,30.43,28.97,25.70,22.97,22.67,22.03,23.50,26.43,28.93,29.47,29.47,29.33,28.97,28.73,27.83,25.17,22.20,19.60,19.07,18.80,18.40,18.93,18.93,18.87,18.63,18.10,18.27,18.27,18.90,18.87,18.03,18.03,17.93,18.10,18.50,18.57,18.93,18.93,18.30,18.17,18.13,18.13,18.03,18.57,18.53,18.87,19.33,19.33,18.70,18.50,18.53,18.23,18.57,18.97,18.77,18.77,18.47,18.30,18.33,18.33,18.33,18.53,18.23,18.23
18.30,18.30,18.20,18.87,18.57,18.73,18.17,18.57,18.57,18.57,18.30,18.30,18.07,18.13,18.30,18.30,18.67,18.87,18.90,18.90,18.33,18.33,18.50,18.60,18.60,19.20,19.20,18.97,18.77,18.20,18.57,18.33,18.33,17.80,17.57,17.70,18.07,17.97,17.97,18.40,18.93,19.50,21.43,23.20,24.37,25.33,26.80,27.37,28.07,28.20,28.47,28.00,27.23,26.17,25.13,23.00,21.93,21.43,20.37,20.20,18.33,18.27,18.33,19.03,18.93,18.53,18.53,20.00,21.30,24.33,27.47,30.27,30.50,30.50,30.50,31.03,31.03,31.07,30.97,31.07,31.20,31.20,31.30,31.03,31.03,31.20,31.20,31.20,30.83,31.00,31.27,31.70,31.70,31.63,31.03,31.03,30.00,28.97,25.63,23.80,21.70,21.43,21.60,24.27,27.37,28.87,29.23,29.03,28.77,28.47,27.83,26.67,23.67,20.53,19.57,19.07,18.30,18.73,18.73,18.73,18.53,18.00,18.10,18.10,18.27,18.73,18.70,18.70,18.47,18.30,18.30,18.43,18.83,18.93,18.83,18.23,18.03,18.13,17.97,18.57,18.13,19.20,18.40,18.40,18.50,18.20,18.50,18.17,18.30,18.87,18.87,18.87,18.47,18.33,18.33,18.57,18.70,18.97,18.53,18.30
18.17,17.90,18.00,18.20,18.17,18.07,18.13,18.27,18.57,18.50,17.77,18.07,18.13,18.13,18.30,18.77,19.13,18.90,18.90,18.50,18.03,18.03,17.77,18.87,19.03,19.03,19.03,18.40,18.30,18.20,18.20,18.33,18.33,18.60,18.20,18.20,18.13,17.93,17.97,18.40,19.13,19.67,21.43,23.33,25.27,26.10,27.17,27.67,28.03,27.70,27.60,27.23,25.90,24.27,23.00,21.43,21.17,20.63,20.10,19.23,18.33,18.40,18.73,19.03,18.93,18.40,19.27,19.60,21.10,24.13,27.47,29.33,30.27,30.40,30.53,30.63,30.83,31.07,30.83,31.07,31.30,31.30,31.30,31.20,31.50,31.47,31.47,31.47,31.20,31.20,31.00,31.70,31.80,31.70,31.03,31.03,30.00,28.53,25.63,23.87,21.70,21.43,21.37,22.10,25.50,28.03,28.87,28.87,28.77,28.47,27.83,26.87,25.30,22.23,20.10,19.57,18.30,18.30,18.53,18.87,18.77,18.77,18.77,18.90,19.27,18.73,18.60,18.43,18.17,18.20,18.30,18.57,18.77,19.03,18.83,18.23,18.13,18.13,18.27,18.73,18.13,18.40,18.27,18.37,18.37,18.53,18.53,18.23,18.30,18.33,18.73,18.73,18.20,18.20,18.20,18.33,18.33,18.57,18.30,17.90
17.90,17.90,18.17,18.20,18.20,18.17,18.17,18.17,18.77,18.03,18.03,18.37,18.40,18.50,18.77,19.13,19.30,19.13,18.97,18.50,18.17,18.93,18.50,18.87,19.03,19.10,19.03,18.10,18.10,18.20,18.07,18.20,18.07,18.73,18.43,18.77,18.37,17.97,17.93,18.37,18.80,19.67,21.17,23.10,23.53,26.10,26.80,27.17,27.67,27.60,24.90,24.67,23.40,22.50,21.47,21.13,20.43,20.33,19.23,18.40,18.37,18.47,18.73,19.37,19.37,19.27,19.60,20.10,21.27,24.13,27.47,29.33,30.70,30.70,30.63,30.60,30.83,31.07,30.83,30.57,30.37,30.90,31.03,31.20,31.63,31.60,31.47,31.20,30.90,30.43,30.43,30.53,30.53,30.50,31.03,31.03,30.00,28.53,26.43,24.23,21.60,20.90,20.87,21.37,23.67,25.63,28.10,28.73,28.73,28.47,28.13,27.57,26.10,23.03,22.23,19.87,19.63,18.47,18.47,18.87,18.97,19.00,18.97,18.93,18.27,18.73,18.70,18.70,18.70,18.47,18.30,18.30,18.00,18.00,18.83,18.23,18.23,18.07,17.97,17.87,17.87,18.37,18.37,18.37,18.77,19.00,19.03,18.43,18.30,18.33,18.30,18.33,17.87,18.20,18.20,18.57,18.90,18.90,18.30,17.93
17.87,17.87,18.00,18.00,18.00,18.07,18.17,18.27,18.27,18.03,17.77,18.03,17.73,17.97,18.40,18.77,19.10,18.97,18.00,18.07,18.17,19.10,19.13,19.13,18.87,19.03,19.03,18.10,18.03,17.97,17.97,18.07,18.73,18.77,18.77,18.80,18.20,18.17,18.17,18.47,18.70,18.73,20.00,21.17,23.17,23.53,25.10,25.10,23.30,23.30,22.73,22.50,22.07,21.67,21.33,20.43,20.23,19.07,19.07,18.87,18.53,18.77,19.00,19.17,19.47,19.27,19.63,20.17,22.60,24.50,26.90,29.90,30.70,30.70,30.63,30.63,30.83,30.83,30.57,29.53,29.03,30.63,30.90,31.63,31.67,31.60,31.60,31.47,30.90,30.33,28.77,29.60,30.10,30.10,30.10,30.93,29.50,28.87,27.23,24.70,21.77,20.67,20.60,20.97,21.37,23.97,25.63,28.23,28.63,28.63,28.67,27.87,26.53,25.60,22.47,20.73,19.63,18.97,18.47,18.97,18.97,19.03,19.03,19.03,18.87,18.43,18.43,18.43,18.33,18.33,18.33,18.57,18.37,18.37,18.60,18.07,18.10,18.07,18.10,17.87,17.87,18.50,18.60,18.73,18.73,19.00,19.03,19.03,18.43,18.33,18.30,18.37,18.57,18.57,18.57,18.20,18.20,17.90,17.90,17.90
17.50,18.00,18.27,18.53,18.50,18.43,18.43,18.50,18.57,18.33,18.03,18.03,17.67,17.67,17.97,18.63,18.60,18.63,18.07,18.90,18.93,19.10,19.00,19.07,18.83,19.10,19.10,18.17,18.00,17.77,17.77,18.07,18.67,18.50,18.33,18.33,18.33,18.17,17.97,18.17,18.67,18.73,19.13,21.07,21.17,23.10,23.17,23.00,22.63,22.53,21.90,21.90,21.83,21.50,21.27,19.63,19.30,18.87,18.87,18.87,18.77,18.77,18.93,19.17,19.57,19.57,19.63,20.30,22.60,24.50,26.90,30.70,30.70,30.70,30.63,30.63,30.77,30.63,29.53,29.03,28.83,29.03,30.97,31.13,31.60,31.47,31.47,30.90,30.40,28.63,28.23,28.27,29.60,30.07,30.10,30.93,29.77,29.00,27.30,25.10,21.40,19.57,19.57,20.60,20.60,22.00,24.60,26.27,28.40,28.60,29.27,28.67,28.37,26.20,24.17,21.73,19.63,19.60,18.30,18.23,18.97,19.20,18.87,18.57,18.33,18.33,18.37,18.43,18.43,18.50,18.33,18.23,18.23,18.33,18.33,17.97,17.87,17.87,17.87,17.97,18.17,18.63,18.63,18.70,18.70,18.73,19.07,19.23,18.43,18.37,18.30,18.37,18.57,18.50,18.57,18.13,18.20,18.20,17.93,17.93
17.83,18.20,18.20,18.30,17.93,18.07,18.07,18.27,18.27,18.27,18.03,17.73,17.57,17.57,17.73,17.73,17.77,17.90,18.00,18.90,19.10,19.10,18.83,19.07,18.83,19.07,18.53,18.90,18.53,18.00,17.97,18.03,18.50,18.50,18.33,18.43,18.37,18.37,18.27,18.37,18.47,18.73,19.13,19.30,19.83,20.47,21.07,20.50,20.50,20.50,20.30,20.30,20.17,19.93,19.93,19.33,19.07,18.73,18.20,18.20,18.20,18.67,19.00,19.17,19.17,19.00,19.00,20.30,22.00,24.83,26.70,30.40,30.63,30.63,30.57,30.57,30.63,29.77,29.03,27.70,27.63,28.90,30.63,30.97,31.00,31.00,31.20,30.60,29.40,28.63,27.90,27.90,28.50,30.10,30.67,30.93,29.57,29.00,27.37,25.10,22.17,20.67,19.53,19.53,19.90,21.33,22.23,25.53,27.53,28.60,29.27,28.90,28.63,26.87,24.77,21.83,19.93,19.63,19.10,18.97,18.23,18.03,18.57,18.33,18.20,18.27,18.37,18.43,18.33,18.33,18.23,18.23,18.27,18.60,18.60,18.10,17.97,17.97,18.10,18.17,18.50,19.07,18.63,18.73,18.63,18.73,18.63,19.23,18.03,18.37,18.10,18.50,18.90,18.63,18.60,18.13,17.47,17.53,17.47,17.53
18.00,18.30,18.30,18.30,18.10,18.07,18.13,18.17,18.27,18.23,18.13,18.13,17.67,17.83,17.83,17.73,17.77,17.77,18.67,18.80,19.00,19.00,18.80,19.00,18.80,19.07,18.57,18.53,18.53,18.00,18.03,18.27,18.33,18.33,18.33,18.93,18.53,18.43,18.27,18.20,18.27,18.80,19.03,18.97,19.17,19.37,19.83,20.23,20.23,20.23,20.17,19.80,19.80,19.33,19.63,19.07,19.07,18.87,18.20,18.13,18.13,18.53,18.87,19.40,19.40,19.17,19.00,20.30,22.00,24.03,27.87,29.67,30.40,30.40,30.33,30.33,29.97,29.33,28.07,26.60,26.60,27.63,28.90,30.80,30.97,30.97,30.60,30.47,29.40,28.63,26.87,26.87,27.63,30.07,30.67,30.67,29.70,29.00,27.83,25.33,23.20,20.47,19.57,19.27,19.27,19.90,21.47,23.27,25.53,28.50,28.90,28.97,28.63,27.50,25.93,23.63,20.03,19.60,19.10,19.03,17.90,17.83,18.03,18.03,18.07,18.37,18.83,18.83,18.50,18.43,18.03,18.43,18.27,18.33,18.33,18.33,18.37,17.97,18.13,18.17,18.33,19.07,19.07,19.07,18.70,18.70,18.63,18.20,17.70,18.03,18.10,18.50,18.50,18.50,18.37,17.97,17.43,17.47,18.13,18.13
17.83,18.20,18.67,18.17,17.77,17.57,17.57,18.17,18.27,18.17,18.13,18.13,17.83,17.83,17.83,17.73,17.77,18.00,18.40,18.47,18.47,18.77,18.77,19.00,18.93,18.93,18.70,18.70,18.67,18.63,18.67,18.27,18.33,18.33,18.67,18.67,18.43,18.20,18.20,18.00,17.80,18.00,18.47,18.57,19.10,19.20,19.30,19.37,19.60,20.20,19.60,18.27,18.30,18.80,19.67,19.33,19.00,18.97,18.53,18.10,18.10,18.80,18.87,19.40,19.17,19.00,19.00,19.70,21.63,24.03,26.70,29.53,30.40,30.40,30.33,30.33,29.93,29.33,27.50,26.27,26.10,27.07,28.30,30.57,30.80,30.60,30.60,30.40,29.80,28.57,26.40,26.40,27.03,29.57,30.63,30.63,30.27,29.37,27.90,26.10,24.03,20.87,19.70,19.23,19.23,19.27,19.90,21.77,23.97,25.73,28.50,28.90,28.63,27.67,26.83,25.03,21.90,19.93,19.23,19.10,17.90,17.83,18.07,18.07,18.00,18.00,18.83,18.83,18.47,18.43,18.10,18.47,18.50,18.60,18.77,18.37,18.67,18.33,18.33,18.33,18.33,19.13,19.13,19.13,18.63,18.20,18.20,18.10,18.03,18.77,18.83,18.77,18.90,19.03,19.03,18.50,17.47,18.30,17.60,17.60
17.63,18.20,18.67,18.20,17.80,17.57,17.80,18.47,18.47,18.23,18.23,18.13,17.83,17.83,18.73,18.73,18.30,18.13,18.13,18.40,18.33,18.47,18.17,18.93,18.57,18.83,18.83,18.70,18.63,18.37,18.67,18.67,18.67,18.27,18.33,18.13,18.53,18.13,18.20,18.00,18.00,18.13,18.47,18.37,18.57,19.17,19.17,19.30,18.80,18.53,18.53,18.10,18.27,18.30,18.87,19.60,19.60,19.00,18.57,18.10,18.10,18.80,18.80,18.87,18.77,18.67,18.90,19.40,21.30,23.70,26.70,29.20,30.07,30.20,30.20,30.43,30.30,29.93,27.33,25.27,24.87,25.10,27.93,30.53,30.70,30.57,30.57,30.40,29.80,28.57,26.40,25.90,27.00,28.50,29.93,30.40,30.40,29.70,29.20,27.37,24.77,21.13,19.70,19.23,19.03,19.03,19.53,19.83,22.37,25.50,26.53,27.80,27.80,27.67,27.40,25.40,23.57,20.37,19.23,19.03,18.27,17.83,17.83,17.93,18.53,18.53,18.53,18.63,18.03,18.03,18.03,18.10,18.10,18.87,18.87,18.67,18.37,18.30,18.33,18.33,18.33,18.47,18.47,18.30,18.30,18.30,18.87,18.10,17.70,17.93,18.77,18.77,18.60,18.60,18.60,18.50,18.37,18.50,18.13,17.60
17.50,17.63,18.17,17.37,17.37,17.33,17.83,17.97,18.47,17.97,18.33,18.07,18.07,18.07,18.77,18.77,18.30,18.13,18.57,18.67,18.57,18.57,18.97,18.97,18.93,18.70,18.70,18.63,18.63,18.37,18.67,18.83,19.00,18.67,18.67,18.30,18.60,18.13,18.20,18.20,18.20,18.13,18.53,18.53,18.57,18.37,18.20,18.30,18.53,18.53,18.30,17.90,18.30,18.50,18.60,19.60,19.60,18.97,18.57,18.10,18.80,18.93,18.93,19.37,18.77,18.67,18.87,19.60,21.30,23.70,26.37,29.27,30.07,30.30,30.70,30.70,30.30,29.50,27.33,24.47,24.30,24.53,27.93,29.37,30.97,30.97,31.07,30.40,29.70,28.57,26.67,26.40,26.40,28.27,29.50,30.40,30.43,30.40,29.23,27.40,25.00,21.90,19.60,19.17,19.17,19.37,19.83,19.83,20.70,22.43,25.90,27.17,27.67,27.67,27.60,25.40,24.57,21.40,19.50,19.07,18.37,18.37,18.17,18.27,18.27,18.53,18.47,18.33,17.93,18.23,18.10,18.10,18.23,18.87,18.87,18.27,18.13,18.13,18.57,18.57,18.80,18.80,18.47,18.30,18.30,18.33,18.33,18.10,18.57,18.57,18.77,18.77,19.10,19.10,18.60,18.50,18.63,18.63,18.33,17.60
17.57,17.80,18.20,17.50,17.80,17.97,17.97,18.47,18.47,18.47,18.83,18.37,18.37,18.37,18.87,18.67,18.30,18.30,18.73,19.23,19.23,19.07,18.80,18.80,18.17,18.17,18.27,18.60,18.60,18.37,18.37,18.83,18.83,18.13,18.70,18.70,18.70,18.40,18.57,18.40,18.37,18.37,18.37,18.37,18.77,18.80,18.30,18.30,18.30,18.30,18.30,18.00,18.30,18.50,18.60,18.87,19.27,18.87,18.57,18.57,18.93,18.93,18.50,18.50,18.73,18.87,19.60,19.77,20.67,24.03,26.37,28.27,29.93,30.17,30.43,30.43,30.17,28.63,26.63,24.47,23.97,24.47,27.93,29.27,30.70,30.90,31.00,30.57,29.67,28.87,26.67,25.80,25.80,28.27,29.50,29.87,30.33,30.33,29.47,27.73,25.83,23.40,19.60,19.10,19.03,18.97,19.37,19.53,19.53,21.27,23.40,26.53,27.47,27.60,27.60,25.40,23.97,21.73,20.53,19.27,19.00,18.70,18.00,17.80,18.27,18.63,18.53,18.50,18.10,18.33,17.97,17.97,17.93,18.23,18.47,18.30,18.37,18.30,18.37,18.37,18.80,18.63,18.63,18.30,18.20,18.30,18.03,17.63,17.93,17.87,17.93,18.57,18.93,18.93,18.57,18.50,18.63,18.63,18.37,18.27
17.57,17.57,17.50,17.50,18.50,18.60,18.10,17.97,18.10,17.97,18.83,18.37,18.37,18.37,18.67,18.67,18.03,18.57,18.73,19.23,19.17,19.07,18.80,18.80,18.80,18.27,18.43,18.53,18.53,18.30,18.37,18.83,18.83,18.83,18.97,19.03,18.60,18.30,18.20,18.33,18.33,18.37,18.37,18.53,18.80,18.60,18.30,18.30,18.63,19.00,18.30,18.00,18.00,18.27,18.33,18.50,18.87,18.87,18.67,18.67,18.97,19.00,19.00,19.00,18.93,19.23,19.63,19.77,21.33,24.03,27.63,29.27,29.93,29.97,30.17,30.17,29.50,28.57,26.23,23.97,23.63,23.97,25.90,28.67,29.77,30.40,30.90,30.40,29.50,28.03,26.67,25.77,25.77,27.37,28.93,29.50,30.27,30.33,29.73,27.73,26.40,23.40,21.40,19.17,19.00,18.63,18.97,18.77,19.27,19.40,22.43,24.77,27.30,27.57,27.57,25.20,24.37,21.73,20.53,19.73,19.07,18.73,18.30,18.00,18.00,18.63,18.63,18.60,18.33,18.33,17.97,18.23,18.23,18.23,18.27,18.30,18.53,18.53,18.87,18.57,18.93,18.93,18.63,18.63,18.03,18.20,18.00,18.00,18.57,18.10,18.57,18.93,19.17,18.93,18.57,18.50,18.37,18.43,18.33,18.27
18.40,18.40,18.27,18.60,18.57,18.60,18.60,18.60,18.67,18.67,18.67,18.37,18.37,18.37,17.43,17.90,17.90,18.50,18.50,18.53,18.60,18.37,18.60,18.80,18.80,18.43,18.43,18.60,18.60,18.37,18.07,18.07,17.93,18.13,18.53,18.80,18.53,17.73,18.00,18.27,18.33,18.37,18.37,18.53,18.80,18.80,18.60,17.97,18.30,19.00,18.47,18.00,17.93,18.27,18.27,18.27,18.87,18.70,18.57,18.53,18.47,18.53,18.73,18.73,18.93,19.07,19.43,19.77,21.23,23.23,28.07,29.87,29.93,30.13,30.13,30.13,29.30,28.13,26.23,24.37,23.27,23.63,25.50,28.50,29.13,30.40,30.90,30.50,29.37,27.30,26.80,25.10,25.10,25.43,28.07,29.50,30.17,30.27,30.17,28.63,26.73,23.40,22.50,19.70,19.10,18.63,18.67,18.67,19.27,19.40,20.37,23.30,25.00,27.27,26.67,25.20,24.37,21.90,20.53,19.73,18.63,18.63,18.30,18.00,18.00,18.70,18.70,18.90,18.60,18.40,17.60,17.97,17.93,18.20,18.47,18.53,18.57,18.57,18.57,18.37,18.23,18.13,18.13,18.20,18.17,18.67,18.00,18.00,18.00,18.73,18.73,19.43,19.43,18.93,18.80,18.17,18.00,18.27,18.27,18.27
18.27,18.27,18.27,18.50,18.57,18.60,18.57,18.10,18.30,18.17,18.17,18.13,18.10,18.13,17.43,18.47,17.93,19.07,18.50,18.87,18.47,18.47,18.47,18.43,18.43,18.13,18.43,18.70,18.70,18.03,17.97,17.90,17.63,18.53,18.53,18.53,18.33,17.73,18.20,18.27,18.27,18.33,18.00,18.00,18.53,18.60,18.90,18.47,18.47,18.47,18.27,18.10,17.93,18.00,18.00,18.13,18.57,18.57,18.40,18.47,18.47,18.73,19.00,19.00,19.03,19.23,19.30,19.73,21.33,23.23,27.63,29.87,30.00,30.17,30.17,30.13,28.83,27.93,26.37,23.33,23.17,23.27,25.50,28.07,29.13,30.40,30.43,30.40,29.37,27.67,27.10,24.33,24.03,24.67,26.37,29.30,29.67,29.67,29.07,28.67,27.10,25.70,22.67,20.07,19.10,18.63,18.67,18.97,19.27,19.40,20.20,22.00,23.30,25.00,25.20,25.13,24.37,22.17,20.93,20.07,18.60,18.63,18.37,18.80,18.20,18.67,18.67,18.90,18.63,18.60,18.13,18.90,18.90,18.70,18.70,18.80,18.87,18.87,18.87,18.80,18.23,18.13,18.17,18.67,18.23,18.73,18.77,18.93,18.87,18.93,18.93,19.43,19.43,19.00,18.80,18.57,18.57,18.53,18.53,18.63
17.87,18.40,18.53,18.53,18.57,18.57,18.60,18.30,18.67,18.27,18.10,18.10,18.10,18.47,17.77,17.77,18.10,18.10,18.50,18.87,18.87,18.73,18.47,18.43,17.97,17.97,18.13,18.70,18.73,18.30,18.07,17.90,17.63,18.00,18.07,18.03,18.03,18.03,18.33,18.27,18.27,18.27,17.83,17.87,18.00,18.00,18.50,18.00,18.40,18.27,18.10,18.00,18.00,18.00,17.80,17.80,18.70,18.83,18.57,18.47,18.47,18.93,18.93,19.00,19.00,19.30,19.43,19.83,21.23,23.83,26.60,29.73,30.00,30.13,30.13,29.90,28.50,27.63,26.37,23.33,22.50,23.17,25.47,27.90,29.50,30.07,30.17,30.07,29.37,27.93,26.80,24.33,23.80,24.03,25.43,28.40,29.33,29.30,29.10,29.03,28.20,26.00,23.23,20.60,19.40,18.57,18.57,18.77,19.23,19.23,19.80,19.87,22.00,23.30,24.20,23.80,23.33,22.17,20.93,19.53,18.63,18.63,18.37,18.23,18.23,18.53,18.53,18.70,18.63,18.57,18.57,19.10,19.10,18.70,18.57,18.70,18.57,18.77,18.57,18.53,17.93,18.13,18.50,18.63,18.67,18.67,18.93,18.77,18.77,18.87,18.87,18.93,19.00,18.57,18.57,18.57,18.53,18.50,18.63,18.67
17.87,17.87,18.40,18.40,18.53,18.10,18.67,18.13,18.30,18.10,18.00,18.00,18.33,18.33,18.33,18.03,18.10,18.10,18.47,18.47,18.87,18.73,18.47,18.10,17.97,17.97,18.10,18.13,18.30,18.10,18.10,18.00,18.27,18.20,18.40,18.20,18.60,18.60,18.50,18.47,18.40,18.40,18.00,18.00,18.30,18.50,19.00,18.47,18.47,18.27,18.10,18.00,18.00,17.80,17.80,17.80,17.87,18.57,18.53,18.53,18.47,19.03,19.03,19.07,19.30,19.50,19.73,20.27,21.47,24.87,26.60,29.70,29.80,29.97,30.17,29.90,28.50,27.93,25.67,22.50,21.83,21.83,25.33,27.47,29.50,29.90,30.07,30.17,29.60,28.77,27.47,24.33,23.80,23.80,24.40,27.90,29.03,29.13,29.10,29.03,28.67,25.70,23.70,20.60,19.00,18.27,18.77,18.77,18.43,18.23,18.43,18.90,20.53,21.47,21.67,21.90,21.73,21.40,21.17,19.53,19.53,18.83,18.83,18.23,18.23,18.47,18.53,18.53,18.40,18.40,18.43,19.13,19.43,19.43,18.57,18.53,18.53,18.53,18.37,18.30,18.30,18.50,18.70,18.70,18.23,18.23,18.93,18.77,18.67,18.67,18.57,18.57,18.30,18.33,18.33,18.30,18.53,18.53,18.77,18.80
18.50,18.50,18.40,18.40,18.17,18.17,18.67,18.53,18.53,18.00,18.00,18.00,18.33,17.87,18.03,17.77,18.03,18.03,18.20,18.37,19.03,18.43,18.03,17.87,17.87,17.83,17.83,18.10,18.30,18.30,18.30,18.27,18.40,18.20,18.20,18.20,18.60,18.60,18.50,18.40,18.47,18.47,18.30,18.20,18.20,18.00,18.50,18.00,18.57,18.00,18.00,17.80,18.00,17.80,17.80,17.87,17.87,18.10,18.10,18.53,18.57,18.93,18.93,19.00,19.00,19.07,19.73,20.40,21.47,24.97,26.47,28.77,29.80,29.97,29.97,29.90,29.73,27.97,24.23,22.50,21.73,21.73,25.30,26.27,29.30,29.90,30.07,30.07,29.60,29.03,26.70,24.30,22.60,22.60,24.27,26.10,27.93,29.13,29.13,29.03,28.33,26.00,24.30,20.60,19.17,19.13,19.00,18.77,18.77,18.23,18.20,18.20,18.90,20.93,20.97,20.97,20.90,20.90,19.77,18.00,18.00,18.17,19.17,18.17,18.47,18.40,18.70,18.40,18.40,17.73,17.60,18.43,19.13,18.27,18.10,18.27,18.37,18.27,17.90,18.20,18.20,18.63,18.70,18.63,18.23,18.23,18.37,18.37,18.37,18.40,18.40,18.27,18.27,18.27,18.07,18.20,18.27,18.27,18.67,18.67
18.50,18.50,18.07,18.40,18.17,18.90,18.90,18.53,18.30,18.13,18.30,18.07,18.33,18.10,18.10,17.87,18.03,18.03,18.20,18.20,18.67,18.57,18.30,18.03,17.93,17.93,17.93,18.10,18.10,18.10,18.40,18.40,18.40,18.40,18.50,18.63,18.50,18.50,18.37,18.30,18.40,18.47,18.47,18.20,18.20,18.00,19.00,18.67,18.67,18.57,18.57,17.80,17.80,17.80,17.87,17.87,17.87,18.10,18.00,18.10,18.47,18.47,18.47,18.90,19.00,19.07,19.83,20.40,21.47,24.97,26.40,28.73,29.80,30.17,30.13,30.07,29.73,27.97,24.23,22.23,21.67,21.67,24.57,26.27,28.80,29.87,30.40,30.33,29.77,29.30,26.70,24.23,22.60,22.60,23.57,25.30,27.93,28.53,28.80,28.80,28.33,26.43,24.93,21.33,19.27,19.17,19.17,19.17,18.87,18.27,18.23,18.23,19.10,20.47,20.47,20.17,19.80,19.77,19.07,18.33,18.00,18.33,18.93,18.83,19.17,18.47,19.20,18.60,18.60,17.73,17.60,18.13,18.63,18.63,18.27,18.27,18.10,18.27,18.20,18.27,18.30,18.40,18.70,18.33,17.80,18.23,18.30,18.47,18.40,18.40,18.40,18.43,18.43,18.17,18.07,18.10,18.30,18.30,18.93,18.93
18.03,18.03,18.07,18.53,18.53,18.67,18.67,18.53,18.30,18.53,18.57,18.20,18.50,18.10,18.27,17.87,18.10,18.03,18.13,18.43,18.57,18.57,18.57,18.10,17.93,17.93,17.93,18.47,18.00,18.20,18.20,18.20,18.03,17.97,18.20,18.20,18.37,18.37,18.37,18.30,18.17,18.47,18.20,18.20,18.20,18.00,18.00,17.60,18.47,18.33,17.80,17.80,18.37,18.37,18.47,18.13,18.50,18.13,18.10,18.27,18.27,18.33,18.33,18.33,18.90,19.07,19.43,20.00,21.13,23.73,26.40,28.67,29.80,30.20,30.07,30.00,29.20,27.90,25.57,22.23,21.50,21.60,23.20,25.87,28.00,30.10,30.10,29.97,29.73,29.53,26.70,24.23,22.93,22.93,23.27,23.93,27.50,28.53,28.80,28.80,28.30,26.73,25.63,22.10,19.80,19.17,18.70,18.53,18.53,18.87,18.90,19.10,19.10,19.37,19.33,19.33,19.33,19.07,18.77,18.33,18.07,18.17,18.73,18.73,18.30,18.40,18.47,18.60,18.60,18.13,18.07,18.13,18.07,18.27,18.27,18.37,18.10,18.27,18.27,18.27,18.20,18.40,18.77,18.33,17.83,18.33,18.30,18.47,18.30,18.37,18.37,18.17,18.43,18.17,18.17,18.17,18.20,18.20,18.77,18.77
17.83,17.83,18.07,18.53,18.53,18.53,18.67,17.93,18.27,18.27,18.63,18.63,18.50,18.13,18.13,18.10,17.80,17.80,17.87,17.97,18.13,18.50,18.57,18.30,18.30,18.47,18.67,18.63,17.90,17.73,17.70,18.20,18.03,18.23,17.80,17.80,18.37,18.37,18.37,18.30,17.67,17.97,18.17,19.50,19.40,18.80,18.30,17.90,18.33,18.47,18.67,18.67,18.57,18.47,18.53,18.50,18.97,19.27,19.17,18.53,18.17,18.27,18.33,18.90,18.93,19.13,19.17,19.43,20.00,23.43,26.40,28.67,29.33,29.80,30.07,29.73,28.23,27.53,25.57,21.60,21.20,21.20,23.20,25.87,27.37,29.53,30.10,30.17,29.77,29.60,27.50,25.17,22.93,22.47,22.60,23.77,26.83,28.53,28.80,29.10,28.90,27.83,26.20,23.23,20.00,19.40,19.27,18.70,18.50,18.80,19.10,19.37,19.10,19.07,19.07,19.07,18.67,18.10,18.67,18.40,18.40,18.33,18.17,18.17,18.17,18.30,18.47,18.63,18.63,18.83,18.83,18.83,18.63,18.37,18.37,18.37,18.47,18.47,18.47,18.47,18.30,18.20,18.20,18.37,18.37,18.37,18.20,18.20,18.20,18.43,18.57,18.57,18.93,18.90,18.37,18.27,18.27,18.70,18.77,18.77
17.70,17.70,17.47,18.50,18.50,18.50,18.00,17.70,17.70,17.97,17.97,17.97,18.27,18.07,18.13,18.07,17.80,17.87,17.90,18.13,18.13,18.10,18.10,17.83,17.83,17.83,18.07,18.07,17.90,17.73,17.70,18.03,17.70,17.70,17.70,18.03,18.03,18.37,18.37,18.60,18.00,17.97,17.97,18.80,18.80,18.80,18.30,17.90,18.20,18.20,18.67,19.03,19.03,18.93,18.83,18.83,19.30,19.43,19.30,18.70,18.27,18.10,18.10,19.40,19.17,19.13,19.17,19.30,20.23,22.97,26.13,28.30,28.87,29.33,29.33,29.20,28.07,27.47,25.03,21.50,20.30,20.30,23.20,25.83,27.17,29.30,30.10,29.97,29.73,29.23,27.53,25.97,22.93,22.33,22.47,23.27,26.43,27.37,28.80,29.13,28.67,27.83,25.67,23.63,20.40,19.80,19.40,18.50,18.50,18.80,18.90,18.90,18.60,18.60,18.67,18.67,18.10,18.10,18.40,18.67,18.87,18.40,18.73,18.00,18.00,18.07,18.17,19.03,18.63,19.10,18.83,18.83,18.83,18.60,18.83,18.47,18.47,18.23,18.30,18.23,18.17,18.07,18.23,18.37,18.67,18.37,18.47,18.13,18.20,18.43,18.63,18.57,18.70,18.17,18.27,18.20,18.20,18.20,18.67,18.67
17.83,18.63,18.63,18.50,18.50,18.00,18.00,17.57,18.27,17.90,17.97,17.97,18.27,18.13,18.07,18.13,17.80,18.20,17.90,18.20,18.67,18.10,17.93,17.83,17.83,17.67,17.67,17.77,17.77,17.73,17.70,18.27,17.93,18.27,17.97,18.03,18.03,18.37,18.63,18.37,18.73,17.97,18.73,18.77,18.80,18.80,18.30,18.23,18.20,18.20,18.87,18.87,18.67,18.57,18.57,18.83,18.97,19.30,18.70,18.67,18.10,18.10,18.47,19.40,19.40,19.17,19.30,19.30,20.23,22.93,25.50,28.30,28.87,29.07,29.30,29.07,28.07,26.23,23.90,21.60,20.20,20.20,22.17,25.13,26.63,29.17,29.30,29.97,29.97,29.57,28.63,25.97,23.17,22.33,22.53,22.73,24.13,26.63,28.67,29.13,28.67,27.67,25.93,24.03,21.70,19.80,19.60,19.10,19.23,18.80,18.73,18.67,18.50,18.20,18.20,18.27,18.37,18.67,18.67,18.87,18.90,18.63,18.63,18.03,18.07,18.10,18.17,19.03,19.03,18.97,18.80,18.80,18.60,18.60,18.80,18.63,18.63,18.47,18.43,18.27,18.23,18.23,18.23,18.27,18.47,18.27,18.13,18.13,18.60,18.63,18.80,19.30,19.30,18.60,18.27,18.27,18.27,18.47,18.67,18.67
18.63,18.63,18.60,18.50,18.50,17.97,17.97,17.57,18.47,18.47,18.27,18.07,18.10,18.07,18.10,18.07,18.30,18.30,18.60,18.83,18.67,18.47,17.83,17.93,17.83,18.00,17.67,17.77,18.07,18.17,18.73,18.27,18.27,17.93,18.07,18.03,18.07,18.37,18.63,18.70,18.73,18.27,18.77,18.77,18.80,18.80,18.37,18.27,18.20,18.20,18.67,18.87,18.87,18.93,18.00,18.40,18.40,19.43,19.13,18.67,17.93,17.87,17.87,18.47,19.77,19.60,19.80,20.03,20.27,22.23,24.43,27.67,28.87,28.97,29.07,29.07,28.07,26.23,23.80,21.27,20.07,20.07,21.67,23.07,26.50,28.80,28.87,29.10,29.87,29.87,27.53,25.97,25.00,22.67,21.83,22.73,24.13,26.03,28.07,28.63,28.57,27.50,25.93,24.27,22.03,19.80,19.60,18.00,19.60,19.23,19.23,18.63,18.50,18.30,17.77,18.27,18.37,19.27,18.80,19.27,18.90,18.63,18.53,18.53,18.33,18.10,18.10,18.73,18.40,18.80,18.50,18.50,18.50,18.53,18.80,18.83,18.83,18.50,18.43,18.17,18.20,18.10,18.23,18.03,18.27,18.13,18.73,18.67,18.67,18.67,19.00,19.00,19.00,18.07,18.07,18.20,18.20,18.20,18.37,18.37
18.63,18.63,18.60,18.60,18.60,17.97,17.87,17.60,18.47,18.47,18.63,18.40,18.27,18.47,18.10,18.03,17.87,18.30,18.60,18.60,18.30,18.13,17.93,18.00,18.00,18.17,18.20,18.33,18.17,17.77,18.17,18.73,18.80,17.93,18.63,18.63,18.63,18.37,18.53,18.33,18.70,18.27,18.33,18.30,18.40,18.40,18.03,18.13,18.13,18.23,18.37,18.37,18.40,18.40,18.00,18.40,18.30,18.40,18.30,18.30,18.27,18.33,18.47,19.60,19.77,19.37,19.37,19.70,20.27,21.63,24.43,27.67,28.97,29.07,29.07,28.90,27.83,26.57,23.80,22.17,20.20,20.20,21.50,23.07,25.50,26.83,29.00,29.03,29.87,29.87,28.60,25.97,25.00,22.87,21.73,22.73,24.13,25.73,28.00,28.50,28.57,27.50,26.53,24.27,22.03,19.80,19.60,19.07,19.60,18.00,18.63,18.63,18.63,18.63,18.43,18.63,18.47,19.27,18.80,19.47,19.13,18.53,18.53,18.53,18.33,17.90,18.10,18.17,18.40,18.40,18.70,18.70,18.53,18.53,18.73,19.13,18.83,18.53,18.50,18.27,18.27,18.27,18.13,18.00,18.03,18.17,18.57,18.67,18.67,18.60,19.00,19.00,19.00,18.77,18.07,18.20,18.20,18.43,18.37,18.37
18.20,18.13,18.13,18.60,18.50,18.07,17.87,17.87,18.47,18.50,18.50,18.20,18.10,18.10,18.13,18.03,18.30,18.57,18.60,18.57,18.13,18.13,17.87,18.00,18.00,18.20,18.30,18.33,18.30,18.17,18.17,18.53,18.73,18.67,18.83,19.00,19.00,18.37,18.33,18.17,18.10,18.07,18.27,18.30,18.40,18.40,18.40,18.13,18.27,18.27,18.67,18.37,18.80,19.00,18.40,18.57,18.53,18.60,18.57,18.90,18.33,18.17,18.17,18.63,19.37,18.63,19.00,19.67,19.97,21.63,23.67,26.53,28.90,29.23,29.23,29.17,27.83,26.67,24.37,22.60,20.30,20.30,21.50,22.83,24.87,26.73,28.07,28.77,29.47,28.83,28.60,26.50,25.27,22.87,21.70,21.70,23.20,25.00,27.23,28.00,28.23,27.27,26.70,24.27,22.03,20.13,19.80,19.07,19.60,18.60,18.63,18.57,18.57,18.57,18.57,18.57,18.37,18.50,18.63,19.47,19.47,18.53,18.33,18.30,18.13,17.90,18.30,18.30,18.40,18.17,18.67,18.67,18.67,18.53,18.73,19.13,18.50,17.87,18.10,18.17,18.77,18.77,18.13,18.00,17.83,18.17,18.57,18.67,19.03,18.43,18.43,18.43,18.07,18.07,17.83,18.23,18.23,18.23,18.37,18.37
18.20,18.13,18.13,18.43,18.27,18.13,17.87,17.87,17.87,18.50,18.20,18.20,17.43,18.67,18.13,18.13,18.20,18.57,18.57,18.10,18.10,18.10,17.87,18.00,18.17,18.40,18.73,18.73,18.10,18.10,18.80,18.83,18.83,18.83,18.83,18.90,18.47,18.33,18.33,18.30,18.17,18.10,18.33,18.33,18.53,18.33,18.53,18.33,18.57,18.13,18.37,18.37,19.00,18.40,18.40,18.27,18.07,18.30,18.30,18.57,18.57,18.83,18.73,18.73,18.67,18.63,18.67,19.67,19.97,22.33,24.33,26.53,28.17,29.37,29.23,28.90,27.27,26.63,24.67,22.60,21.63,21.40,21.70,23.13,24.63,26.73,28.37,28.53,29.47,28.83,28.83,26.97,25.53,23.67,21.70,21.70,23.17,24.90,26.40,28.23,28.23,28.03,26.70,24.47,23.33,20.90,19.60,19.13,19.33,19.13,18.60,18.57,18.60,18.93,18.90,18.87,18.87,18.63,19.47,19.47,19.47,18.67,18.67,18.67,18.67,18.37,18.37,18.40,18.90,18.47,18.67,18.67,18.73,18.73,18.57,18.27,17.83,17.93,18.10,18.77,18.83,18.93,18.67,18.97,18.10,18.27,18.27,18.43,18.43,18.43,19.13,18.60,18.07,18.07,18.07,18.43,18.43,18.37,18.47,18.53
18.23,18.13,18.13,18.13,18.20,18.07,17.77,17.87,18.50,18.60,18.50,18.03,17.37,17.70,17.73,18.03,18.20,18.23,18.23,17.97,17.67,17.87,18.23,18.00,18.40,18.40,18.30,18.17,18.10,18.10,18.83,18.80,18.80,18.67,18.67,18.60,18.47,18.43,18.33,18.30,18.30,18.07,18.37,18.60,18.70,18.53,18.53,18.57,18.57,17.97,18.07,18.37,19.17,18.37,18.27,18.00,18.00,18.33,18.37,18.57,18.57,18.73,18.73,18.63,18.67,18.63,18.97,19.67,20.40,22.33,24.33,26.67,28.17,28.63,29.37,29.17,27.27,26.50,24.67,22.70,22.13,21.40,22.13,22.90,24.87,26.63,28.37,28.53,28.77,28.77,28.57,26.83,25.90,23.93,22.50,22.50,23.20,24.60,26.37,27.10,28.03,27.77,27.10,25.80,23.77,20.90,20.20,19.13,19.33,19.80,19.80,19.53,18.93,19.03,19.03,18.87,18.87,19.53,19.53,19.53,19.07,18.67,18.33,18.67,18.67,18.67,18.40,18.77,18.77,18.47,18.47,18.47,18.93,18.67,18.33,17.93,17.77,17.93,18.10,18.83,18.83,18.93,18.33,18.67,18.33,18.27,18.27,18.37,18.60,18.60,18.60,18.60,18.13,18.50,18.57,18.50,18.47,18.37,18.63,18.80
18.93,18.63,18.23,18.13,18.10,18.10,17.77,17.77,17.77,18.50,18.60,18.60,18.10,18.10,17.73,17.80,18.03,18.20,18.23,17.97,18.10,17.93,18.30,18.23,18.83,19.17,18.20,18.17,18.10,18.10,18.80,18.80,18.80,18.57,18.57,18.47,18.43,18.43,18.37,18.37,18.30,18.30,18.47,18.80,18.83,18.83,18.40,18.57,18.40,18.07,18.07,18.37,19.17,18.37,18.37,18.27,18.00,18.03,18.23,18.27,18.37,18.27,18.73,18.10,18.67,18.67,19.13,20.10,20.73,21.10,24.33,26.67,28.17,28.63,28.73,28.73,27.87,26.03,24.67,22.27,22.13,21.63,22.13,23.13,24.80,26.33,28.30,28.47,28.67,28.67,28.57,27.23,25.90,24.77,22.50,22.33,23.07,24.57,26.03,27.10,27.87,27.77,27.33,25.83,23.77,21.60,20.20,19.33,19.80,19.87,19.87,19.53,19.53,19.43,19.43,19.43,19.53,19.53,19.53,18.93,18.83,18.77,18.77,18.83,18.83,18.67,18.63,18.90,19.30,18.90,19.23,18.97,18.97,18.93,18.70,18.57,18.07,18.77,18.83,18.83,18.33,18.33,18.67,18.70,18.93,18.27,18.27,18.27,18.63,18.63,18.60,18.83,18.27,18.50,18.57,18.57,18.70,18.70,18.77,18.80
18.93,18.63,18.23,18.23,18.07,18.10,17.73,17.73,18.30,18.50,18.67,18.10,18.27,18.10,18.20,17.80,17.80,18.23,18.23,18.10,18.30,18.30,18.40,18.40,18.83,18.50,18.17,18.10,18.20,18.10,18.57,18.10,18.17,17.93,18.20,18.60,18.20,17.53,17.53,17.23,17.70,17.70,17.77,18.80,18.83,18.83,18.00,18.00,17.97,17.83,17.97,18.70,19.00,18.80,18.60,18.37,18.23,18.33,18.23,18.33,18.37,18.13,18.13,18.07,18.53,18.53,19.13,19.67,19.70,21.07,23.77,26.37,27.43,28.30,28.47,28.47,27.87,26.50,24.97,23.13,22.20,21.93,21.93,22.90,24.80,26.30,27.97,28.30,28.57,28.67,28.57,27.23,25.90,24.77,22.67,22.40,22.97,24.03,25.77,26.03,27.10,26.97,26.17,25.83,23.30,21.40,20.80,20.10,19.87,19.93,20.03,20.03,19.90,19.90,20.03,19.93,19.93,19.63,19.53,18.83,18.83,18.93,19.83,19.73,18.93,18.83,18.93,19.30,19.30,18.73,18.97,18.97,19.03,18.97,18.70,18.50,18.43,18.43,18.27,18.33,18.33,18.47,18.70,18.70,19.13,18.60,18.93,18.67,18.97,18.63,18.60,18.63,18.63,18.83,18.50,18.50,18.70,18.70,18.70,18.07
18.70,18.63,18.23,18.27,18.30,18.30,18.10,17.73,18.30,18.30,18.73,18.10,18.27,18.20,18.27,18.27,18.27,18.47,18.73,18.47,18.30,18.30,18.30,18.50,18.50,18.77,18.07,18.10,18.37,18.37,18.17,17.90,17.87,17.87,17.93,18.43,18.27,18.00,17.73,17.73,17.70,17.77,18.50,18.80,18.80,18.83,18.57,18.40,18.40,18.07,18.07,18.37,18.70,18.60,18.60,18.37,18.23,18.20,18.23,18.23,18.37,19.10,18.80,18.40,18.40,18.40,18.83,19.27,19.70,21.07,23.63,25.93,27.43,27.87,28.17,28.17,27.70,27.00,24.47,22.60,22.20,21.93,21.90,22.37,23.50,25.10,26.90,28.30,28.67,28.67,28.60,27.23,26.10,24.90,22.97,22.33,22.40,22.77,24.57,25.87,26.00,26.13,25.83,25.10,22.97,21.60,21.40,21.27,20.10,20.10,20.37,20.37,20.50,20.30,20.30,20.13,20.07,20.07,20.07,18.93,19.80,18.93,19.83,19.67,19.63,18.93,18.93,19.30,19.30,19.03,18.97,18.97,18.97,18.97,18.97,18.50,18.77,18.77,18.47,18.27,18.47,18.77,18.80,18.70,18.67,18.50,18.60,18.63,19.07,18.63,18.50,18.63,18.50,19.07,18.37,18.50,18.37,18.30,18.30,18.07
17.93,18.23,18.23,18.27,18.27,18.27,18.23,18.47,18.97,18.73,18.73,17.97,17.83,17.83,18.27,18.63,18.27,18.33,18.33,17.87,18.27,18.50,18.50,18.50,18.50,18.57,18.10,18.10,18.23,18.23,18.17,17.77,17.77,17.83,18.30,18.30,18.27,18.00,17.70,17.73,18.47,18.50,18.73,18.50,18.80,18.00,18.00,17.97,18.10,18.37,18.37,18.40,18.70,18.57,17.97,17.97,17.90,18.20,18.37,18.37,18.43,19.10,19.17,18.80,18.80,18.83,18.87,19.17,19.60,20.10,22.90,25.10,27.43,27.87,28.17,28.10,27.70,27.00,25.23,23.17,22.20,21.43,21.67,22.37,23.13,25.07,26.80,27.53,28.40,28.63,28.60,27.83,26.17,25.63,23.80,22.40,21.83,22.17,23.40,24.57,25.27,25.33,25.10,24.70,22.97,22.33,21.43,21.30,20.67,20.67,20.83,20.83,21.07,20.50,21.10,20.20,20.13,20.07,20.17,20.07,19.83,19.80,19.97,19.97,19.63,19.33,19.33,19.37,18.90,18.50,18.50,18.83,18.97,19.03,18.63,18.43,18.50,18.23,18.47,18.27,18.70,18.77,18.77,19.17,18.67,18.67,18.60,18.60,18.63,18.70,18.70,18.70,18.50,18.43,18.37,18.37,18.30,18.30,18.30,18.20
18.03,17.50,18.07,18.27,18.27,18.23,18.13,18.27,18.27,18.47,18.37,18.37,18.07,17.83,18.03,17.80,18.03,18.33,18.73,18.63,18.83,18.83,18.90,19.00,18.57,18.57,18.10,18.10,18.67,18.67,17.77,17.60,17.73,18.57,18.43,18.43,18.27,18.03,18.00,18.00,18.47,18.47,18.50,18.50,18.80,18.53,18.57,18.57,18.57,18.43,18.40,18.40,18.57,18.17,18.17,18.17,19.00,18.17,18.17,18.17,18.37,19.10,19.17,18.90,18.80,19.17,19.17,19.17,19.60,20.10,22.70,24.60,27.63,27.87,28.17,28.10,27.67,26.57,25.00,22.60,21.70,21.43,21.67,22.13,23.03,24.07,25.20,27.27,28.23,28.63,28.60,27.10,26.60,25.63,23.97,22.03,21.83,21.57,22.17,23.73,24.23,24.03,24.70,24.13,22.87,22.10,21.43,21.30,20.87,21.30,20.90,20.90,21.07,21.07,21.10,20.77,20.77,20.17,20.17,20.07,20.07,20.07,19.90,19.90,19.63,19.37,19.37,19.90,19.03,18.73,18.73,18.50,18.83,18.97,18.97,18.60,19.03,19.10,19.17,18.47,18.70,18.73,18.80,18.73,18.67,18.67,18.67,18.03,18.03,18.47,18.70,18.70,18.50,18.43,19.03,19.03,18.50,18.30,18.40,18.40
17.93,17.93,18.07,18.07,18.23,18.27,18.23,18.47,18.27,18.47,18.37,18.37,18.07,17.80,17.83,17.80,18.03,17.87,18.37,18.13,18.70,18.83,18.87,18.80,18.50,18.10,18.10,18.10,18.67,18.37,18.23,17.77,17.77,18.57,18.37,18.57,18.13,18.03,18.03,18.47,18.47,18.47,18.27,18.73,18.53,18.53,18.23,18.37,18.37,18.40,18.40,18.50,18.77,18.50,18.17,18.17,19.13,19.00,18.17,18.17,18.17,18.37,18.37,18.70,18.90,19.40,19.40,19.27,19.60,20.10,22.33,23.37,26.03,27.77,28.00,28.00,26.90,26.03,25.00,22.87,21.70,21.43,21.90,22.17,23.40,23.80,25.20,26.50,27.57,28.63,28.63,27.37,26.93,25.63,24.63,22.03,21.83,21.63,21.83,22.17,23.73,23.73,24.03,23.73,22.80,22.10,21.53,21.03,21.03,21.53,21.40,21.07,21.07,21.10,21.10,20.67,20.13,19.90,20.03,20.13,20.13,20.20,20.10,19.97,19.87,19.87,19.87,19.90,19.20,18.80,18.77,18.70,18.70,18.70,18.63,18.63,18.67,18.90,19.27,18.80,18.70,18.17,18.70,18.73,18.93,18.93,18.90,18.17,18.03,17.87,19.07,18.50,19.07,18.50,19.13,19.03,18.73,18.57,18.20,18.20
18.03,17.83,17.50,17.53,18.13,18.40,18.40,18.47,18.27,18.27,18.17,18.47,18.37,17.80,17.80,17.80,17.90,17.90,18.63,18.63,18.67,18.57,18.57,18.57,18.10,18.03,17.87,18.70,18.70,18.67,18.67,18.67,18.67,18.57,18.47,18.57,18.13,18.03,17.63,18.23,18.23,18.27,18.03,18.77,18.53,18.67,18.23,18.37,18.37,18.40,18.17,18.40,18.50,18.50,18.40,18.40,18.40,18.17,18.17,18.43,19.13,19.13,18.63,18.63,18.93,19.27,19.10,19.10,19.60,20.23,21.70,23.37,25.73,27.50,27.77,26.83,26.43,26.03,25.00,22.87,21.70,21.70,21.90,22.17,23.10,23.80,25.17,26.50,27.97,28.30,28.30,27.37,26.93,25.67,24.63,22.60,21.83,21.83,21.83,21.70,22.90,22.93,23.17,22.57,22.00,21.90,21.13,21.03,21.53,21.77,21.77,21.67,21.90,21.43,20.93,20.67,20.67,20.77,20.27,20.27,20.27,20.47,20.47,20.40,19.90,19.87,19.87,19.23,19.20,19.20,19.20,19.20,19.33,19.27,19.03,18.60,18.67,18.90,19.20,19.20,18.97,18.27,18.97,18.97,18.97,18.73,18.90,18.17,18.17,17.87,18.57,18.57,19.33,19.40,19.13,19.00,18.73,18.73,18.20,18.47
17.93,17.83,17.60,17.50,17.80,18.40,18.40,18.47,18.30,18.40,18.17,18.10,17.77,17.77,18.03,18.03,18.00,17.90,18.37,18.63,18.67,18.57,18.57,18.30,18.03,18.03,17.90,18.87,18.77,18.40,18.67,18.40,18.50,18.47,18.20,18.23,17.83,17.80,17.63,18.23,18.27,18.67,18.37,18.67,18.23,18.23,18.10,18.20,18.20,18.47,18.17,18.40,18.40,18.47,18.47,18.40,18.40,18.43,18.43,18.43,18.67,18.67,18.60,18.37,18.63,19.27,19.27,19.27,19.90,20.23,21.43,22.27,25.17,26.50,26.83,26.57,26.30,25.80,24.27,22.87,22.23,21.80,21.70,21.90,22.27,23.67,25.17,26.47,27.57,28.27,28.30,27.50,26.87,26.37,24.60,22.60,22.17,22.17,21.83,21.70,21.97,22.50,22.90,22.57,21.83,21.70,21.40,21.13,21.13,21.67,21.90,21.90,21.90,21.43,20.87,20.87,20.87,21.23,20.93,20.97,20.97,20.43,20.60,20.43,20.60,19.87,19.57,19.23,18.97,19.20,19.20,19.37,19.43,19.27,18.33,18.33,18.67,18.90,19.07,18.27,18.27,18.17,18.80,19.27,19.10,18.73,18.53,17.97,17.97,17.70,18.57,18.77,19.33,19.13,19.13,18.73,18.73,18.67,17.93,17.63
18.33,17.87,17.83,17.80,18.27,18.27,18.30,17.57,18.30,18.73,18.10,18.10,17.97,18.03,18.03,18.00,17.90,18.00,18.40,18.63,18.63,18.30,18.30,18.27,18.20,18.20,18.87,19.60,18.77,18.40,18.40,18.40,18.50,18.50,18.47,18.20,17.83,17.80,17.67,17.67,18.03,18.37,18.37,18.50,18.13,18.30,18.30,18.60,19.00,19.00,18.40,18.40,18.27,18.47,18.47,18.47,18.27,18.43,18.73,18.87,19.13,18.87,18.67,18.63,19.33,19.37,19.37,19.43,20.10,20.17,20.73,21.70,23.80,25.40,26.30,26.43,26.23,25.40,23.87,22.87,21.87,21.43,21.43,21.43,21.70,22.90,24.27,25.90,26.70,27.97,28.30,27.80,26.80,25.67,24.37,22.63,22.40,22.57,22.30,21.97,21.97,22.50,22.50,21.93,21.83,21.53,21.53,21.53,21.57,20.77,21.67,21.90,22.27,22.43,20.87,21.57,21.43,21.57,21.43,21.43,21.43,20.50,20.50,20.50,20.60,20.00,19.57,19.57,19.23,19.23,19.23,19.37,19.43,19.27,18.33,18.20,19.07,19.07,19.07,18.27,18.50,18.50,18.97,19.17,18.53,18.07,18.07,17.97,18.50,18.50,18.77,18.87,19.07,19.00,18.77,18.70,18.70,18.70,18.53,18.47
17.60,17.87,18.00,17.87,18.30,17.80,17.57,17.47,18.03,18.63,18.50,18.40,17.97,17.67,17.37,17.80,17.80,18.00,18.43,18.63,18.63,18.60,18.97,18.27,18.27,18.30,18.47,19.03,18.10,18.10,18.10,17.87,18.07,17.93,18.07,18.20,18.20,18.20,17.87,17.90,18.10,18.50,18.60,18.60,17.97,17.97,17.70,18.30,19.00,19.10,18.47,18.40,18.07,18.47,18.47,18.47,18.27,18.77,18.97,18.87,18.67,18.37,18.60,18.53,18.80,19.37,19.43,19.43,19.23,19.23,20.67,21.10,22.50,24.30,25.17,24.80,24.80,24.07,23.47,22.43,21.87,21.80,21.37,21.37,21.43,22.27,23.17,25.20,26.00,27.20,28.27,28.10,26.37,25.53,24.30,22.63,22.40,22.57,22.23,22.23,21.97,22.50,22.50,22.50,22.30,21.53,21.57,21.57,21.57,21.37,21.67,21.83,21.67,21.17,20.87,20.87,21.43,21.43,21.43,21.43,21.60,21.60,21.13,20.83,20.83,20.13,20.13,20.20,20.20,19.23,19.07,19.07,19.07,18.33,18.33,18.83,19.17,19.20,18.80,18.23,18.23,18.50,18.80,19.03,18.53,18.53,18.53,18.07,18.50,17.90,18.70,18.87,19.07,19.00,18.97,18.77,18.90,18.70,18.53,18.50
18.33,18.00,18.00,18.27,18.30,18.13,18.03,17.40,18.10,18.63,18.63,18.73,18.03,17.57,17.37,17.57,17.80,17.80,18.40,18.63,18.60,18.60,18.33,18.30,18.33,18.47,18.70,18.70,17.90,17.60,17.60,17.60,17.93,17.93,18.47,18.43,18.40,18.20,18.20,18.10,18.30,18.40,18.60,18.60,18.47,18.47,18.60,18.87,18.87,19.17,18.67,18.73,18.07,18.47,17.87,18.47,17.83,18.73,19.00,19.00,19.33,18.27,18.77,18.77,19.33,19.43,19.57,19.43,19.57,19.30,20.67,21.10,21.43,22.93,24.30,24.30,24.17,23.73,23.17,22.10,21.97,21.83,21.37,21.43,22.03,22.57,23.17,24.43,25.67,26.50,27.20,26.80,25.93,25.50,24.00,23.03,22.37,22.63,22.30,22.70,22.00,22.50,22.33,22.33,22.30,21.53,21.57,21.67,21.77,21.77,21.37,21.20,21.17,21.17,21.17,21.40,21.43,21.57,21.70,21.73,21.60,21.60,20.67,20.67,20.43,20.13,20.20,20.30,20.30,19.90,19.23,19.23,19.07,19.10,19.10,19.10,19.17,19.00,19.00,18.57,18.50,18.50,18.57,18.57,18.33,18.00,18.50,18.50,18.83,18.70,18.87,18.43,19.00,19.00,18.97,18.97,18.90,19.10,18.67,18.50
17.57,17.57,17.97,17.80,18.00,17.83,18.03,17.40,18.03,18.17,18.67,18.67,18.20,17.57,18.20,18.90,18.90,17.80,18.67,18.67,18.67,18.60,18.33,18.30,18.30,18.30,18.30,18.17,17.80,17.60,17.83,17.83,17.93,17.93,18.13,18.40,18.43,18.40,17.93,18.10,18.40,18.87,18.87,18.87,18.67,18.47,18.47,18.53,18.07,18.07,18.07,18.50,17.87,17.83,17.87,18.53,18.47,18.47,18.93,19.00,18.53,18.27,18.77,18.80,19.27,19.27,19.27,18.73,18.73,19.30,20.13,20.70,21.17,22.10,22.93,23.73,23.47,23.27,22.77,22.10,22.10,22.10,22.03,22.03,22.07,22.40,22.40,24.27,25.20,25.97,26.50,26.43,25.60,25.40,23.73,23.03,22.43,22.43,22.30,22.30,22.20,22.20,22.33,22.33,22.30,21.67,21.67,21.67,21.77,21.83,22.23,21.20,21.17,21.17,21.27,21.27,21.43,21.40,21.43,21.37,21.60,21.60,21.27,20.67,20.43,20.37,20.63,20.57,20.53,18.83,19.07,19.07,19.07,19.10,18.97,19.10,18.97,18.83,18.53,18.23,18.33,18.57,18.83,18.97,18.93,18.93,18.93,18.77,18.87,18.77,18.70,18.13,19.20,19.27,19.23,19.23,18.97,19.10,18.50,18.40
17.57,17.57,17.77,17.77,17.97,17.83,18.13,17.30,18.10,18.10,18.77,18.77,18.20,17.57,18.53,18.90,18.83,17.80,18.70,18.70,18.30,18.23,18.30,18.30,18.30,18.30,18.17,18.17,17.70,17.70,17.83,17.83,18.13,18.17,18.47,18.40,18.47,18.17,18.20,18.20,18.40,18.67,18.67,18.67,18.47,18.47,18.53,18.63,18.53,18.37,18.37,18.50,17.83,17.83,18.40,18.47,18.40,18.23,18.23,18.53,18.70,19.43,19.40,19.40,19.33,19.40,19.40,19.57,19.57,19.73,20.10,20.43,21.43,22.10,22.37,22.37,23.17,22.77,22.30,22.03,22.03,20.93,22.03,22.03,22.07,22.37,21.97,22.40,24.27,24.90,25.23,25.90,25.40,24.10,23.60,23.33,23.03,22.83,22.43,22.60,22.30,22.20,22.20,21.87,22.60,21.67,21.67,21.63,21.73,22.07,22.23,21.20,21.20,21.27,21.27,21.40,21.63,21.63,21.73,21.73,21.57,21.57,21.10,20.43,20.37,20.37,20.57,20.53,20.30,19.53,19.37,19.30,18.93,18.50,18.93,18.97,19.40,19.00,18.53,18.07,18.30,18.50,18.83,19.03,19.03,19.03,18.37,18.77,18.77,18.77,18.63,18.63,19.20,19.23,19.20,19.07,18.40,18.53,18.40,18.10
17.57,17.57,17.93,17.63,17.83,17.63,18.33,18.33,18.43,18.43,18.93,18.77,18.20,18.20,18.70,18.77,18.53,17.90,18.70,18.60,18.00,18.17,18.23,18.27,18.20,18.17,18.10,18.17,18.03,18.03,18.23,18.40,18.63,18.40,18.33,18.17,18.50,18.17,18.20,18.20,18.43,18.67,18.67,18.80,18.80,18.77,18.53,18.53,18.53,18.37,18.37,17.83,18.10,18.17,18.37,18.37,18.27,18.13,18.17,18.23,18.53,18.70,19.00,19.13,19.13,19.33,19.33,19.57,20.10,20.30,20.10,20.43,21.10,21.30,21.30,22.10,22.23,22.50,22.30,22.23,22.00,20.93,21.13,21.13,22.07,21.97,21.97,22.03,22.10,24.00,24.47,24.47,24.27,23.77,23.43,23.27,23.27,23.10,22.83,22.30,22.23,22.20,22.20,22.20,22.20,22.20,22.10,21.73,21.73,21.63,20.97,21.20,21.40,21.27,21.27,21.17,21.63,21.63,21.13,21.13,21.53,21.57,21.10,20.27,20.27,20.27,20.43,20.43,20.10,19.53,19.07,19.00,18.50,18.40,18.43,18.97,18.97,18.53,18.07,18.07,18.30,18.60,19.57,19.57,19.57,19.03,19.13,18.93,18.53,18.53,18.10,18.63,19.17,19.20,19.10,18.83,18.40,18.53,18.40,18.40
17.57,17.57,17.87,17.43,17.63,17.63,19.00,18.43,18.73,18.37,18.93,19.03,18.03,18.03,18.53,18.60,17.90,18.47,18.70,18.70,18.53,18.17,18.13,18.23,18.23,18.77,18.23,18.53,18.53,18.23,18.90,18.80,18.80,18.63,18.70,18.67,18.67,18.50,18.30,18.20,18.30,18.50,18.67,18.80,18.80,18.80,18.77,18.63,18.37,18.37,18.37,18.27,18.27,18.17,18.37,17.87,17.83,17.87,18.17,18.23,18.17,18.23,18.23,19.00,19.00,19.13,19.23,20.17,20.30,20.83,20.83,20.77,20.87,21.30,21.30,22.00,22.23,22.23,22.23,22.13,22.00,21.13,21.70,21.13,21.80,21.93,22.10,22.10,22.87,22.90,23.73,23.77,24.10,23.87,23.60,23.27,23.13,23.13,23.10,22.93,22.67,22.50,22.20,22.20,22.67,22.20,21.90,21.73,21.73,20.97,20.80,21.40,21.47,21.40,21.17,21.10,20.97,21.37,20.83,20.97,20.97,21.53,20.80,20.40,20.20,20.87,20.43,20.43,19.37,19.37,19.23,18.77,18.50,18.23,18.97,18.97,19.27,18.47,18.13,18.30,18.60,18.67,19.57,19.03,18.97,18.17,18.73,18.53,18.30,18.10,18.10,18.63,19.10,19.10,19.07,18.90,18.73,18.90,18.57,18.57
17.93,17.93,17.93,17.80,17.80,17.90,18.20,18.43,18.43,18.20,18.20,19.07,18.60,18.60,18.60,18.60,17.83,17.83,18.47,18.70,18.60,18.17,18.00,18.17,18.63,18.67,18.50,18.53,18.90,18.90,18.90,18.93,18.80,18.50,18.50,18.33,18.50,18.43,18.20,18.03,18.30,18.47,18.87,18.80,18.87,18.90,18.97,18.93,18.07,18.30,18.60,18.60,18.60,18.17,18.17,17.87,17.87,18.53,18.53,18.30,17.87,17.73,17.70,18.23,18.70,18.70,18.70,19.83,19.83,20.83,20.43,20.40,20.37,20.77,21.30,21.33,21.87,22.23,22.23,22.13,21.80,21.80,21.70,21.70,21.70,22.10,22.10,22.10,22.23,22.23,22.67,22.77,23.37,23.30,23.30,23.10,22.53,22.97,23.13,22.93,22.63,22.53,22.63,22.67,22.67,22.53,22.40,22.10,21.97,21.70,21.70,21.77,21.93,21.47,21.27,21.17,21.27,21.37,21.37,20.97,20.97,20.80,20.87,20.80,20.93,21.10,20.93,20.43,19.23,19.17,19.07,18.90,18.90,18.90,19.27,19.03,18.47,18.43,18.23,18.73,18.67,18.67,18.93,18.57,18.90,18.57,18.73,18.53,17.47,17.47,18.10,18.33,18.80,18.83,18.80,18.83,18.53,18.93,18.93,18.93
17.73,17.47,17.43,17.43,18.03,17.90,18.20,18.37,18.60,17.80,17.07,17.63,17.97,18.03,18.60,18.47,17.80,17.83,18.47,18.70,18.70,18.03,17.57,18.00,18.63,18.70,18.70,18.93,18.90,18.80,18.80,18.80,18.80,18.50,18.53,18.53,18.53,18.27,18.07,18.03,18.03,18.43,18.50,18.47,18.90,18.90,19.03,18.20,18.07,17.97,19.10,18.77,18.93,18.60,18.73,18.17,18.03,18.43,18.53,18.43,18.30,18.10,19.07,19.07,19.03,18.70,18.70,19.37,19.77,20.33,20.40,20.40,20.43,20.87,21.13,21.33,21.63,22.13,22.37,22.13,21.87,21.90,21.90,21.90,22.13,22.20,22.20,22.23,22.87,22.57,22.67,22.63,22.77,23.23,23.30,23.23,22.93,22.97,23.13,23.13,22.63,22.67,22.67,22.77,22.67,22.63,22.63,21.97,21.90,21.70,21.77,21.93,22.17,21.93,21.37,21.27,21.27,21.27,21.00,20.93,20.93,20.97,21.07,20.97,21.13,21.27,21.27,20.57,19.23,19.13,18.93,18.90,18.90,19.03,19.13,18.43,18.43,18.43,18.23,18.23,18.37,18.67,18.73,18.57,18.90,18.57,18.73,18.27,18.57,18.53,18.57,18.90,18.80,18.30,18.53,18.53,18.53,18.37,18.20,18.20
17.47,17.37,17.67,17.67,18.03,17.93,18.20,18.60,17.80,17.80,17.57,17.80,17.83,18.60,18.70,18.70,17.87,17.83,17.83,18.47,18.03,18.00,17.77,18.37,18.67,18.70,18.70,18.70,18.80,18.80,18.50,18.87,18.53,18.53,18.53,18.60,18.53,18.00,17.83,17.90,18.03,18.43,18.47,18.43,19.10,19.23,18.70,18.33,18.30,18.33,19.10,19.10,19.10,18.60,18.60,18.60,18.70,18.60,19.17,18.87,18.87,18.43,18.87,18.87,18.33,18.57,18.70,19.53,19.53,19.83,20.37,20.40,20.53,20.77,21.13,21.33,21.40,22.33,22.33,21.87,21.80,21.80,21.80,21.87,21.63,21.87,21.80,21.80,22.23,22.23,22.57,22.60,22.77,23.10,23.30,23.23,22.97,22.93,22.93,22.80,22.63,22.80,22.77,22.77,22.47,22.53,22.40,22.40,22.40,21.97,22.03,21.93,22.27,21.93,21.93,21.50,21.50,21.67,21.67,21.40,21.40,20.97,21.20,20.97,21.07,20.90,21.13,20.90,19.63,19.13,18.87,18.90,18.77,18.90,18.57,17.90,17.83,18.57,18.57,19.03,18.23,18.13,18.73,18.73,18.90,18.57,18.57,18.37,18.37,18.53,18.53,18.53,18.47,18.00,18.47,18.30,18.07,17.87,17.80,17.80
17.37,17.10,17.10,17.10,17.50,17.50,17.77,18.60,18.17,18.17,17.80,18.53,17.83,17.90,17.97,18.30,18.20,18.03,18.03,18.47,18.03,17.77,17.33,17.83,18.37,18.70,18.70,18.70,18.67,18.37,18.37,18.87,18.87,19.03,19.23,19.23,18.77,18.50,18.07,18.07,18.37,18.43,18.37,18.43,18.70,18.70,18.47,18.33,18.33,18.33,18.50,18.50,18.53,18.43,18.53,18.60,18.60,18.43,18.43,19.10,19.07,19.07,18.87,19.03,18.40,19.03,18.57,19.50,19.53,20.37,20.53,20.83,20.83,21.13,21.00,21.20,21.20,21.40,21.87,21.87,21.87,22.37,22.13,21.87,22.13,21.87,22.20,21.87,22.70,22.70,22.23,22.23,22.77,23.03,23.03,23.03,22.93,22.93,22.83,22.83,22.80,22.80,22.80,22.47,22.23,22.07,22.03,22.03,22.03,21.77,22.00,22.00,22.30,22.33,22.33,21.67,21.67,21.67,21.40,21.30,21.33,21.33,21.33,20.97,20.67,20.47,20.87,20.87,19.90,19.47,18.87,19.27,18.57,18.57,18.40,17.90,17.90,18.10,18.57,19.03,19.03,19.03,19.03,18.77,18.73,18.13,18.37,18.37,18.97,18.50,18.50,18.90,18.90,18.47,18.47,18.07,18.07,18.07,18.20,18.20
16.93,17.10,16.73,17.50,17.50,17.50,17.77,17.90,17.77,17.77,17.80,18.83,18.40,18.87,18.40,18.30,18.20,17.87,18.47,18.47,18.23,18.00,17.80,18.37,18.37,18.37,17.73,18.33,18.33,18.37,18.37,18.50,18.67,18.80,19.40,19.40,19.60,18.53,18.07,18.07,18.07,18.40,18.30,19.53,18.70,19.00,18.67,18.40,18.40,18.33,18.40,18.43,18.43,18.43,18.53,18.60,18.60,18.77,19.27,19.20,18.30,18.67,18.40,18.87,18.97,19.10,18.97,19.50,19.53,20.63,20.83,20.27,20.53,20.83,21.33,21.70,21.33,21.37,21.80,22.13,21.80,22.13,22.20,21.87,21.87,21.77,22.27,22.40,22.70,22.40,22.23,22.23,22.77,22.77,22.77,22.93,22.93,22.67,22.83,23.07,23.10,23.10,22.93,22.97,22.33,21.90,21.90,22.10,22.53,22.27,22.03,21.73,22.27,22.33,21.93,21.53,21.67,21.67,21.50,21.27,21.23,20.97,20.97,20.77,20.67,20.53,20.23,20.00,19.90,19.63,18.87,18.87,18.57,18.57,18.43,18.40,17.90,18.10,19.03,19.17,19.03,19.03,19.23,19.23,18.77,18.27,18.70,18.77,18.50,18.47,18.47,19.00,19.13,19.00,18.47,18.07,18.07,18.67,18.80,18.83
16.70,17.10,16.73,17.10,17.00,17.50,17.50,17.77,17.77,17.73,17.73,17.83,17.90,17.90,18.30,18.20,18.20,17.73,18.73,18.70,18.23,18.23,18.00,18.70,18.70,18.40,17.73,18.30,17.53,18.33,18.17,18.33,18.67,18.80,19.23,19.20,19.40,18.53,18.37,18.07,18.07,18.40,18.30,19.23,18.30,18.97,18.40,18.40,18.40,18.40,18.27,18.03,18.27,18.53,18.60,18.13,18.13,18.63,18.67,18.97,18.97,18.97,18.90,19.33,19.10,19.20,18.97,19.20,19.60,20.27,20.03,20.27,20.53,21.17,21.17,21.43,21.33,22.27,21.87,22.27,22.13,22.37,22.37,22.20,22.27,22.27,22.40,22.40,22.97,22.73,22.73,22.60,22.70,22.77,22.93,23.03,22.93,22.70,22.83,23.10,23.43,23.43,23.43,23.00,22.97,22.57,22.10,22.27,22.27,21.73,21.53,21.47,21.73,21.90,21.87,21.67,21.67,21.67,21.87,21.30,21.27,21.17,21.17,21.03,20.87,20.53,20.23,19.87,19.63,19.47,18.93,18.93,18.93,18.63,19.17,19.17,18.83,18.83,18.83,19.17,19.17,19.27,19.23,18.77,18.27,18.27,18.80,18.77,18.77,18.30,18.50,19.00,19.13,19.13,18.27,18.27,18.37,18.67,18.83,18.83
15.87,16.43,16.73,17.10,17.10,17.50,17.50,17.50,17.63,17.73,17.63,17.77,17.80,17.90,18.67,18.67,18.60,18.37,18.70,18.70,18.47,18.47,18.33,18.70,18.57,18.20,17.73,18.27,17.97,18.30,18.17,18.27,18.17,18.17,18.97,18.97,19.03,18.50,18.30,18.00,18.07,18.40,19.07,19.07,18.30,18.27,18.33,18.33,18.40,18.40,18.40,18.37,18.83,19.37,19.03,18.60,18.60,18.63,19.10,18.97,18.97,18.73,18.73,19.33,19.17,19.20,19.17,19.60,19.60,20.27,20.27,20.27,20.73,21.17,21.17,21.70,21.33,22.40,22.27,22.27,21.77,22.10,22.10,21.87,22.27,21.87,22.30,22.27,22.43,22.40,22.70,22.60,22.70,22.97,23.37,23.37,23.50,23.50,23.53,23.50,23.47,23.47,23.47,23.17,22.97,22.97,22.80,22.40,22.27,21.73,21.53,21.47,21.73,21.73,21.53,21.53,21.70,21.70,21.70,21.50,21.40,21.17,21.17,21.17,21.23,20.87,20.20,20.00,19.63,18.77,18.77,18.17,18.30,18.57,19.17,19.17,19.13,19.13,19.10,19.10,18.30,18.50,18.50,18.63,18.63,19.33,19.33,18.80,18.77,18.40,18.77,19.43,19.27,18.50,18.20,18.20,18.20,17.73,17.57,17.03
16.23,16.57,16.80,17.10,17.07,17.10,17.07,17.50,17.63,18.03,17.63,17.77,17.80,17.83,17.93,18.43,18.37,18.37,18.03,18.70,18.33,18.70,18.67,18.83,18.17,18.20,18.30,18.30,17.97,18.27,18.30,18.47,18.27,18.17,18.17,18.83,18.83,18.50,18.43,18.30,18.60,18.60,19.07,18.80,18.80,18.60,18.33,18.33,18.70,18.73,18.83,18.73,18.83,19.37,19.27,18.80,18.63,18.60,18.63,18.67,18.97,18.97,18.73,19.33,18.90,19.33,19.17,19.60,19.60,20.13,20.13,20.73,21.17,21.27,21.17,21.43,21.80,22.40,21.77,21.60,21.60,21.63,22.10,22.10,22.30,22.30,22.30,22.27,22.43,22.63,22.63,22.43,22.70,23.53,23.80,23.53,23.50,23.07,23.53,23.53,23.50,23.43,23.43,23.43,23.33,23.33,23.07,22.37,22.10,21.73,21.63,21.47,21.77,21.53,21.53,21.53,21.70,21.40,21.87,21.87,21.83,21.50,21.50,21.23,21.23,20.40,20.40,20.17,19.57,19.27,19.40,18.43,18.43,18.57,19.10,19.00,19.00,19.07,19.07,19.10,18.87,19.27,18.93,18.63,18.63,18.63,19.13,18.33,18.77,18.30,18.77,19.03,19.03,18.63,18.27,18.20,18.20,18.20,18.20,17.03
16.23,16.97,16.97,17.10,17.17,17.47,17.17,17.50,17.47,18.03,17.97,17.97,17.80,17.80,17.93,18.37,18.30,18.37,18.60,18.63,18.63,18.83,18.67,18.57,18.13,18.17,18.20,18.27,18.27,18.30,18.50,18.50,18.27,18.17,18.17,18.50,18.97,18.50,18.67,18.33,18.67,19.03,19.07,18.80,18.80,18.27,18.33,18.27,18.33,18.70,18.83,18.73,18.83,19.27,19.03,18.80,18.80,18.60,18.20,18.20,18.63,18.73,18.43,18.57,19.17,19.67,19.60,19.77,20.13,20.47,20.90,21.33,21.33,21.33,21.10,21.37,21.80,22.47,22.30,21.60,21.60,21.60,22.10,22.10,22.43,22.60,22.27,22.27,22.27,22.63,21.97,21.97,22.43,23.53,23.80,23.80,23.50,23.50,23.53,23.53,23.07,23.07,22.73,22.73,22.73,22.77,22.77,22.40,22.37,21.97,21.87,21.97,22.10,22.10,21.53,21.43,21.43,21.40,21.63,21.63,21.70,21.50,21.50,21.37,21.13,20.40,20.53,20.40,19.90,19.27,18.63,18.43,18.30,18.30,18.80,18.93,19.00,19.00,19.00,19.07,18.87,18.93,18.50,18.53,18.63,19.13,19.37,19.13,18.93,18.27,18.40,18.40,18.63,18.20,18.20,17.93,18.20,18.20,18.63,18.33
16.97,17.20,17.10,17.47,17.17,17.47,17.17,17.43,17.47,17.47,17.97,17.97,17.97,17.60,17.67,18.17,18.27,18.30,18.30,17.83,18.63,18.83,18.83,18.83,18.17,19.03,19.07,18.90,18.93,18.90,18.93,18.50,18.27,18.30,17.93,19.10,19.13,18.43,18.43,18.33,18.80,19.03,19.03,18.80,19.23,18.60,18.33,18.10,18.33,18.70,18.83,18.47,18.73,18.47,18.80,18.80,19.00,19.00,18.20,18.20,18.37,18.43,18.73,18.57,19.17,19.67,19.67,19.67,20.03,20.47,20.90,22.40,22.40,21.37,21.10,21.37,22.73,22.73,22.53,21.60,21.53,21.27,21.63,22.43,22.43,22.80,22.80,23.27,22.27,23.20,21.97,21.97,21.97,23.80,23.80,23.80,23.40,23.93,23.40,23.27,23.00,23.00,22.57,22.17,22.00,22.77,22.37,22.77,22.47,22.47,21.97,21.97,22.10,22.90,21.87,21.43,21.13,20.70,21.27,21.47,21.47,21.47,21.50,21.37,21.37,20.53,20.53,20.53,19.93,18.90,18.63,18.50,18.43,18.13,18.80,19.00,19.00,18.43,18.43,19.07,18.93,18.93,18.17,18.17,18.53,19.13,19.37,19.13,19.13,18.27,17.73,17.73,18.17,18.17,17.73,17.73,18.70,18.70,18.77,18.77
