16.40,17.93,17.93,20.33,19.60,19.60,19.60,19.53,19.93,19.53,19.93,19.43,20.17,19.43,19.43,18.93,19.90,19.90,19.80,19.30,19.30,19.30,19.63,20.03,20.03,20.13,20.27,20.27,20.27,19.70,19.83,20.03,20.33,20.57,20.57,20.70,20.73,20.70,20.33,20.33,20.37,20.63,20.63,20.70,20.83,21.00,20.83,20.63,20.67,20.67,20.93,20.57,21.20,20.57,21.53,21.47,21.47,20.57,20.43,20.43,20.33,20.33,21.10,21.10,19.97,19.97,21.07,20.77,20.60,21.43,21.47,24.33,25.63,25.90,27.97,29.43,30.93,32.60,32.60,32.80,32.97,33.30,33.37,33.23,33.23,33.37,33.93,33.93,33.80,33.60,34.20,34.27,34.27,34.03,33.20,34.03,32.23,32.70,30.80,27.87,26.97,26.93,26.73,26.13,26.13,25.63,24.07,23.27,22.00,21.33,21.30,21.30,21.30,21.33,20.67,20.40,20.10,20.10,20.87,21.10,21.10,20.97,20.20,20.20,20.70,21.30,20.70,21.33,21.33,21.50,21.50,21.50,21.13,21.13,21.13,21.33,21.33,21.33,20.73,21.53,20.73,20.60,20.73,21.30,21.30,21.40,20.30,20.33,20.33,21.00,21.00,20.73,20.73,20.47,20.47,20.47,20.20,20.20,20.47,21.00
18.80,18.93,18.93,20.10,19.60,18.83,19.60,19.53,19.90,19.47,19.47,19.47,20.27,20.13,20.13,19.43,20.37,20.07,19.90,19.60,19.57,19.57,19.80,20.03,19.57,19.57,20.00,20.13,20.00,19.67,19.70,20.03,20.23,20.23,20.57,20.70,20.73,20.70,20.33,20.33,20.37,20.70,20.97,20.97,20.83,20.83,20.80,20.70,20.70,20.70,20.93,20.57,20.47,20.47,20.57,20.87,20.70,20.57,20.43,20.43,20.33,20.10,21.10,21.10,21.10,20.80,20.80,20.77,20.60,20.87,21.47,23.07,24.90,25.77,27.00,28.20,29.60,30.93,31.97,32.77,32.83,32.93,33.10,33.10,33.13,33.13,33.80,33.93,33.80,33.60,33.67,33.67,33.20,33.20,33.20,33.77,32.23,30.80,29.00,27.33,27.00,26.93,25.77,25.63,25.53,24.87,23.93,22.27,22.00,21.43,21.30,21.00,20.93,21.00,20.67,20.67,20.63,20.77,20.77,20.87,20.97,20.83,20.27,20.27,20.70,20.70,20.53,21.00,21.07,21.20,21.10,21.43,21.10,21.10,21.13,21.33,21.33,20.63,20.73,21.13,21.00,21.13,21.00,21.30,20.93,20.93,20.30,20.33,20.70,21.00,21.00,20.83,20.83,20.63,20.60,20.60,20.20,20.23,20.47,21.00
18.80,19.07,19.13,20.10,19.80,18.83,18.90,19.80,19.80,19.47,19.40,19.53,20.27,20.27,20.13,19.43,20.37,20.07,20.07,19.63,19.60,19.60,19.83,19.93,19.93,19.93,20.13,20.13,20.10,19.70,20.03,20.03,20.23,20.23,20.87,20.87,20.73,20.57,20.40,20.40,20.40,20.97,20.97,21.33,21.10,20.67,20.80,20.70,20.80,20.70,20.73,20.27,20.47,20.47,20.87,20.87,20.87,20.70,19.97,19.97,20.00,20.00,20.10,19.93,20.87,20.77,20.60,20.60,20.60,20.63,20.87,22.87,24.13,24.90,25.63,27.47,28.53,29.13,29.60,30.47,31.97,32.63,32.63,32.63,32.77,32.77,33.63,33.70,32.90,32.90,32.97,32.97,32.97,32.57,32.60,32.60,30.53,28.10,27.87,26.97,26.97,25.83,25.53,25.47,24.87,24.23,22.27,22.07,21.47,21.43,20.80,20.80,20.53,20.87,20.67,21.33,20.67,21.50,20.87,21.03,20.87,20.80,20.27,20.30,21.20,20.37,20.37,20.40,20.53,20.77,20.77,21.10,21.10,20.87,21.10,20.40,20.83,20.40,20.83,20.50,21.00,21.00,21.30,21.30,21.30,20.97,20.93,20.97,21.17,21.50,20.87,20.73,20.13,20.63,20.63,20.73,20.60,20.47,20.47,21.00
19.57,19.57,19.57,20.10,19.57,19.53,19.53,19.83,20.43,19.53,19.47,20.23,20.27,20.23,19.73,19.73,20.10,20.07,20.07,19.63,19.60,19.57,19.60,19.93,20.30,20.37,20.17,20.10,20.00,19.77,20.03,20.13,20.23,20.23,20.87,20.87,20.57,20.43,20.40,20.50,20.40,20.50,20.97,21.13,21.13,20.67,20.80,20.70,20.80,20.70,20.63,20.57,20.57,20.87,20.87,20.83,20.70,20.07,19.83,19.97,20.20,20.20,20.20,19.93,20.60,20.67,20.67,20.80,20.87,20.87,20.70,21.87,23.07,24.13,24.27,25.57,27.13,28.20,29.03,29.37,30.47,31.50,32.10,32.50,32.53,32.53,32.43,32.43,32.40,32.73,32.80,32.73,32.30,31.97,31.97,29.03,28.00,27.93,27.33,26.87,26.73,26.27,25.53,25.03,24.30,22.37,22.07,21.47,21.47,21.13,20.70,20.63,20.40,20.50,20.30,20.67,20.67,21.23,20.97,21.03,21.03,21.03,21.13,20.80,21.20,20.33,20.40,20.47,20.73,20.80,21.00,21.37,21.10,21.10,20.90,20.07,20.90,20.13,20.83,20.73,21.03,21.03,20.73,20.53,20.97,20.97,20.97,20.97,21.07,21.50,21.50,21.23,20.83,20.87,20.87,20.90,20.73,20.73,20.23,20.70
19.23,19.23,19.50,20.07,19.57,19.57,19.53,19.83,20.03,20.00,19.87,20.00,20.33,20.33,19.93,19.73,19.97,20.10,20.30,19.63,19.60,19.53,19.57,19.57,20.53,20.40,20.30,20.17,20.17,20.07,20.03,20.03,20.13,20.47,20.87,20.87,20.83,20.63,20.57,20.50,20.33,20.33,20.73,20.90,21.13,20.83,20.83,20.83,20.80,20.53,20.53,20.57,20.73,21.00,21.00,21.00,20.87,20.07,19.83,19.80,19.87,20.00,19.77,19.83,20.60,20.67,20.67,20.67,20.70,20.80,20.80,21.43,21.87,22.37,22.80,24.10,24.27,27.13,28.07,28.67,29.37,30.47,31.20,31.23,31.20,31.83,31.70,31.70,31.30,31.30,31.30,31.53,30.63,30.43,28.80,27.73,27.73,27.73,26.63,26.63,25.10,25.07,24.70,23.93,22.20,21.03,21.57,21.13,21.13,20.90,20.63,20.40,20.30,20.30,20.00,20.00,20.97,20.97,21.13,21.03,21.03,20.53,21.13,21.23,21.40,20.33,20.33,20.47,20.80,20.80,20.93,21.00,21.00,20.33,20.87,20.33,20.90,20.83,21.47,21.13,21.03,20.73,20.73,20.87,21.23,21.23,21.23,21.07,21.07,21.57,21.57,21.77,20.10,20.87,20.87,20.90,20.73,20.67,20.67,20.70
19.23,19.27,19.50,20.07,19.90,19.57,19.77,19.77,20.23,20.00,20.00,19.93,19.93,20.23,19.93,19.73,19.93,20.10,20.23,19.57,19.60,19.57,19.60,19.57,20.37,20.37,20.27,20.10,19.87,20.07,19.93,19.93,20.03,20.47,20.87,20.87,20.83,20.83,21.03,20.67,20.50,20.17,20.73,20.83,20.83,20.73,20.00,20.33,20.33,20.40,20.53,20.60,20.60,20.90,20.33,20.33,20.33,20.07,19.87,19.87,19.87,20.20,19.77,20.00,20.67,20.70,20.70,20.67,20.70,20.83,20.83,21.10,21.43,21.67,22.33,22.80,23.53,24.10,26.07,26.67,28.67,29.00,29.00,29.03,28.73,29.03,29.00,29.17,29.17,29.33,29.33,29.33,28.63,27.77,26.17,26.00,26.20,26.20,26.10,25.10,25.00,23.93,22.73,22.07,21.03,20.83,21.10,21.10,20.90,20.70,20.57,20.40,20.07,19.80,19.97,20.00,20.93,20.30,20.30,20.53,20.93,21.13,21.23,21.50,21.47,21.17,21.17,21.17,21.30,20.90,20.93,20.90,20.50,20.50,20.63,20.90,21.43,21.67,21.67,21.50,21.13,21.13,20.87,21.10,21.17,21.30,21.23,21.07,21.07,21.07,21.07,21.17,21.07,21.03,20.87,20.90,20.67,20.67,20.67,20.70
19.17,19.10,19.23,19.33,19.90,19.77,19.83,19.57,19.87,19.47,19.87,19.63,19.80,19.80,19.97,19.93,19.67,19.67,20.23,19.57,19.53,19.57,20.03,20.73,20.57,20.30,20.27,20.27,20.13,20.07,19.93,19.90,19.93,19.90,20.70,20.83,20.83,20.77,20.87,20.77,20.60,20.17,20.50,20.73,20.73,20.73,20.00,20.33,20.53,20.53,20.53,20.60,20.47,20.20,20.20,20.30,20.70,20.53,20.53,20.47,20.03,20.03,20.03,20.60,20.83,20.73,20.73,20.57,20.23,20.57,20.83,20.80,21.03,21.03,21.67,22.33,22.80,23.27,23.53,25.27,26.03,26.50,27.53,27.97,27.97,28.50,28.50,28.67,28.67,28.50,28.50,28.17,26.40,26.00,25.93,25.83,25.60,23.77,23.20,22.47,22.60,22.50,22.20,21.67,20.83,20.73,20.73,20.90,20.90,20.90,20.63,20.97,20.20,19.77,19.80,20.17,20.93,20.57,20.53,20.53,20.53,20.53,21.10,21.43,21.43,21.17,21.17,21.20,21.20,20.40,20.50,20.13,20.50,20.33,20.63,20.63,21.43,20.93,20.93,20.93,20.80,20.87,20.87,21.17,21.17,21.53,21.37,21.73,21.37,21.87,21.07,20.70,20.70,21.03,21.03,21.03,20.67,20.67,20.60,20.43
19.17,19.17,19.23,19.23,19.23,19.57,19.83,19.57,19.50,19.47,19.50,19.47,19.77,19.80,19.97,19.97,19.80,19.80,19.57,19.57,19.57,20.03,20.27,20.77,20.53,20.30,20.27,20.27,20.20,20.13,19.93,19.93,19.93,19.87,19.87,20.70,20.70,20.47,20.67,20.67,20.73,20.60,20.63,20.63,20.73,20.17,19.87,20.17,20.33,20.40,20.40,20.60,20.37,20.20,20.20,20.30,20.70,20.53,20.93,20.53,20.53,20.47,20.57,20.57,20.57,20.73,20.73,20.57,20.53,20.23,20.23,20.63,20.63,20.73,21.57,21.63,21.63,21.63,22.17,22.27,24.10,24.50,26.07,26.07,26.57,26.47,26.47,26.23,25.63,26.33,26.33,25.77,25.60,24.60,24.57,23.77,23.17,22.60,22.27,22.20,22.20,21.83,21.27,21.27,21.00,21.10,21.10,21.10,21.00,20.93,20.63,20.97,20.43,19.80,19.80,20.90,20.90,20.53,19.83,19.83,19.90,20.47,21.10,21.10,21.10,20.97,20.97,21.17,21.20,20.57,20.57,20.90,21.17,21.00,21.00,20.63,21.23,21.10,21.10,20.80,20.77,20.63,20.63,21.17,21.17,21.60,20.90,21.87,21.87,21.90,21.30,20.70,21.03,21.03,21.03,21.03,20.80,21.03,20.60,20.00
19.77,19.17,19.03,19.03,19.07,19.50,19.83,19.57,19.47,19.47,19.50,19.50,19.50,19.80,20.03,20.33,20.33,20.37,19.87,19.87,19.27,19.67,19.67,20.80,20.53,20.30,20.27,20.30,20.50,20.20,20.20,19.90,19.90,19.80,19.87,20.47,20.47,20.07,20.43,19.90,20.50,20.63,20.73,20.63,20.37,20.37,20.30,20.63,20.63,20.63,20.40,20.40,20.20,20.20,19.97,20.30,20.70,20.70,20.93,20.53,20.27,20.03,20.27,20.60,20.57,20.60,20.13,20.57,20.57,20.57,20.23,20.23,20.43,20.43,20.53,20.90,20.90,21.00,22.00,22.00,22.17,23.30,23.30,24.50,24.90,25.23,25.60,25.37,25.37,25.37,25.53,24.73,24.57,24.27,22.53,22.53,22.30,21.93,21.93,21.33,21.33,21.03,20.33,21.00,21.53,21.63,21.40,21.10,21.10,21.00,20.43,20.97,20.43,20.17,20.07,20.07,20.17,20.50,20.40,20.40,20.33,20.47,21.27,21.10,21.00,20.53,20.20,20.20,20.57,20.90,20.90,21.17,21.17,21.00,21.00,20.43,20.83,20.97,21.47,20.77,20.60,20.63,20.63,21.13,21.27,21.13,21.27,21.70,21.70,21.90,21.30,20.70,21.03,21.50,21.03,21.20,20.97,21.03,20.90,20.50
19.77,19.50,19.33,19.33,19.33,19.87,19.90,20.00,19.50,19.50,19.53,19.53,19.50,19.50,20.07,20.33,20.33,20.20,19.87,19.87,19.67,19.67,19.67,20.10,19.97,19.93,19.93,20.50,20.50,20.50,20.20,20.63,20.63,19.80,20.47,20.83,21.00,20.17,20.17,20.10,20.47,20.73,20.87,20.87,20.80,20.63,20.80,20.77,20.77,19.90,19.90,20.37,20.20,19.77,19.77,19.87,19.97,20.47,20.47,20.37,20.20,20.20,20.20,20.27,20.10,20.13,20.13,20.53,20.53,20.53,20.10,20.23,20.73,20.87,20.87,20.67,20.53,20.47,20.90,21.03,21.03,22.13,22.13,22.40,22.60,23.87,23.17,23.17,23.17,22.20,22.00,22.00,21.97,21.63,21.87,22.13,22.13,21.77,21.33,21.03,21.07,20.50,20.33,20.50,21.53,21.53,20.83,20.83,20.37,20.37,20.37,20.43,20.43,20.17,20.17,20.10,20.10,20.40,20.50,20.50,20.70,20.47,21.27,21.23,20.67,20.43,20.20,20.03,20.20,20.90,21.17,21.17,21.17,21.00,21.00,20.77,20.77,20.97,21.47,20.97,20.97,20.77,21.27,21.17,21.27,20.93,21.27,21.40,21.40,21.23,21.50,21.07,21.50,21.37,20.97,21.30,21.03,21.30,21.03,20.90
19.37,19.37,19.37,19.33,19.87,20.00,20.07,20.33,20.07,19.53,19.53,19.53,19.67,19.67,20.33,20.33,20.20,20.17,19.87,19.67,19.60,19.23,19.77,20.10,20.10,20.10,20.20,20.53,20.50,20.50,20.00,20.00,20.63,20.97,20.97,21.17,21.37,21.13,21.00,20.17,20.43,20.47,20.67,20.87,21.03,20.80,20.70,20.70,20.30,19.90,19.90,19.90,19.77,19.77,19.77,19.87,20.03,20.37,20.37,20.37,20.27,20.23,20.00,19.73,19.73,19.83,20.10,20.53,20.63,20.53,20.37,20.27,20.27,20.47,20.87,20.47,20.47,20.23,20.70,20.90,20.90,21.03,21.30,21.63,21.53,21.90,21.90,22.20,21.90,22.00,21.97,21.80,21.37,21.37,21.37,21.87,21.77,21.57,21.33,21.33,21.33,21.07,20.50,20.63,20.63,20.67,20.20,20.57,20.33,20.37,20.37,20.87,20.87,20.73,20.17,20.07,20.10,20.67,21.23,21.23,21.23,21.17,21.27,20.87,20.87,20.73,20.43,20.00,20.03,20.77,20.87,20.77,20.83,20.83,20.80,20.80,20.77,20.97,20.97,20.87,20.87,20.87,21.27,21.23,21.27,20.93,21.27,21.40,21.40,21.23,21.23,20.50,20.40,21.37,20.97,21.20,20.97,21.23,21.13,21.13
19.37,19.47,19.53,19.87,20.00,20.00,20.07,20.07,19.60,19.23,19.50,19.57,20.10,20.07,20.10,20.07,20.00,19.90,19.67,19.60,19.60,19.77,20.10,20.10,20.17,20.50,20.53,20.70,20.60,20.37,20.07,20.70,21.13,20.97,21.10,21.10,21.13,21.00,20.63,20.47,20.57,20.57,20.40,20.87,20.80,21.27,20.70,20.70,19.93,19.90,19.67,19.63,19.67,19.77,19.87,19.97,20.03,20.03,20.37,20.57,20.80,20.80,20.40,20.23,19.77,20.10,20.63,20.63,20.53,20.00,19.97,20.10,20.27,20.47,20.87,20.67,20.67,20.13,20.57,20.57,20.57,20.63,20.77,21.30,21.30,21.40,21.33,21.43,21.43,21.43,21.33,21.33,21.17,20.97,20.97,21.87,21.83,21.57,21.13,21.33,21.33,21.50,21.53,21.43,20.63,20.63,20.57,20.67,20.57,21.23,20.87,20.83,20.83,20.57,20.73,20.73,20.80,20.80,20.80,21.23,21.23,21.07,21.07,20.67,20.87,20.87,20.80,20.50,20.03,20.03,20.87,20.83,21.00,20.83,20.83,20.83,20.67,21.03,20.63,20.87,20.80,20.80,20.80,21.23,21.43,21.43,20.90,20.90,21.40,21.70,21.20,20.50,20.33,21.37,20.97,21.30,20.97,21.23,21.13,21.13
19.47,19.57,20.13,20.70,20.00,20.00,20.00,20.07,19.90,19.90,19.97,19.67,20.10,20.17,20.33,20.00,19.90,19.83,20.30,19.83,20.20,19.93,20.17,20.50,20.50,20.53,20.53,20.80,20.70,20.70,20.57,20.57,21.30,21.17,21.17,20.93,20.93,20.93,20.80,21.00,20.63,20.40,20.13,20.40,20.57,21.27,20.43,20.43,19.93,20.07,19.63,19.60,19.60,19.87,20.13,20.13,20.87,20.50,20.57,20.57,20.60,20.80,20.63,20.40,20.33,20.33,20.63,20.40,20.40,20.17,20.43,20.37,20.27,20.27,20.60,21.03,21.27,20.13,20.57,20.57,20.70,20.63,20.77,21.03,21.23,21.17,20.93,21.17,21.00,21.00,20.50,20.53,20.70,20.93,20.93,21.53,21.53,21.57,21.13,21.33,21.70,21.50,21.50,21.43,21.40,20.53,20.67,20.67,20.93,21.03,20.97,20.83,20.23,20.03,20.03,20.57,20.97,21.07,20.80,20.73,20.73,21.07,20.67,20.87,20.87,20.87,20.73,20.50,20.60,20.60,20.83,20.83,21.00,20.83,20.77,20.80,21.13,21.40,21.03,20.87,20.73,20.80,20.80,21.23,21.50,21.47,21.00,21.00,21.70,21.93,21.20,20.57,20.60,21.53,21.53,21.53,21.00,21.23,21.23,21.23
19.73,19.73,19.47,19.23,19.23,19.87,20.23,19.77,19.77,19.90,19.97,19.63,19.63,19.57,20.00,19.40,19.90,19.90,20.30,20.10,20.30,19.93,19.93,20.23,20.53,20.60,20.47,20.80,20.47,20.37,20.57,20.93,21.13,21.03,21.03,20.87,20.63,20.60,20.63,20.63,20.57,20.57,20.20,20.63,20.13,20.13,19.97,20.07,20.07,19.97,19.63,19.60,19.60,20.13,20.17,20.17,20.50,20.27,20.27,20.57,20.63,20.83,20.77,20.77,20.40,20.33,20.20,20.20,20.40,20.87,20.87,20.87,20.43,20.60,20.70,21.03,21.03,20.00,20.43,20.43,20.63,20.63,20.63,20.63,20.87,20.93,20.57,20.57,20.57,20.53,20.37,20.33,20.33,20.97,21.20,21.20,21.67,21.57,21.57,20.93,21.60,21.50,21.53,21.47,21.40,20.53,20.77,20.03,20.77,20.70,20.97,20.23,20.10,20.07,20.07,20.57,20.97,20.97,20.60,20.43,20.50,21.03,21.03,21.17,21.17,21.10,20.50,20.47,20.47,20.47,20.77,21.00,21.63,21.90,21.57,21.57,21.33,21.37,21.03,21.03,20.73,20.80,20.80,20.80,21.53,21.50,21.00,21.00,21.43,21.70,21.70,20.97,20.97,21.07,20.97,21.07,21.00,21.37,21.23,21.23
19.73,19.73,19.27,19.23,19.23,20.40,20.40,20.83,19.97,20.20,19.97,19.63,19.63,19.50,19.40,19.27,19.27,20.10,20.63,20.57,19.73,19.73,19.87,20.47,20.47,20.47,20.00,20.87,20.87,20.87,20.87,20.93,20.93,20.73,20.73,20.63,20.63,20.63,20.63,20.33,20.00,20.20,20.20,20.63,20.13,19.97,19.77,19.97,20.07,20.07,20.07,19.97,19.60,20.17,20.17,20.20,20.20,20.27,20.67,20.60,20.63,20.63,20.77,20.77,20.63,20.30,20.10,19.77,20.27,20.87,20.87,20.87,20.53,20.70,20.60,20.70,20.20,20.00,20.37,20.43,20.67,20.77,20.93,20.77,20.60,20.53,20.50,20.47,20.37,20.37,20.17,20.13,20.17,20.70,21.00,21.20,21.00,21.03,21.57,21.70,21.70,21.60,21.47,20.87,20.87,20.57,20.87,19.97,19.97,20.00,20.83,20.60,20.57,20.10,20.13,20.67,20.67,20.97,20.63,20.50,20.50,21.03,21.03,21.17,20.87,20.87,20.33,20.47,20.60,20.67,20.67,20.53,20.90,21.13,21.13,21.57,21.13,21.33,20.97,20.97,20.80,20.63,20.93,20.93,21.50,21.50,21.53,21.37,21.67,21.67,21.67,20.97,20.97,21.07,21.07,21.07,20.93,21.37,21.23,20.73
19.83,19.73,19.27,19.23,19.60,20.40,20.40,19.77,19.97,20.20,20.20,20.20,19.83,19.83,19.73,19.40,19.33,20.10,20.43,20.57,19.73,19.73,19.73,20.47,20.10,20.47,20.47,21.13,21.13,20.87,20.87,20.93,20.97,20.97,20.63,20.53,20.53,20.53,20.33,19.70,19.57,20.50,20.73,20.70,20.13,19.63,19.63,20.07,20.07,19.97,20.17,19.97,20.17,20.17,20.57,20.20,19.83,19.83,20.43,20.43,20.63,20.50,20.87,20.37,20.27,20.27,20.10,19.70,19.70,20.27,20.60,20.70,20.70,20.77,20.70,20.20,19.67,19.67,20.33,20.43,20.67,20.77,20.77,20.60,20.50,20.70,20.50,20.47,20.30,20.50,20.53,20.17,20.17,21.00,21.43,21.20,21.00,21.03,21.57,21.57,21.70,21.60,21.60,20.87,20.87,20.87,20.87,20.33,20.33,20.33,20.47,20.47,20.60,20.57,20.57,20.57,20.63,20.67,20.63,20.13,20.57,20.57,21.03,20.87,20.87,20.87,20.73,20.53,20.53,20.53,20.43,20.43,20.90,21.23,21.17,21.57,20.50,21.07,20.50,20.97,20.80,20.63,20.63,20.63,21.37,21.47,20.93,20.93,21.37,21.37,21.30,21.07,21.07,21.07,20.97,21.07,20.93,21.27,21.20,20.73
19.83,19.83,19.67,19.63,19.83,20.63,20.63,20.83,20.27,20.20,20.20,20.10,19.93,19.93,19.90,19.90,19.73,20.13,20.63,20.97,19.93,19.73,20.00,20.60,20.60,20.73,20.93,21.13,21.13,20.87,20.90,20.90,20.97,20.97,20.73,20.47,20.40,20.37,20.10,20.10,20.10,20.17,20.50,20.40,19.77,19.67,19.70,19.97,20.20,19.97,20.17,19.50,19.57,19.50,19.83,19.93,19.93,20.20,20.60,20.50,20.50,20.23,20.50,20.37,20.37,20.30,20.10,19.70,19.70,20.27,20.27,20.60,20.70,20.93,21.17,20.20,19.67,20.17,20.20,20.63,20.33,20.70,20.60,20.77,20.53,20.77,20.50,20.47,20.43,20.50,20.73,20.50,20.20,20.50,20.87,20.83,20.63,20.83,21.17,21.37,21.63,21.07,21.00,20.97,20.97,20.87,20.90,20.33,20.83,20.33,20.47,20.43,20.50,20.60,20.77,20.57,20.63,20.90,20.97,20.53,20.53,20.57,21.23,20.87,20.70,20.50,20.50,20.53,20.60,20.60,20.60,20.43,20.43,20.67,20.90,20.80,20.80,20.90,20.90,20.90,20.80,20.63,20.63,21.10,21.43,21.47,20.93,20.93,21.13,21.53,21.30,21.07,21.07,21.07,21.40,21.40,21.20,21.27,20.83,20.83
19.67,20.20,19.83,19.83,19.63,19.63,20.17,19.97,19.87,19.87,20.10,20.10,20.03,19.90,19.90,20.10,19.93,20.10,20.10,20.57,20.57,20.43,20.10,20.57,20.57,20.73,20.63,21.13,21.13,20.77,20.90,20.90,20.97,20.97,20.87,20.53,20.00,20.00,19.67,20.17,19.90,20.17,20.17,20.17,19.77,19.70,19.83,20.60,20.40,20.40,20.40,19.57,19.57,19.27,19.77,19.93,19.83,19.93,19.83,20.37,20.43,20.37,20.47,20.47,20.57,20.73,20.27,20.60,20.27,20.93,20.77,20.77,20.77,21.07,21.17,20.07,20.07,20.17,20.20,20.63,20.67,20.67,20.60,20.60,20.70,20.87,20.73,20.90,20.43,20.50,20.63,20.50,20.60,20.50,20.50,20.50,20.33,20.67,21.17,21.17,21.17,21.03,21.03,21.03,20.97,20.37,20.37,20.33,20.83,20.47,20.80,20.47,20.50,20.50,20.50,20.43,20.50,20.57,20.50,20.10,20.10,20.53,20.57,20.40,20.27,20.13,20.43,20.53,20.57,20.60,20.57,20.60,20.77,20.77,20.77,20.80,20.93,20.90,20.90,20.40,20.40,20.40,20.63,20.63,21.10,20.90,20.90,20.90,20.93,21.17,21.17,21.17,21.23,21.23,21.40,21.40,21.33,21.33,21.20,21.27
19.17,19.67,19.83,20.20,20.20,20.23,20.30,20.73,19.87,19.87,19.87,20.10,20.47,20.20,20.20,20.13,19.93,19.93,19.93,20.23,20.30,20.30,20.30,20.43,20.57,20.57,20.57,20.60,20.63,20.37,20.77,20.20,20.93,20.87,20.87,20.87,20.07,20.00,19.87,20.17,20.17,20.17,19.90,19.83,19.70,19.67,19.70,19.83,20.63,20.87,20.63,19.87,19.57,19.43,19.37,19.77,19.93,20.33,20.10,20.37,20.23,20.23,20.10,20.10,20.10,20.60,19.90,20.60,20.63,20.93,20.63,20.77,20.63,20.93,20.47,20.47,20.20,20.50,20.50,20.53,20.50,20.53,20.53,20.60,20.73,21.23,20.97,20.93,20.43,20.10,20.50,20.50,20.50,20.60,19.87,19.93,20.00,20.63,20.87,21.00,21.00,21.00,20.70,20.97,20.57,20.03,19.73,20.20,20.70,20.80,20.70,20.60,20.03,20.03,19.93,20.43,20.50,21.23,21.07,20.80,20.80,21.03,21.23,20.60,20.13,20.13,20.13,20.47,20.70,20.70,20.70,20.60,20.53,20.53,20.77,21.27,21.43,20.93,20.90,20.40,21.10,20.63,21.13,20.80,20.80,20.80,20.80,20.90,21.27,21.27,21.17,21.00,21.03,21.33,21.53,21.53,21.40,21.33,21.17,21.40
19.80,19.40,19.40,19.40,20.20,20.23,20.30,20.17,19.87,19.87,20.40,20.40,20.47,20.20,20.53,20.20,19.90,19.70,19.87,20.23,20.57,20.57,20.43,20.57,20.57,20.57,20.57,20.57,20.47,20.20,20.20,20.27,20.40,20.40,20.63,20.83,19.90,19.87,19.77,19.97,20.13,20.13,19.97,19.83,19.83,20.33,20.57,20.67,19.83,20.63,20.33,19.93,19.87,19.43,19.43,19.77,20.10,20.33,19.53,20.23,20.23,20.47,20.13,20.13,20.13,20.53,20.53,20.60,20.60,20.63,20.60,20.63,20.33,20.90,20.20,20.47,20.47,20.50,20.50,20.50,20.50,20.53,20.50,20.83,20.73,20.90,20.87,20.87,20.77,20.00,20.10,19.97,20.60,20.60,20.77,19.93,20.77,20.63,20.87,20.57,20.87,20.57,20.63,20.70,20.57,20.20,20.20,20.30,20.70,20.80,20.63,20.60,19.93,19.93,19.57,20.07,20.27,20.33,20.50,20.80,20.80,20.63,20.07,20.20,20.20,20.13,20.27,20.47,20.83,20.57,20.57,20.77,20.77,20.77,20.77,21.43,21.47,21.43,20.40,20.40,21.10,20.63,20.70,20.63,20.70,20.57,20.80,21.03,21.27,21.27,21.17,21.00,21.23,21.33,21.53,21.53,21.40,21.30,21.30,21.40
19.57,19.40,19.40,19.40,20.23,20.30,20.47,20.60,20.07,20.10,20.10,20.10,20.47,20.47,20.47,20.20,19.33,19.70,19.87,20.23,20.43,20.57,20.57,20.83,20.83,20.83,20.60,20.60,20.37,20.20,20.20,20.27,20.27,19.80,20.40,20.47,19.90,19.87,19.77,19.77,20.13,19.97,19.97,19.93,20.17,20.33,20.27,19.90,19.83,19.83,19.87,19.87,19.80,19.60,19.43,19.10,20.10,20.47,20.47,20.23,19.83,20.63,20.13,20.13,20.13,20.20,20.53,20.27,20.27,20.27,20.27,20.53,20.07,20.07,20.20,20.60,20.73,20.90,20.50,20.50,20.47,20.50,20.33,20.33,20.33,20.90,20.87,20.87,20.77,20.00,20.03,19.97,20.20,20.20,20.27,20.27,20.77,20.70,20.70,20.23,20.23,20.37,20.63,20.70,20.57,20.37,20.37,20.90,20.90,20.83,20.60,20.23,20.17,20.17,19.57,20.07,20.27,20.53,21.07,20.87,20.87,20.63,20.50,20.50,20.60,20.60,20.70,20.13,20.50,20.23,20.50,20.53,20.50,20.50,20.87,21.23,21.23,20.93,20.60,20.60,21.20,21.20,20.97,20.70,20.70,19.97,20.80,21.30,21.30,21.27,21.20,21.00,21.00,21.00,21.33,21.40,21.30,21.30,21.30,21.33
20.03,19.57,19.50,19.60,19.90,20.33,20.47,20.60,20.93,20.07,20.07,19.53,20.10,20.27,20.27,19.97,19.33,19.90,19.87,20.27,20.27,20.43,20.27,20.83,20.83,21.17,20.80,20.80,20.47,20.07,20.17,20.27,20.23,19.70,19.80,19.90,19.90,19.80,19.80,19.80,19.83,19.80,19.80,19.80,20.17,20.47,20.27,19.90,19.80,19.57,19.63,19.63,19.80,19.80,20.00,19.37,19.37,19.37,20.47,20.67,20.63,20.67,20.50,20.40,20.40,20.53,20.63,20.83,20.60,20.53,20.53,20.53,20.07,20.20,20.20,20.60,20.27,20.73,20.67,20.77,20.77,20.80,20.03,20.10,20.03,20.50,20.47,20.87,20.47,20.47,20.30,20.20,20.20,20.20,20.20,20.20,20.77,20.70,20.70,20.10,20.10,20.23,20.63,20.70,20.53,20.37,20.53,20.90,20.60,20.60,20.40,20.17,20.00,20.17,19.90,20.37,20.27,20.43,20.63,20.70,20.70,20.47,20.47,20.50,21.07,21.03,20.87,20.17,20.17,20.03,20.23,20.57,20.80,20.50,20.50,20.70,20.70,20.60,20.40,20.60,20.60,20.97,20.57,20.43,20.43,19.97,20.23,21.03,21.23,21.30,21.33,21.37,21.33,20.90,20.67,20.90,21.23,21.33,21.33,21.43
20.10,19.60,19.87,19.90,19.90,19.90,20.33,20.70,20.70,20.07,19.53,19.53,20.27,20.27,20.27,19.97,19.90,20.40,20.47,20.47,20.43,20.43,20.27,20.27,20.23,20.80,20.70,20.80,20.60,20.17,20.17,20.23,19.77,19.70,19.87,20.37,20.37,20.23,19.90,19.83,19.83,19.83,19.80,19.80,19.77,20.27,19.77,19.27,19.27,19.27,19.63,19.63,19.63,20.00,19.60,19.40,19.37,19.77,20.37,19.83,20.27,20.17,20.17,20.40,20.50,20.93,20.80,20.80,20.30,19.97,20.10,20.07,20.07,20.07,20.20,20.27,20.27,20.80,20.80,20.77,20.67,20.77,20.03,20.10,20.10,20.50,20.47,20.57,20.47,20.47,20.30,20.20,20.20,20.20,19.93,20.20,20.27,21.17,21.17,20.10,19.90,20.10,20.57,20.37,20.37,20.20,20.37,20.57,20.43,20.43,20.40,20.23,20.23,20.17,20.30,20.37,20.43,20.60,20.63,20.70,20.70,20.50,21.17,21.20,21.17,21.03,20.93,20.93,20.17,19.83,19.83,20.00,20.23,20.47,20.50,20.50,20.50,20.60,20.60,20.60,20.53,20.53,20.53,20.53,20.90,20.43,20.23,20.93,21.87,21.77,21.77,21.33,21.33,20.80,20.67,20.53,20.80,21.33,21.33,21.33
20.10,20.10,19.87,20.13,20.07,19.90,20.33,20.67,20.70,20.30,20.10,20.30,20.27,20.27,20.27,19.97,19.93,19.93,19.93,20.27,20.17,20.27,20.60,20.70,20.23,20.20,20.23,20.70,20.70,20.43,19.93,20.23,19.77,19.87,19.87,20.30,20.23,19.97,19.87,19.83,19.87,19.83,19.80,19.80,19.60,19.77,19.27,19.27,19.27,19.27,19.63,19.60,19.60,19.60,19.23,19.40,19.40,19.77,19.97,20.37,20.50,20.27,20.27,20.50,20.50,20.93,20.80,20.80,20.30,19.97,19.83,19.83,20.07,20.07,19.90,19.90,20.07,20.17,20.67,20.17,20.67,21.03,20.53,20.33,19.93,20.17,20.33,20.57,20.47,20.73,20.73,20.73,20.27,20.53,19.93,20.67,20.13,21.23,20.53,20.27,20.10,20.30,20.57,20.33,20.33,20.33,20.57,20.57,20.40,20.40,20.27,20.00,19.90,19.83,20.30,20.43,20.47,20.60,20.60,20.63,20.47,20.47,20.60,20.60,20.73,20.73,20.80,20.80,20.17,20.03,19.83,20.00,20.30,20.77,20.77,20.50,20.50,20.17,20.13,20.13,20.50,20.50,20.53,20.50,21.33,21.43,21.33,20.93,21.00,21.33,21.33,21.27,20.90,20.90,20.90,20.90,20.90,21.10,21.27,21.27
20.10,20.40,20.13,20.17,20.07,20.07,20.23,20.67,20.67,20.30,20.30,20.57,20.57,20.57,20.57,20.40,20.33,19.60,19.93,20.33,20.33,20.33,20.70,20.77,20.50,20.20,20.20,20.70,20.70,20.97,19.73,19.60,19.60,20.27,20.63,20.37,19.97,19.97,19.87,19.87,20.13,20.13,20.00,19.60,19.60,19.80,19.53,19.27,19.27,19.37,19.40,19.40,19.20,19.57,19.23,20.27,19.97,19.97,19.97,19.97,20.50,20.57,20.57,20.17,20.37,20.83,20.47,20.20,19.97,20.33,20.43,20.33,20.23,20.23,19.73,19.73,20.33,20.57,20.80,20.13,19.83,19.83,20.33,20.27,20.27,20.27,20.53,20.53,20.47,20.37,20.37,20.27,19.47,20.03,19.93,20.67,20.83,21.17,20.53,20.37,19.87,19.87,20.30,20.30,20.33,20.33,20.33,20.20,20.13,19.90,19.90,19.90,20.03,19.83,20.03,20.30,20.60,20.70,20.60,20.57,20.47,20.47,20.63,20.37,20.60,20.00,20.67,20.67,20.87,20.30,20.20,20.20,20.20,20.77,20.77,20.50,20.17,20.17,20.50,20.50,20.50,21.03,20.90,20.90,21.13,21.43,21.13,21.00,21.00,21.23,21.27,21.10,20.90,20.90,21.40,20.90,20.90,20.63,21.27,21.27
20.10,20.47,20.17,20.47,20.23,20.23,20.23,19.97,20.27,20.10,20.10,20.30,20.83,20.83,20.40,20.37,20.37,19.93,19.93,20.10,19.83,20.30,20.77,20.83,20.50,20.20,20.20,20.50,20.43,20.13,19.60,19.37,19.60,20.47,20.53,20.07,19.53,19.63,19.70,19.70,19.70,19.53,19.80,19.80,20.00,19.80,19.73,19.53,19.53,19.37,19.40,19.20,19.57,19.20,19.20,20.27,19.97,19.97,19.97,20.50,20.60,20.60,20.60,20.03,20.03,20.20,20.20,19.93,19.93,20.33,20.43,20.23,20.23,20.37,19.63,20.37,20.17,20.37,20.17,20.13,19.97,19.97,20.27,20.27,20.27,20.17,20.57,21.00,20.53,20.37,19.63,20.27,19.53,19.90,19.90,20.03,20.60,20.53,20.53,20.37,20.37,20.03,20.57,20.30,20.40,20.33,20.40,20.57,20.13,19.97,19.97,20.13,19.83,19.80,19.47,19.87,20.47,20.57,20.57,20.57,20.77,20.37,20.60,20.37,20.60,20.47,20.67,20.07,20.80,20.83,20.83,20.30,20.77,21.13,20.77,20.37,20.37,20.93,20.93,21.03,21.30,21.33,21.23,21.07,21.13,21.07,21.00,20.60,20.73,20.80,20.93,21.00,20.93,21.00,21.40,21.40,21.47,20.83,21.63,21.50
20.10,20.53,20.53,20.53,20.30,20.23,19.97,19.97,20.27,20.27,20.27,20.53,20.53,21.00,20.40,20.37,20.40,20.07,20.70,20.40,20.33,20.30,19.97,20.67,20.57,20.67,20.50,20.70,20.13,19.67,19.60,19.37,19.83,20.47,20.47,19.67,19.53,19.63,19.63,19.70,19.53,19.53,19.47,19.53,19.80,19.80,19.83,19.83,19.97,19.97,19.90,19.90,19.97,19.97,20.00,20.27,20.30,20.30,19.97,20.07,20.57,20.57,20.03,19.67,19.63,20.03,19.93,20.20,19.93,20.23,20.20,20.20,20.20,20.40,20.60,20.73,20.17,20.17,20.03,19.90,19.90,19.73,19.97,20.27,20.57,20.57,20.57,20.60,20.53,20.27,19.60,19.60,19.53,19.90,20.23,20.57,20.60,20.60,20.60,20.53,20.50,20.03,20.30,19.53,19.77,19.73,20.13,20.57,20.60,20.70,20.13,20.43,20.13,20.03,19.23,19.47,19.87,20.43,20.30,20.27,20.30,20.37,20.63,20.57,20.57,20.47,20.67,20.67,20.80,20.60,20.70,20.70,20.70,21.10,20.37,20.37,20.37,20.93,20.93,20.93,21.23,21.23,20.83,21.07,21.07,21.07,21.00,20.60,20.73,20.73,20.93,20.93,21.00,21.07,21.37,21.27,21.10,21.73,22.47,22.77
20.47,20.53,20.53,20.67,20.40,20.00,19.97,19.63,19.67,19.97,20.10,20.40,20.37,20.37,20.20,20.37,20.37,20.67,20.87,20.77,20.70,20.40,19.97,20.40,20.57,20.67,20.57,20.50,19.83,19.17,19.60,19.83,20.17,19.53,19.53,19.67,19.50,19.50,19.43,19.33,19.33,19.50,19.50,19.53,19.53,20.17,20.23,20.03,20.03,20.03,20.53,19.90,20.00,19.70,20.00,20.10,20.10,20.30,20.60,20.83,20.60,20.03,20.03,19.93,19.80,19.80,19.93,20.23,19.93,20.20,20.20,20.20,20.20,20.37,20.37,20.73,20.33,20.03,19.87,19.87,19.73,19.73,19.73,20.20,20.43,20.43,20.43,20.60,20.60,20.40,19.60,20.27,20.23,20.27,20.23,20.27,20.37,20.37,20.60,20.73,20.73,20.03,20.13,19.63,19.97,19.77,20.10,20.60,20.87,20.90,21.03,21.00,20.43,20.10,19.23,20.03,20.13,20.27,20.27,19.87,19.97,19.97,20.50,20.50,20.47,20.47,20.47,20.63,20.37,20.60,20.60,20.70,20.70,20.60,20.60,20.60,21.13,20.93,20.93,20.63,20.47,20.47,19.97,21.23,21.23,21.27,21.00,21.00,20.97,20.93,20.93,20.87,20.93,21.27,21.30,21.27,21.73,22.13,23.20,23.93
19.97,20.47,20.47,20.93,19.77,19.77,19.77,20.23,19.97,19.97,20.47,20.47,20.40,20.40,20.20,20.40,20.30,20.67,20.87,20.77,20.70,20.10,20.10,20.67,20.67,20.67,20.33,19.90,19.80,19.60,19.60,19.80,19.83,19.53,19.53,19.50,19.50,19.50,19.33,19.33,19.50,19.93,19.93,19.43,19.43,19.90,20.23,20.23,20.03,20.00,20.00,20.17,20.20,20.17,20.10,19.93,20.07,20.07,20.07,20.77,20.07,20.37,20.03,20.07,19.90,19.90,19.97,20.47,19.97,20.37,20.37,20.70,20.00,20.03,20.33,20.53,20.47,20.33,20.30,19.90,19.90,19.90,20.40,20.40,20.43,20.43,20.03,20.03,20.07,20.33,20.07,20.27,20.23,20.27,20.43,20.63,20.57,20.63,20.53,20.53,20.53,20.30,20.30,20.13,19.97,19.77,20.83,20.83,20.90,20.90,21.03,20.53,20.30,20.30,20.13,20.03,20.13,20.43,20.43,19.97,20.30,20.80,20.60,20.60,20.50,20.60,20.37,20.63,20.37,20.33,20.33,20.33,20.23,19.87,20.47,20.40,21.13,20.70,20.90,20.63,20.57,20.57,20.47,19.97,21.03,21.47,21.10,21.47,21.10,21.27,20.97,20.73,20.93,21.37,21.37,21.60,22.00,22.87,23.93,27.00
19.97,20.47,20.40,20.40,20.00,20.77,20.50,20.33,19.67,19.73,19.97,20.43,20.40,20.40,20.30,20.40,19.70,20.30,20.73,20.77,20.23,20.10,21.07,21.07,21.07,21.00,20.20,19.80,19.53,19.17,19.20,19.80,20.33,20.33,20.63,19.50,19.60,19.40,19.60,19.33,19.50,20.00,20.07,20.60,20.17,20.17,20.17,20.03,20.00,19.43,19.43,19.70,19.93,20.17,19.87,19.93,19.80,19.93,19.73,20.60,19.73,20.90,20.63,20.43,19.90,19.90,19.97,20.47,19.97,20.37,20.13,20.70,20.80,20.03,20.03,20.33,20.47,20.47,20.30,19.87,20.20,20.23,20.40,19.80,19.67,19.67,20.03,20.03,20.07,20.33,20.10,20.10,19.73,20.20,20.20,20.17,20.17,20.17,20.53,20.17,19.93,19.93,20.30,20.30,20.53,20.40,21.10,20.90,20.90,20.73,20.87,20.70,20.30,20.10,20.03,20.03,19.90,19.87,20.10,20.10,20.67,20.80,20.60,20.60,20.27,20.63,20.37,21.00,20.37,20.37,20.23,20.33,20.23,20.47,20.47,20.27,20.27,20.70,20.90,20.90,20.73,21.07,20.93,21.07,20.93,21.47,21.27,21.27,21.27,21.27,21.10,20.93,21.10,22.03,22.03,22.83,22.97,25.50,26.63,27.07
20.10,20.10,19.93,20.33,20.33,20.43,20.43,20.33,20.00,19.93,19.73,20.43,20.30,20.40,20.30,19.93,19.33,19.33,20.23,20.20,20.23,20.10,21.07,21.07,21.07,20.20,19.53,19.67,19.67,19.67,19.20,19.20,20.20,20.40,20.63,20.03,19.60,19.57,19.57,19.57,19.30,20.00,20.07,20.53,20.53,20.17,20.07,20.07,20.53,20.00,19.93,19.93,20.17,20.17,19.80,19.80,19.53,19.53,19.53,19.67,19.63,19.63,20.53,20.53,20.53,20.00,20.00,20.03,19.93,19.60,19.60,20.13,19.93,19.93,20.20,20.53,20.93,20.93,20.30,20.30,20.30,20.57,20.40,20.40,20.40,19.93,19.93,19.93,19.97,20.13,20.00,20.00,20.00,20.20,20.43,20.63,20.63,20.17,20.17,20.17,20.50,20.30,20.50,20.50,20.53,20.57,20.77,20.60,20.53,20.17,20.70,20.70,20.37,20.30,20.30,20.73,19.90,20.53,20.17,20.53,20.53,20.80,20.60,20.63,20.60,20.63,20.37,21.10,20.37,21.00,20.33,20.33,20.17,20.17,20.17,20.23,20.23,20.40,20.90,21.37,21.37,20.57,20.93,21.07,20.93,21.07,21.27,21.37,21.27,21.50,21.10,21.50,22.03,22.53,22.73,22.97,25.50,26.37,27.07,27.60
20.10,20.10,20.20,20.43,20.47,20.47,20.47,20.33,19.97,19.97,19.93,20.43,20.30,20.30,20.37,20.37,19.27,19.27,20.17,20.17,20.23,19.70,20.27,20.10,20.30,20.30,19.60,19.67,19.67,19.53,19.20,18.97,20.20,20.33,20.40,20.03,20.03,19.57,19.57,19.57,19.30,19.83,19.87,20.53,20.60,20.33,20.17,20.07,20.07,19.87,19.87,19.83,19.93,20.27,19.87,19.87,19.53,19.47,19.53,19.43,19.63,19.63,20.27,20.53,20.63,20.03,20.03,19.97,19.93,19.60,19.50,19.87,20.03,20.03,20.03,20.43,20.97,20.93,20.43,20.23,20.20,20.23,20.20,20.67,20.30,20.40,20.30,19.93,19.97,19.97,20.00,20.00,20.10,20.47,20.53,20.53,20.17,20.03,20.17,20.17,19.93,20.23,20.30,20.50,20.53,20.50,20.60,20.17,20.53,20.20,20.53,20.37,20.37,20.37,20.30,20.73,20.30,20.63,20.10,20.27,20.27,20.43,20.43,20.43,20.43,20.63,20.37,20.77,20.77,20.77,20.10,20.23,20.17,20.37,20.37,20.27,20.10,20.10,20.40,20.73,20.73,20.50,20.50,21.07,20.93,21.07,20.93,21.30,21.27,21.47,21.47,21.53,22.27,22.83,24.00,25.03,25.87,26.63,27.87,27.87
20.10,19.57,20.10,20.50,20.50,20.47,20.43,20.37,19.97,19.97,19.93,20.77,19.83,20.23,20.13,20.37,19.93,20.17,20.20,20.20,20.27,19.90,20.10,19.70,19.63,19.57,19.57,19.67,19.70,19.60,19.53,18.93,20.23,20.40,20.70,20.40,20.30,19.80,19.57,19.57,19.47,19.83,19.87,20.13,20.20,20.20,20.13,20.07,20.13,20.27,19.87,19.83,20.23,20.27,20.27,19.87,19.73,19.53,20.20,19.93,19.67,19.67,20.27,20.33,20.60,20.07,19.97,19.93,20.00,19.87,19.87,19.87,19.50,20.03,20.03,20.70,20.97,20.97,20.43,20.37,19.67,20.37,19.80,20.57,19.83,20.40,20.07,20.07,20.07,19.97,19.90,19.60,20.00,20.53,20.67,20.67,20.40,20.33,20.33,20.33,19.80,20.20,20.20,20.30,20.47,20.50,20.60,20.17,20.17,20.20,20.73,20.20,20.57,20.30,20.30,20.30,20.30,20.63,20.20,20.20,20.20,19.80,20.10,19.87,20.43,20.37,20.37,20.77,21.00,20.77,20.37,20.37,20.17,20.20,20.17,20.17,20.40,20.17,20.40,20.23,20.77,20.47,20.43,20.50,20.83,20.97,20.97,21.37,21.30,21.47,21.53,21.67,22.53,24.00,25.00,25.83,26.80,28.17,28.43,28.80
20.10,19.80,19.80,20.20,20.43,20.43,20.47,20.57,19.97,20.23,20.80,20.80,20.23,20.20,20.37,20.37,20.30,20.30,20.47,20.17,19.93,19.60,19.90,19.67,19.60,19.60,19.70,19.83,19.70,19.53,19.53,19.87,20.23,19.93,20.40,19.93,20.40,19.80,19.80,19.47,19.47,19.83,19.87,20.13,20.17,20.17,20.13,19.97,19.97,19.97,19.87,19.80,19.80,20.03,20.27,20.03,20.30,19.73,19.93,19.93,20.00,20.27,20.33,20.33,20.13,20.07,19.93,20.10,20.10,20.00,20.00,20.13,20.13,20.13,20.07,20.13,20.20,20.23,20.20,19.87,19.30,19.90,19.57,19.90,19.83,20.40,20.20,20.20,20.10,20.57,20.10,19.60,20.30,20.67,20.80,20.40,20.40,20.33,20.47,20.33,19.80,19.80,20.20,20.23,20.47,20.57,20.47,20.17,20.17,20.60,20.63,20.20,20.57,20.13,20.30,19.23,19.23,20.17,20.20,20.20,20.20,19.80,20.00,19.70,20.10,20.10,20.10,21.30,20.77,20.73,20.37,20.37,20.20,20.20,20.47,20.47,20.63,20.23,20.40,20.40,21.00,20.77,20.43,20.40,20.70,20.97,21.17,21.37,21.43,21.67,21.67,21.90,23.60,25.00,27.30,27.77,27.87,28.40,28.43,28.80
20.47,19.80,19.80,20.07,20.40,20.33,20.33,20.33,20.23,21.33,21.33,21.20,20.77,20.50,20.83,20.60,20.13,20.47,20.87,20.87,20.47,19.90,20.47,19.90,19.63,19.67,19.90,19.90,19.83,19.47,19.47,19.87,20.23,20.13,20.13,20.37,19.93,19.47,19.77,19.47,19.77,19.83,20.13,20.13,20.13,19.90,19.77,19.77,20.23,20.40,20.27,19.90,19.63,20.03,20.17,20.03,20.30,20.27,20.50,20.27,20.30,20.33,20.50,20.33,20.07,20.07,19.67,20.10,20.10,20.83,20.50,20.50,20.10,20.13,20.13,20.23,20.20,20.20,19.83,19.87,19.87,19.90,19.57,19.90,19.83,20.40,20.10,20.57,20.10,20.60,20.10,19.47,19.47,20.17,20.37,20.37,20.40,20.40,20.47,20.17,20.17,20.20,20.23,20.23,20.47,20.53,20.43,20.17,20.17,20.23,20.63,20.57,20.57,19.93,19.47,19.23,20.00,20.10,20.13,19.83,20.20,19.77,20.00,19.70,20.00,19.87,19.87,20.40,20.27,20.27,20.40,20.40,20.20,19.87,20.47,20.63,20.73,20.73,20.73,20.40,20.87,20.77,20.43,20.40,20.83,21.37,21.80,21.80,21.67,21.73,22.33,23.20,24.17,27.30,27.77,27.90,27.87,28.40,28.43,28.80
20.67,19.93,19.93,19.80,20.40,20.33,20.50,20.23,19.87,20.23,21.20,20.50,20.50,20.43,20.60,20.10,19.73,19.73,20.47,20.17,19.77,19.77,20.50,20.47,19.90,19.90,19.90,20.07,19.90,19.47,19.47,19.70,20.13,20.13,20.13,19.93,19.93,19.70,19.77,19.43,19.43,19.73,19.80,20.10,19.80,19.73,19.37,19.37,19.77,20.47,20.47,19.73,19.70,19.83,20.17,20.30,19.97,19.97,19.73,20.07,19.77,20.30,20.30,20.50,20.07,20.13,20.13,20.13,20.10,20.07,19.87,19.83,20.07,20.13,20.20,20.20,20.20,20.10,20.20,19.87,20.17,19.90,19.90,20.40,20.40,20.20,20.03,20.10,20.10,20.77,20.33,20.30,19.60,20.37,20.43,20.43,20.47,20.30,20.30,20.13,20.17,20.17,20.27,20.40,20.43,20.47,20.43,20.23,20.20,20.17,20.17,19.93,19.93,19.87,19.47,19.87,20.00,20.10,20.13,19.93,20.30,19.97,20.30,20.00,20.23,20.23,20.37,20.40,20.27,20.27,20.57,20.40,20.30,20.30,20.67,20.67,20.63,21.00,21.07,21.00,20.87,20.30,20.40,20.40,21.10,21.80,21.80,21.80,22.17,23.33,23.87,24.17,26.83,27.83,27.83,28.27,27.77,28.40,28.40,28.43
20.83,20.67,20.67,20.40,20.90,20.40,20.33,19.97,19.87,20.50,20.97,20.50,20.50,20.43,20.37,19.73,19.73,19.40,20.17,20.13,20.13,19.77,20.53,20.53,20.27,19.90,19.83,19.90,19.90,20.13,19.70,19.67,19.70,20.17,20.23,20.33,20.10,20.10,20.10,19.73,19.73,19.80,20.10,20.23,19.90,19.90,19.63,19.37,19.77,19.77,19.77,19.70,19.67,19.70,20.17,20.30,20.33,20.50,20.50,20.50,19.73,19.77,19.73,20.33,20.07,20.13,20.13,20.10,20.10,20.07,20.30,19.63,19.63,20.07,20.20,20.20,20.30,20.07,19.83,19.83,20.17,20.00,20.60,20.60,20.43,20.03,19.97,20.03,20.10,20.53,20.33,19.67,19.67,20.27,20.37,20.57,21.17,20.57,20.43,20.13,20.17,20.10,20.40,20.40,20.40,20.27,20.27,20.20,20.20,20.17,20.17,19.93,19.90,19.87,19.87,19.87,20.00,20.07,20.17,20.17,20.53,19.97,20.57,20.57,20.57,20.23,20.37,20.40,20.57,20.47,20.60,20.60,20.60,20.93,20.93,20.93,20.43,20.43,20.37,21.03,20.50,20.50,20.50,21.07,21.10,21.50,21.80,22.20,23.63,24.47,24.80,26.83,27.83,28.37,28.37,28.33,27.60,28.27,28.40,28.43
20.83,20.67,20.40,20.40,20.33,20.20,19.97,19.87,19.87,20.27,20.50,20.30,20.33,19.90,20.07,19.77,19.90,19.90,20.03,19.97,19.67,19.53,19.67,20.17,20.23,20.17,19.83,20.27,20.47,20.70,20.13,20.47,19.80,20.17,20.23,20.33,20.33,20.17,20.17,19.53,19.40,19.80,20.23,21.00,19.63,19.63,19.63,20.03,20.03,19.73,19.73,19.67,19.67,19.43,19.83,20.40,20.40,20.47,19.47,19.77,19.70,19.77,19.73,20.33,19.90,19.67,20.13,20.07,20.07,19.87,19.93,19.77,20.07,20.07,20.20,20.20,20.20,19.73,19.60,19.60,20.50,20.73,21.07,20.83,20.43,19.97,19.97,19.97,20.33,20.37,20.33,20.30,20.30,20.60,20.60,21.03,20.43,20.43,20.37,20.37,20.37,20.07,20.17,20.07,20.27,20.27,20.50,20.80,20.17,20.17,19.90,19.90,19.80,19.87,19.37,19.57,19.87,20.23,20.23,20.50,20.70,20.07,20.53,20.23,20.50,20.23,20.37,20.00,20.60,20.60,21.03,20.93,21.07,20.93,20.93,20.77,20.37,20.37,20.30,20.37,20.30,20.10,20.50,21.07,21.07,21.07,21.80,23.33,24.47,25.47,28.03,28.30,30.00,30.00,29.20,28.97,28.70,28.40,28.43,28.87
20.83,20.67,19.40,20.33,19.77,19.87,19.77,19.87,20.40,20.27,20.40,20.27,20.33,20.00,20.07,20.00,20.27,20.27,20.30,20.03,19.83,19.67,19.67,20.13,20.13,20.17,20.17,20.37,20.47,20.73,20.10,20.07,19.80,20.07,20.67,20.50,20.33,20.10,20.17,19.90,19.90,19.90,20.80,20.80,19.67,19.63,19.67,20.20,20.03,19.77,19.67,19.60,19.60,19.10,19.43,20.13,20.47,20.60,19.67,19.67,19.47,19.63,19.70,19.90,19.90,19.53,19.53,19.87,19.93,19.87,19.93,20.00,20.20,20.00,20.40,20.07,20.33,20.03,19.60,19.60,20.20,20.20,20.83,20.00,20.43,19.70,19.70,19.97,20.37,20.37,20.30,20.30,20.30,20.07,20.27,20.70,20.70,20.43,20.37,20.37,20.37,19.90,19.97,20.07,20.23,20.23,20.03,19.93,19.93,20.17,20.23,20.17,20.17,20.17,19.90,19.57,19.80,20.00,20.17,20.23,20.23,20.20,20.37,20.07,20.37,20.07,20.10,20.10,20.60,20.47,20.63,20.63,20.73,20.73,20.37,20.37,19.77,19.77,20.17,20.30,20.47,20.50,21.10,21.13,21.13,21.63,23.33,24.20,25.47,28.10,28.53,30.00,30.23,31.20,30.67,30.33,28.97,28.40,28.40,28.40
19.80,19.40,19.33,19.50,19.97,19.87,19.87,19.43,20.20,20.20,20.40,20.10,20.10,20.00,20.00,20.00,19.90,20.27,20.27,19.83,19.50,19.53,19.80,19.90,19.80,20.17,20.23,20.37,20.37,20.40,20.40,20.40,20.47,20.47,20.67,20.50,19.90,19.90,20.33,20.27,20.17,20.03,20.80,20.67,20.30,19.17,19.17,19.13,19.93,19.83,19.83,19.07,19.60,19.43,19.73,20.17,20.30,20.30,19.80,19.83,19.17,19.63,19.77,19.90,19.67,19.57,19.60,20.03,20.00,19.77,19.73,19.77,20.20,20.07,20.07,20.03,20.33,20.37,20.33,20.20,20.20,20.30,20.77,20.30,20.30,19.70,20.00,20.10,20.10,20.37,19.80,20.40,20.30,20.53,20.70,20.77,20.43,19.87,19.87,20.37,20.37,19.90,20.77,20.77,20.47,20.23,20.10,19.70,19.87,19.87,20.17,20.17,20.17,20.43,20.43,20.03,20.03,20.00,20.00,20.00,19.87,19.93,20.07,20.07,20.10,20.00,20.10,20.10,20.43,20.50,20.50,20.63,20.40,20.63,20.40,20.63,20.43,19.90,19.90,20.10,20.27,20.27,20.97,21.13,21.63,23.33,24.20,25.40,28.03,28.63,29.90,30.37,31.03,31.20,30.93,30.67,30.67,29.40,29.10,29.10
19.80,19.57,19.33,19.50,19.77,19.87,19.87,20.20,20.20,20.40,20.40,20.37,20.30,20.23,20.23,20.00,19.80,20.30,20.30,20.30,19.73,19.83,19.80,19.80,19.73,19.73,19.93,20.30,20.30,20.30,20.10,20.20,20.23,20.27,20.57,19.90,19.67,19.90,20.23,20.27,20.17,20.03,20.03,20.30,20.30,19.67,19.20,19.13,19.83,19.83,19.83,19.60,19.70,19.57,19.57,19.97,20.17,20.30,20.57,20.57,19.47,19.63,19.77,19.97,19.90,19.90,19.60,20.23,20.03,20.10,19.73,19.27,20.30,20.37,20.37,20.03,20.53,20.53,20.33,19.97,19.63,20.30,20.77,20.77,20.30,19.87,19.70,20.00,20.10,20.10,19.80,20.40,19.93,20.07,19.93,20.70,20.70,20.70,20.70,20.37,20.37,19.80,20.33,20.33,20.30,20.03,19.80,19.57,19.77,19.77,20.23,19.57,19.57,19.43,20.43,19.87,19.87,19.87,20.00,19.87,19.77,19.33,19.93,20.00,20.10,20.10,20.10,20.43,20.43,20.43,20.07,20.73,20.40,20.63,20.40,20.47,20.27,20.27,20.27,20.80,20.80,21.27,21.27,21.93,23.40,24.47,25.83,28.63,29.67,29.90,30.27,30.53,31.03,31.23,31.03,31.03,30.93,30.83,30.07,30.07
19.80,19.97,20.07,20.07,20.03,20.07,20.27,20.50,20.63,20.63,20.60,20.60,20.37,20.87,20.63,20.63,19.47,19.80,19.33,19.50,19.50,20.37,19.80,19.90,19.80,19.90,19.93,20.30,20.13,20.27,20.17,20.23,20.27,20.37,20.37,19.90,19.67,19.67,19.97,20.27,20.27,20.37,20.40,20.67,20.30,20.00,19.47,19.30,20.60,20.03,19.93,19.83,19.83,19.97,19.97,19.97,20.17,20.17,20.17,20.53,19.77,19.97,19.97,20.63,20.63,21.10,20.50,20.50,20.23,20.23,20.00,20.03,20.23,20.37,20.23,20.37,20.37,20.37,19.97,19.90,19.90,20.77,21.17,20.77,20.30,20.03,20.00,20.00,20.10,20.33,20.10,20.10,19.77,19.90,19.90,20.03,20.60,20.70,20.70,20.17,20.37,20.20,20.93,20.33,20.30,19.97,19.97,19.60,19.80,19.77,20.23,19.57,19.57,19.17,19.63,19.67,19.87,20.17,20.33,19.87,19.70,19.33,19.57,20.17,20.17,20.43,20.37,20.43,20.43,20.67,20.50,20.80,20.40,20.87,20.40,20.87,20.70,20.70,20.27,20.27,20.80,22.17,23.00,23.30,24.47,25.83,28.80,29.67,30.17,30.37,30.53,30.77,31.03,31.37,31.37,31.03,31.03,31.30,30.67,30.07
19.57,20.23,20.23,20.20,20.03,20.07,20.27,20.83,20.83,20.63,19.93,20.60,20.23,20.63,20.43,20.43,20.13,20.13,20.13,20.33,19.73,19.73,19.73,19.97,19.97,19.93,19.70,19.73,20.17,20.27,20.17,20.23,20.23,20.27,20.37,20.17,19.67,19.67,19.97,20.23,20.23,20.17,20.17,20.17,20.00,19.57,19.47,19.97,20.70,20.93,20.07,20.03,20.03,19.87,19.70,19.57,19.60,20.17,20.17,19.77,19.63,19.63,20.03,20.63,20.63,20.67,20.33,20.50,20.50,20.67,20.30,20.30,20.03,20.23,20.23,20.37,20.37,19.97,20.53,20.57,20.67,20.70,21.17,20.77,20.67,20.13,19.90,20.33,20.47,20.33,20.10,19.67,19.77,19.60,19.90,19.60,20.13,20.53,20.17,19.73,20.57,20.20,20.33,20.20,20.20,19.97,19.97,19.80,20.07,20.53,20.53,19.93,19.57,19.43,19.00,19.63,19.70,20.60,20.80,20.47,20.37,20.57,20.13,20.20,20.20,20.73,20.73,20.43,20.43,20.67,21.20,20.93,20.47,20.70,20.70,20.87,21.03,20.83,20.80,20.83,22.17,23.27,23.77,25.63,26.53,29.13,30.17,30.40,31.23,31.27,31.10,31.40,31.40,31.40,31.40,31.03,30.87,31.23,30.87,30.67
20.00,20.00,19.97,20.20,20.20,20.20,20.27,20.53,20.63,20.53,20.23,20.03,20.03,20.03,19.90,19.77,19.77,19.57,19.47,19.30,19.33,20.03,20.03,20.00,19.97,19.97,19.43,19.73,19.73,19.73,20.17,20.30,20.37,20.57,20.57,20.57,19.83,19.67,19.67,19.67,19.60,19.67,20.17,19.67,20.00,19.57,20.00,20.57,20.73,20.93,20.17,20.03,19.80,19.87,19.93,19.93,20.17,20.07,19.87,19.57,19.57,19.63,20.27,20.27,20.50,20.30,20.30,20.03,19.67,20.07,20.07,20.37,20.23,20.23,20.10,20.10,20.37,20.37,20.57,19.93,20.57,20.37,20.43,20.43,20.43,20.67,20.50,20.47,20.47,20.47,19.67,19.60,19.60,19.83,20.07,20.03,20.50,20.17,20.07,19.53,20.07,19.80,20.40,19.80,20.20,19.87,20.20,20.07,20.37,20.53,20.53,19.93,19.83,19.83,19.47,19.67,19.70,20.60,20.87,20.60,20.47,20.57,20.57,20.57,20.73,20.87,20.90,20.67,20.67,20.67,21.20,20.57,20.47,20.57,20.70,20.97,21.47,21.67,21.67,22.53,23.00,24.47,26.10,29.00,29.40,30.20,30.63,31.23,31.27,31.40,31.50,31.80,31.80,31.87,31.83,31.37,31.00,31.00,30.87,30.63
19.40,19.60,20.00,20.20,20.43,20.43,20.53,20.53,20.23,20.23,20.53,20.23,19.67,19.63,19.90,19.90,20.13,20.10,20.13,19.10,19.10,19.10,20.00,20.00,20.20,19.97,19.43,19.43,19.43,19.70,20.17,20.30,20.27,20.27,20.60,20.63,20.13,19.83,19.37,19.60,19.47,19.60,19.67,19.67,19.63,19.47,19.50,19.97,20.60,20.20,20.20,20.07,19.80,19.80,19.80,19.93,20.07,20.00,19.87,19.40,19.57,20.03,20.13,19.77,19.77,19.83,20.03,20.03,19.67,20.03,19.30,20.13,20.13,20.13,19.90,20.10,20.33,20.33,20.53,20.53,20.53,20.20,20.20,20.43,20.43,20.67,20.50,20.50,20.27,20.27,19.67,19.67,19.90,19.90,20.07,20.03,20.17,20.17,20.07,19.50,19.50,19.47,20.17,20.17,20.23,19.77,20.20,19.77,20.37,19.57,20.13,19.93,19.77,19.83,20.13,20.13,19.83,19.83,20.70,20.93,20.93,20.57,20.40,20.40,20.20,20.40,20.90,20.40,20.30,20.30,20.57,20.57,20.53,20.57,20.77,21.47,21.90,22.27,23.47,23.87,24.97,27.10,29.10,30.30,30.77,30.90,30.90,31.23,31.40,31.80,32.10,31.80,31.80,32.03,32.07,32.03,31.00,30.90,30.77,30.47
20.20,20.00,21.17,21.17,20.73,20.53,20.53,20.23,20.23,20.23,20.57,20.23,19.43,19.40,19.83,20.23,19.83,19.67,19.67,19.37,19.97,19.97,20.13,20.13,20.20,19.87,19.73,19.73,19.63,19.70,20.40,20.70,20.40,20.30,20.40,20.80,20.13,19.20,18.93,19.37,19.43,19.93,19.67,19.67,19.67,19.63,20.37,20.43,20.43,19.53,19.53,19.53,19.87,19.87,19.93,19.93,20.07,20.07,20.00,19.93,20.17,20.27,20.27,20.13,19.77,20.03,20.17,20.17,19.63,19.63,19.30,20.07,20.13,20.13,19.93,19.97,19.97,20.30,19.93,19.93,19.93,20.20,20.33,20.33,20.40,20.63,20.60,20.27,20.27,20.27,20.33,20.33,19.90,19.90,20.43,20.50,20.50,20.17,20.07,19.50,20.07,19.57,20.23,20.23,20.57,19.73,20.37,19.53,19.50,19.43,19.53,19.57,19.63,19.83,20.37,20.13,19.83,19.67,20.63,20.70,20.80,20.40,19.90,20.40,20.97,20.97,20.97,20.17,20.13,20.20,20.50,20.57,20.57,21.07,21.70,21.90,22.83,23.70,24.67,25.07,28.40,29.57,30.30,30.70,31.20,31.37,31.30,31.30,31.40,31.40,31.80,31.70,31.77,31.70,32.03,31.63,31.50,31.00,30.63,30.23
20.17,20.17,20.17,20.07,20.43,20.73,20.73,20.43,20.23,20.23,20.53,20.27,19.47,19.83,19.83,20.40,19.83,19.90,20.10,20.10,20.37,19.37,19.97,19.47,19.47,19.87,19.87,19.93,19.73,20.40,20.40,20.40,20.40,20.23,20.40,20.30,20.00,19.00,19.00,19.30,19.93,20.03,20.03,20.07,19.97,19.97,19.97,19.53,20.20,19.53,19.73,19.73,19.87,19.87,19.73,19.83,19.93,20.17,20.00,20.00,20.17,20.20,20.13,19.77,19.50,19.50,19.83,20.20,20.13,20.13,19.40,19.40,19.67,20.13,19.93,19.93,19.93,20.13,20.13,19.93,19.87,20.23,20.23,20.23,19.97,20.43,20.00,20.23,20.27,20.27,20.43,19.90,19.63,19.63,20.03,20.40,20.03,20.17,19.70,19.70,19.70,19.57,20.00,20.13,20.23,20.30,20.57,20.37,19.87,19.50,19.87,19.63,19.77,19.93,20.13,20.03,19.83,20.03,20.27,20.67,20.07,20.07,19.77,19.90,19.93,20.37,20.17,20.17,19.97,19.97,20.03,20.60,20.93,21.10,21.90,22.30,23.43,24.97,25.87,28.77,29.80,30.30,30.70,31.20,31.33,31.40,31.40,31.83,31.93,31.87,32.10,31.70,32.07,31.70,31.63,31.60,31.50,30.90,30.40,30.23
20.17,20.17,20.17,20.07,19.97,20.07,20.23,20.23,20.23,20.27,20.27,20.07,19.47,19.97,19.67,19.90,19.67,19.57,20.03,19.43,20.37,19.33,19.60,19.47,19.47,19.23,19.53,19.93,19.93,20.40,20.40,20.40,20.43,20.07,20.30,20.27,20.27,19.20,19.20,19.30,19.93,19.93,20.07,20.07,20.07,19.97,19.60,19.60,20.43,20.43,19.57,19.57,19.63,19.73,19.80,19.83,19.93,20.17,20.17,20.17,20.17,20.20,20.07,20.43,19.50,19.50,19.50,19.97,19.97,20.20,20.13,20.07,19.83,20.17,20.40,19.93,19.93,20.13,20.20,20.13,19.87,20.23,20.23,20.23,20.13,20.43,20.60,20.43,20.43,20.43,21.00,19.97,19.63,19.50,20.07,20.73,20.40,19.80,19.70,19.70,20.43,20.00,20.13,20.10,20.13,20.30,20.57,20.30,19.87,19.43,19.53,19.53,20.13,20.13,20.30,19.87,19.63,19.67,19.87,19.87,19.93,19.83,19.57,19.57,19.93,20.77,20.13,20.13,19.97,20.03,20.60,20.87,21.67,21.80,22.53,23.43,25.07,27.23,28.77,29.80,31.00,31.10,30.93,30.97,31.40,31.63,31.93,32.13,32.13,31.87,31.77,31.70,31.97,31.43,31.43,31.03,31.43,30.77,30.73,30.27
20.17,20.17,20.17,20.07,19.87,19.97,20.10,20.20,20.20,20.27,20.17,19.87,19.83,19.83,19.67,19.83,19.70,19.77,20.03,20.13,19.50,19.03,19.47,19.60,19.60,19.53,19.53,19.93,19.93,19.40,19.87,20.07,20.07,19.53,19.53,19.93,20.27,20.00,20.30,19.60,20.30,19.50,20.07,19.50,20.30,19.57,19.57,19.47,19.60,20.60,20.30,19.73,19.73,19.63,19.77,19.93,20.03,20.03,19.83,19.83,19.67,19.40,19.67,20.07,19.80,19.37,19.23,20.10,20.20,20.60,20.13,20.10,20.07,20.17,20.43,20.43,20.63,20.33,20.33,20.20,20.20,20.23,20.13,20.13,20.13,21.23,21.17,21.17,21.03,20.43,20.43,19.97,19.97,19.67,20.03,20.80,20.40,20.40,19.80,19.70,19.70,19.67,20.00,20.00,20.13,20.10,21.00,20.13,20.13,20.10,20.43,20.13,20.07,20.07,20.07,20.03,20.03,20.17,20.17,20.07,19.93,19.77,19.73,20.10,20.10,20.37,19.93,19.93,19.97,20.13,20.60,20.93,22.23,22.53,23.67,25.80,27.57,28.93,29.63,31.00,31.17,31.23,31.23,31.63,31.70,31.70,31.93,32.13,31.93,31.80,31.80,31.70,31.97,31.37,31.17,30.77,30.73,30.73,30.47,30.27
20.30,20.30,20.17,20.17,19.73,19.70,19.87,20.20,20.47,20.33,19.87,19.83,19.83,19.97,19.97,19.83,19.80,19.80,20.03,19.50,19.13,19.10,19.60,20.47,20.53,20.47,20.53,19.97,20.50,19.97,20.43,19.87,19.70,19.53,19.53,19.53,19.93,19.93,19.47,19.47,19.60,19.50,19.80,19.50,19.67,19.50,19.57,19.33,19.47,20.50,20.30,20.30,19.77,20.40,20.20,20.03,19.93,19.70,19.70,20.23,19.40,19.40,19.80,20.70,20.07,20.60,19.97,20.10,19.97,19.80,20.10,20.17,20.17,20.17,20.13,20.43,20.47,20.37,20.33,20.33,20.33,20.33,20.23,20.23,20.57,21.13,21.17,21.17,21.13,21.23,21.03,20.87,20.83,20.07,20.67,20.80,20.67,19.80,19.80,20.17,20.20,20.03,20.03,19.87,20.00,20.07,20.43,20.07,19.83,19.77,19.77,19.97,20.07,19.97,20.07,20.10,20.17,20.17,20.17,20.27,20.03,19.97,19.93,20.10,20.10,20.33,20.03,19.93,20.67,20.67,22.00,22.63,23.43,23.70,26.10,27.73,29.43,30.00,30.70,31.13,31.40,31.23,31.23,31.63,31.73,32.20,32.13,31.87,31.77,31.77,31.80,31.70,31.20,31.17,30.63,30.70,30.57,30.47,30.37,29.83
19.80,20.10,19.80,20.37,19.87,19.87,20.03,20.47,20.47,20.47,20.00,19.90,19.90,19.97,19.97,19.83,19.80,19.80,19.97,19.67,19.23,19.23,19.97,20.67,20.73,20.53,20.73,20.13,19.97,19.70,20.43,19.70,19.60,19.60,19.60,19.77,19.93,19.93,19.33,19.33,19.33,19.20,19.83,19.80,19.80,19.67,19.53,19.47,19.47,19.70,20.30,20.60,20.50,20.40,19.90,20.03,20.20,20.03,20.03,20.10,20.10,19.53,19.53,20.07,19.83,20.60,19.80,20.60,20.67,20.47,20.30,20.47,20.50,20.50,20.10,20.13,20.10,20.33,19.93,20.33,20.53,20.67,20.57,20.30,20.57,20.87,21.13,21.13,21.13,21.37,21.47,21.47,21.00,20.87,20.67,20.17,20.17,19.87,19.93,20.17,20.20,20.20,20.20,20.00,20.43,20.43,20.47,20.10,19.93,19.93,19.93,19.97,20.07,20.07,20.07,20.10,20.17,20.33,20.27,20.27,20.03,20.37,20.10,20.10,20.10,20.03,20.43,20.87,21.60,22.00,23.23,23.73,25.97,26.27,28.40,30.10,30.70,30.70,31.40,31.40,31.43,31.43,31.43,31.73,32.03,32.17,32.17,31.87,31.77,31.77,31.40,31.40,30.17,30.63,30.57,30.87,30.57,30.37,29.73,29.57
19.97,19.97,19.97,20.03,19.87,19.87,20.13,20.47,20.13,20.03,20.00,19.90,19.90,19.97,20.17,20.27,19.97,19.97,20.03,19.67,19.43,19.43,19.97,20.47,20.53,20.37,20.13,19.67,19.40,19.50,20.07,19.70,19.60,19.60,19.90,19.93,20.10,19.63,19.33,19.33,19.37,19.83,20.27,20.27,19.97,19.97,19.53,19.33,19.53,19.70,20.40,20.40,20.50,20.40,19.90,19.77,19.77,19.77,20.10,20.30,20.30,20.30,19.83,20.43,19.83,20.43,19.80,20.10,19.67,19.77,20.30,20.50,20.50,20.50,20.10,19.93,19.73,19.87,19.93,20.33,20.53,21.03,21.03,20.30,20.30,20.70,20.80,20.80,21.10,21.53,22.40,22.40,21.77,21.00,20.77,20.17,20.03,19.87,19.90,19.93,20.30,20.47,20.47,20.03,20.43,20.73,20.47,19.80,19.50,19.50,19.80,19.80,20.33,19.63,20.07,20.07,20.17,20.23,20.33,20.33,20.57,20.37,20.37,20.03,19.97,20.03,21.30,21.60,22.67,23.23,23.73,25.97,27.93,28.67,30.97,31.07,31.57,31.50,31.50,31.50,31.53,31.53,31.43,31.43,32.03,32.17,32.17,32.03,31.57,31.40,31.33,31.03,30.53,30.53,30.53,30.63,30.50,30.37,29.87,29.80
19.50,19.93,20.03,20.03,20.37,20.37,20.37,20.63,20.13,20.97,20.53,20.70,20.00,19.90,19.90,20.07,19.97,19.67,19.97,20.20,20.10,19.87,19.97,20.10,20.30,20.10,19.60,19.43,19.40,19.70,20.10,20.07,19.87,19.77,19.90,19.97,20.23,20.23,19.63,19.63,19.80,19.87,20.27,20.37,20.30,20.30,20.10,20.00,19.70,19.70,20.07,20.40,20.40,19.90,19.67,19.77,19.77,20.27,20.57,20.77,20.60,20.60,20.50,20.50,19.83,20.43,20.10,20.67,20.67,20.47,20.47,20.57,20.47,20.33,20.00,19.63,19.63,19.73,20.13,20.33,20.23,20.83,20.83,20.10,20.10,20.80,20.80,21.07,21.37,21.83,22.63,22.63,22.37,21.77,21.77,20.17,20.03,20.17,19.90,19.93,20.30,20.50,20.50,20.43,20.43,20.47,20.47,20.23,19.80,19.80,19.93,20.40,20.50,20.37,20.07,19.63,19.60,20.03,20.23,20.30,20.37,20.37,20.37,20.33,20.33,20.83,22.67,22.93,23.40,23.87,26.10,28.03,29.67,30.67,31.63,31.87,31.83,31.60,31.60,31.77,31.77,31.53,31.53,31.90,32.03,32.17,32.03,32.00,31.57,31.43,31.17,31.03,30.63,30.53,30.53,30.53,30.43,29.87,29.80,29.80
20.17,19.97,19.97,19.87,19.87,20.13,20.37,20.37,20.07,19.87,20.03,19.87,19.87,19.87,20.27,20.27,19.93,19.93,20.40,20.40,20.20,19.87,19.90,20.30,20.30,19.63,19.57,19.60,19.60,19.77,20.10,20.10,20.07,19.90,19.90,19.97,19.93,20.23,19.63,19.80,19.80,19.80,19.77,19.97,19.97,20.20,20.20,20.10,20.00,19.80,20.07,20.27,20.27,19.70,19.53,19.53,19.73,19.77,20.10,20.57,20.60,20.60,20.60,20.43,19.77,20.30,20.30,20.37,19.67,19.67,19.87,20.47,20.33,20.33,20.00,19.73,19.73,19.77,20.13,20.23,20.13,19.83,19.73,19.73,20.43,20.60,20.60,20.67,20.80,21.90,22.60,22.63,22.63,21.93,21.83,21.33,19.87,19.87,19.87,20.50,20.50,20.50,20.13,20.13,20.13,20.73,20.57,20.23,19.77,19.77,19.93,19.93,20.03,20.03,20.00,19.80,19.80,20.03,20.30,20.73,20.93,20.93,20.70,20.83,21.63,22.17,23.40,23.43,23.87,26.90,28.97,29.67,30.27,31.40,31.63,31.83,31.73,31.73,31.57,32.03,31.87,31.77,31.50,31.90,31.90,32.03,31.67,31.63,31.63,31.47,31.17,31.03,30.80,30.53,30.43,29.87,29.87,29.87,29.87,29.80
19.73,19.73,19.93,19.93,20.13,20.17,20.37,20.37,20.00,20.00,20.00,20.00,20.53,20.60,20.60,20.33,20.07,19.93,20.13,20.20,20.20,19.67,19.50,19.90,19.90,19.63,19.47,19.60,19.77,20.10,20.17,20.10,20.40,20.23,19.97,20.33,19.43,19.63,19.63,20.60,19.73,19.50,19.50,19.60,19.77,20.10,20.10,20.10,20.00,19.80,19.80,19.57,19.57,19.57,19.70,19.90,20.27,20.10,20.03,20.03,20.03,20.33,20.60,20.33,19.80,19.80,20.30,20.47,19.67,19.67,19.87,20.30,20.47,20.57,20.33,20.33,19.63,19.73,19.77,19.97,19.83,19.63,19.73,20.43,20.43,20.43,20.43,20.47,21.77,22.27,22.90,22.90,23.00,22.47,22.43,21.83,21.33,20.30,20.03,20.50,20.50,20.43,20.33,20.13,19.90,20.23,20.23,20.23,20.20,20.20,20.27,20.23,20.03,20.07,20.03,19.97,19.80,19.63,20.50,20.73,21.03,20.93,20.93,20.97,22.67,23.90,24.20,25.60,27.80,29.40,29.67,29.90,30.77,31.40,32.07,32.07,31.90,31.97,32.03,32.03,32.20,32.00,32.00,32.27,32.27,32.07,31.70,31.87,31.70,31.43,31.30,31.17,30.60,30.50,30.23,29.87,29.87,29.87,29.60,29.60
19.73,19.73,19.80,19.80,19.80,20.17,20.30,20.30,19.73,19.93,20.00,20.00,20.43,20.80,20.80,20.40,20.13,20.00,20.13,20.20,19.67,19.60,19.50,19.63,19.63,19.63,19.57,19.63,19.87,20.20,20.20,20.20,20.40,20.23,20.23,20.33,19.77,19.60,19.63,19.70,19.73,19.50,19.50,19.60,19.87,20.10,20.40,20.10,19.80,19.30,19.80,19.57,19.57,19.53,19.70,20.37,20.37,20.10,20.03,19.87,19.87,19.87,20.33,19.90,19.80,20.30,20.30,20.30,19.63,19.53,19.53,20.07,20.13,20.53,20.33,20.33,20.17,19.73,19.73,19.97,19.83,19.83,20.00,20.17,20.37,20.33,20.40,20.43,21.27,22.37,22.93,23.03,23.30,23.30,22.53,22.43,21.40,21.03,20.30,20.40,20.40,20.43,20.47,20.43,19.90,20.17,20.17,20.23,20.13,20.20,20.00,20.00,19.93,19.93,19.97,19.80,20.00,20.23,21.03,21.03,21.17,21.17,21.53,23.27,23.90,25.27,26.47,28.83,29.77,30.23,30.60,31.47,31.47,31.50,31.93,31.97,32.07,32.10,32.50,31.97,31.77,31.77,31.83,31.83,31.67,31.70,31.67,31.70,31.63,31.40,31.27,30.77,30.03,30.50,30.03,29.57,29.57,29.70,29.53,29.53
19.73,19.87,20.03,20.17,20.17,20.20,20.20,20.30,19.93,20.10,20.17,20.37,20.90,20.80,20.80,20.47,20.40,20.00,19.90,19.67,19.63,19.67,19.50,19.60,19.60,19.63,19.60,19.87,20.13,20.20,20.13,19.83,20.17,19.87,20.17,19.83,19.63,19.63,19.70,19.73,19.73,19.73,19.87,20.20,20.50,20.50,20.40,20.03,19.70,19.30,19.43,20.03,19.53,19.53,19.63,20.37,20.37,20.47,20.03,19.83,19.80,19.57,19.57,20.33,20.33,20.33,20.20,20.27,20.20,19.53,19.53,20.40,20.53,20.53,20.47,20.17,19.63,19.53,19.53,19.80,19.97,19.97,20.00,20.17,20.37,20.37,20.43,20.80,21.27,22.43,23.03,23.03,23.30,23.30,23.30,23.30,22.87,21.37,20.53,20.40,20.30,20.43,20.47,19.90,19.90,20.17,20.73,20.23,20.13,20.23,20.33,20.40,20.23,20.23,19.80,19.73,19.77,20.23,21.10,21.10,21.53,22.33,23.27,24.23,25.87,26.47,28.83,30.50,30.60,30.77,31.60,31.60,31.47,31.47,31.67,32.07,32.10,32.37,32.30,31.97,31.63,31.83,32.00,32.00,31.60,31.60,31.60,31.57,31.27,31.27,30.93,30.77,30.03,30.03,29.93,29.70,29.53,29.60,29.30,28.93
20.10,20.10,20.13,20.13,20.13,20.30,20.30,20.43,20.30,20.30,20.37,20.43,20.67,20.97,21.00,20.47,20.40,20.17,20.17,19.73,19.70,19.93,19.60,19.83,19.60,19.83,19.83,20.13,20.13,20.13,20.10,19.97,20.17,19.87,20.13,19.60,19.90,19.63,19.77,19.77,19.80,20.03,20.17,20.20,20.40,20.40,20.03,19.80,19.70,19.70,20.03,20.07,19.87,19.87,19.63,20.20,20.20,20.27,19.83,19.83,19.43,19.87,20.37,20.33,20.07,20.00,20.20,20.20,20.20,20.33,20.33,20.40,20.50,20.53,20.30,20.17,20.03,20.03,20.17,20.20,20.20,20.20,20.13,20.30,20.37,20.37,20.37,20.60,21.17,22.03,23.03,23.30,23.37,23.57,23.37,23.43,23.40,23.40,21.37,20.77,20.57,20.77,20.57,19.83,19.90,20.73,20.73,20.23,20.13,20.23,20.40,20.63,20.67,20.63,19.80,19.73,20.43,20.67,22.47,22.63,22.77,23.33,24.23,26.30,28.67,29.37,30.60,31.03,31.03,31.27,31.27,31.93,31.57,31.57,31.67,32.30,32.30,32.43,32.43,32.43,31.83,31.83,31.60,31.50,31.10,31.50,31.10,30.90,30.93,30.93,30.93,30.57,30.07,30.07,29.93,29.60,29.33,29.53,28.93,28.60
20.23,20.23,20.27,20.13,20.13,20.20,20.33,20.43,20.43,20.43,20.50,20.50,20.53,20.67,21.00,20.67,20.57,20.27,20.30,20.17,19.77,20.20,19.70,20.20,19.13,19.83,19.87,20.13,20.37,20.13,20.13,19.97,20.17,19.83,20.13,19.83,20.13,20.23,19.90,19.80,19.80,19.80,20.03,20.10,20.10,20.20,20.03,20.03,19.80,19.70,19.60,20.07,19.87,19.87,19.63,19.93,20.20,20.27,19.73,19.43,19.40,20.20,20.37,20.37,20.07,19.60,19.60,19.80,20.20,20.33,20.37,20.37,20.37,20.50,20.30,20.03,20.03,20.07,20.70,20.43,20.33,19.93,20.13,20.33,20.40,20.57,20.80,20.80,21.17,21.57,22.70,23.27,23.30,23.37,23.57,23.57,23.50,23.50,23.27,21.90,20.80,20.80,20.57,19.83,20.70,20.77,20.80,20.07,20.33,20.33,20.70,20.70,21.17,21.00,21.00,20.53,20.67,22.63,22.67,23.40,23.40,26.17,26.57,28.93,29.50,30.60,31.03,31.43,31.37,31.80,31.57,31.97,31.57,31.57,31.57,32.30,32.30,32.37,32.43,32.43,31.83,31.57,31.53,31.50,31.13,31.13,30.80,30.57,30.57,30.47,30.23,30.23,30.10,29.93,29.53,29.33,29.17,29.33,28.60,28.50
20.27,20.10,20.27,20.13,20.37,20.33,20.43,20.43,20.63,20.43,20.40,20.40,20.40,20.53,20.80,20.53,20.30,20.27,20.23,20.37,20.60,20.50,20.20,20.40,19.70,19.83,19.83,20.13,20.37,20.27,20.33,20.27,20.33,20.17,20.13,19.23,20.47,20.53,20.10,19.93,20.10,20.33,20.17,20.03,19.97,19.97,19.60,19.57,19.80,20.07,20.07,19.87,19.20,19.63,19.63,20.00,20.00,20.00,19.63,19.63,19.43,20.30,20.37,20.37,20.07,19.87,19.87,19.80,19.87,19.87,20.10,19.77,19.97,19.97,20.23,20.03,20.07,20.33,20.83,20.83,20.83,20.30,20.40,20.40,20.43,20.53,20.60,20.60,21.17,21.60,22.70,23.27,23.37,23.37,23.57,23.57,23.70,24.03,23.50,23.03,21.90,21.57,21.47,21.00,20.83,20.83,20.80,19.90,20.27,20.27,20.70,20.87,21.27,21.27,22.20,22.27,22.67,23.57,23.87,24.07,26.57,26.90,28.97,29.77,30.93,30.93,31.43,31.43,31.43,31.97,32.03,32.53,31.97,31.97,31.77,32.47,32.30,32.37,32.37,32.17,31.93,31.83,31.57,31.50,31.10,30.80,30.60,30.53,30.33,30.33,30.10,30.23,30.07,30.07,29.47,29.33,28.40,28.73,28.47,28.47
20.03,20.00,20.30,20.13,20.37,20.17,20.33,20.67,20.73,20.60,20.40,20.40,20.07,20.50,20.53,20.60,20.57,20.53,20.23,20.23,20.23,20.20,20.07,19.80,19.67,20.27,20.27,20.07,20.07,20.27,20.33,20.27,20.33,20.23,19.97,19.97,20.53,20.57,20.57,20.10,20.10,20.00,20.00,19.70,20.07,20.07,19.67,19.67,19.93,20.03,20.07,20.20,19.73,19.63,19.50,19.67,19.80,19.73,19.63,19.67,19.70,20.00,20.30,20.37,20.37,19.87,19.93,19.87,19.87,19.87,19.90,19.90,19.97,19.97,20.20,20.07,20.23,20.63,20.83,20.27,20.13,19.97,20.33,20.53,20.53,20.60,20.60,20.60,21.17,21.57,22.70,23.27,23.27,23.27,23.37,23.67,24.13,24.13,24.17,24.03,23.03,22.20,21.63,21.47,21.47,21.00,22.00,20.80,20.80,20.67,20.87,21.27,22.20,22.30,23.27,23.57,23.73,25.37,26.80,27.57,28.73,29.77,30.83,30.93,31.20,31.20,31.57,31.80,31.97,32.10,32.30,31.97,31.67,31.67,31.67,32.10,32.53,32.37,31.93,31.77,31.53,31.57,31.53,31.13,30.87,30.73,30.53,30.47,29.87,30.47,30.10,30.10,29.47,29.53,29.03,28.97,28.07,26.97,26.73,26.10
19.60,19.60,19.80,20.13,20.30,20.17,20.10,20.17,20.23,20.23,20.23,20.50,20.40,20.50,20.37,20.53,20.30,20.30,20.23,20.20,20.20,20.07,20.07,19.67,19.67,20.10,20.27,20.07,20.07,20.00,20.00,20.00,19.87,20.37,19.97,20.03,20.03,20.57,20.10,19.97,20.10,20.00,20.10,20.07,20.23,19.67,19.60,19.57,19.60,19.93,19.93,20.03,19.73,19.67,19.67,19.80,19.80,19.67,19.63,20.00,19.70,19.70,19.53,19.77,20.37,20.37,20.43,20.03,19.87,19.87,19.93,19.97,20.53,20.27,20.23,20.20,20.23,20.33,20.33,20.13,20.13,19.97,20.57,20.60,20.57,20.67,20.27,20.40,20.40,21.17,21.97,23.13,23.63,23.90,23.60,23.70,23.93,24.03,24.17,24.17,24.00,23.77,23.20,23.27,23.10,22.43,22.20,22.10,22.10,21.83,22.60,22.87,23.23,23.30,23.67,24.87,26.60,27.57,28.90,28.90,30.23,30.23,30.83,31.20,31.20,31.20,31.30,31.70,31.90,32.30,32.53,32.37,31.53,31.67,31.67,32.20,32.20,32.53,31.77,31.23,31.23,31.93,31.57,30.87,30.67,30.53,30.30,30.47,29.73,30.57,29.73,30.10,29.27,29.40,28.93,28.07,26.73,26.10,25.30,22.37
19.60,19.80,19.97,19.97,19.97,20.10,20.07,20.10,20.23,20.50,20.50,20.50,20.33,20.50,20.47,20.83,20.47,20.80,20.27,20.20,20.17,20.07,20.07,19.80,20.07,20.20,20.40,20.27,20.40,19.77,19.87,19.87,19.87,20.23,20.03,20.23,20.27,19.97,19.97,19.70,19.70,19.57,19.80,19.80,20.23,20.07,19.77,19.77,19.77,19.60,19.60,20.03,19.93,19.67,19.50,19.67,19.67,19.67,19.67,20.00,19.50,19.67,19.67,20.07,20.07,19.93,19.87,19.80,19.77,19.93,19.93,20.00,20.53,20.27,20.27,20.73,20.63,20.63,20.30,20.27,19.97,19.13,19.43,20.60,20.60,20.40,20.40,20.40,20.40,20.50,21.17,22.43,23.27,23.67,23.67,24.03,24.13,24.13,24.17,24.17,24.17,24.57,24.83,24.57,23.77,23.37,22.43,22.43,22.90,23.90,24.50,23.90,23.67,23.87,25.57,27.03,27.90,28.90,30.23,30.50,30.50,30.77,30.83,31.40,31.40,31.47,31.60,31.70,31.90,31.90,32.30,31.53,31.53,31.67,31.90,32.07,32.10,32.20,31.40,31.23,31.23,31.27,31.07,30.87,30.30,30.30,29.87,30.37,30.23,30.23,29.77,29.60,29.27,28.53,27.13,26.43,25.30,23.40,22.23,21.10
19.60,20.10,20.10,19.97,19.73,19.97,20.07,20.07,20.07,20.23,20.23,20.40,20.10,20.50,20.47,20.47,20.37,20.27,20.27,20.33,20.33,20.23,20.07,20.10,20.10,20.20,20.40,20.40,20.37,19.77,19.87,19.87,20.23,20.23,20.03,20.40,20.27,20.23,19.97,19.70,19.57,19.53,19.80,19.80,20.23,19.80,20.37,20.37,20.27,19.87,19.87,19.93,19.77,19.70,19.77,19.77,20.43,20.23,20.23,20.23,19.60,19.60,19.67,20.07,20.07,20.07,19.93,20.00,20.00,20.13,20.13,20.10,20.23,20.27,20.27,20.73,20.30,20.30,20.23,19.73,19.47,19.13,19.93,20.60,20.67,20.40,20.40,20.40,20.37,20.47,20.47,21.50,22.83,23.67,23.70,24.53,24.40,24.33,24.17,24.17,24.83,25.23,25.37,25.37,24.63,24.63,24.53,24.53,25.47,25.47,25.53,26.03,26.97,27.37,27.50,27.90,28.10,29.67,30.13,30.23,30.23,30.40,30.47,31.47,31.90,31.90,31.90,31.60,31.70,31.83,32.43,32.37,32.17,32.17,31.90,32.00,32.03,32.07,32.03,31.23,31.23,31.23,30.97,30.10,29.83,29.80,29.73,29.77,29.67,29.53,29.27,29.27,28.20,26.77,25.87,25.10,23.13,22.23,20.97,20.97
20.43,20.43,20.57,19.97,19.73,19.90,19.80,19.90,20.43,20.43,20.43,20.30,20.30,20.80,20.47,20.47,20.23,20.23,20.33,20.37,20.37,20.23,20.07,20.20,20.20,20.17,20.37,20.40,20.37,20.03,20.03,19.87,19.87,19.67,20.53,20.53,20.27,20.23,20.17,19.70,19.70,19.53,19.53,19.80,19.80,19.80,19.77,20.10,19.87,19.87,19.87,20.13,19.77,19.63,19.67,19.77,19.77,19.70,19.70,19.60,19.60,19.33,19.67,19.73,19.93,19.80,19.87,20.00,20.00,20.13,20.13,20.13,20.10,20.10,20.13,20.73,20.30,20.30,20.23,19.60,19.57,19.40,19.60,19.97,20.30,19.97,20.40,20.30,20.37,20.37,20.37,20.47,21.23,22.70,23.63,24.53,25.07,25.33,25.30,25.43,25.60,26.30,25.73,25.73,25.73,25.67,25.67,25.67,26.20,26.33,27.33,27.80,28.03,28.43,28.30,28.43,29.00,29.67,29.90,30.27,30.27,30.77,31.10,31.47,31.90,31.90,31.80,31.53,31.60,31.53,31.83,31.50,31.87,31.87,31.87,31.90,32.00,32.00,31.47,31.23,30.97,30.63,30.10,30.10,29.87,29.73,29.67,29.67,29.67,28.50,28.20,27.67,26.47,25.37,24.30,22.97,21.70,20.93,20.67,20.67
19.60,20.10,20.60,20.10,19.73,19.73,19.70,19.80,19.80,20.03,20.30,20.10,20.10,20.40,20.47,20.33,20.10,19.90,20.33,20.37,20.37,20.07,20.07,20.07,20.17,20.00,20.17,20.37,20.17,19.87,20.03,20.03,20.23,20.23,19.97,19.97,20.10,20.10,20.17,19.90,19.90,19.53,19.20,19.53,19.33,19.33,19.33,19.47,19.87,19.87,19.87,20.17,19.80,19.77,19.77,19.80,19.83,19.70,19.87,19.70,20.03,19.63,19.83,19.73,19.93,19.93,20.10,20.10,20.03,20.13,20.20,20.20,19.97,19.97,19.97,20.13,19.93,19.93,20.17,20.23,20.23,19.93,20.27,20.17,19.97,19.83,19.80,19.83,20.20,20.30,20.20,19.90,20.20,21.23,22.70,23.70,24.53,25.77,25.73,25.70,25.93,26.30,26.33,26.07,26.07,26.07,26.47,27.17,27.40,27.50,28.23,28.33,28.23,28.97,28.43,29.00,29.43,29.67,29.67,29.67,30.13,30.23,30.23,31.43,31.80,31.93,31.60,31.23,31.40,31.83,31.83,31.13,31.13,31.27,31.37,31.40,31.40,31.40,31.23,30.97,30.97,30.63,30.10,30.07,29.83,29.47,29.47,28.83,28.50,27.67,26.57,25.93,24.20,22.83,22.03,21.30,21.30,20.93,20.67,20.67
20.27,19.77,19.77,19.87,19.87,19.87,19.60,19.60,19.47,20.43,20.33,20.30,20.13,20.07,20.33,20.33,20.10,20.10,20.37,20.57,20.37,20.20,20.83,20.83,20.17,20.00,20.17,20.40,20.37,20.07,20.03,20.03,19.87,19.97,19.97,19.97,20.23,20.10,20.20,19.90,19.90,19.53,19.47,19.53,19.47,20.17,19.33,19.47,19.47,19.80,19.80,19.80,19.70,19.70,19.67,19.83,20.10,19.83,19.87,19.63,19.63,19.57,19.47,19.70,19.77,19.80,19.80,19.80,19.87,20.03,20.20,20.33,20.20,19.97,19.30,19.87,19.87,19.93,20.70,20.70,20.77,20.30,19.63,19.83,19.83,19.83,19.80,19.83,19.83,19.67,19.67,19.87,20.20,20.53,21.13,22.70,23.67,25.73,25.73,25.70,25.93,26.20,26.33,26.00,25.80,25.67,26.83,27.50,27.63,27.63,28.33,28.80,28.93,28.93,28.57,29.47,29.47,29.53,29.43,29.57,30.23,30.23,30.23,30.73,31.10,31.53,31.47,31.03,30.93,30.93,30.87,31.00,31.00,31.13,31.27,31.27,31.40,31.40,30.93,30.97,30.97,30.87,30.03,30.07,29.53,29.13,28.93,28.50,28.27,26.00,25.57,23.33,22.67,22.03,21.23,20.80,20.63,20.30,20.50,20.67
20.13,20.13,20.03,20.03,20.03,19.87,20.07,20.23,19.70,20.60,20.60,20.33,20.13,20.07,19.57,20.33,20.20,20.20,20.53,20.53,20.20,20.10,20.83,21.03,20.83,20.30,20.40,20.40,20.33,20.10,20.33,20.17,20.27,20.17,20.13,19.97,19.97,19.97,20.20,19.90,19.90,19.90,19.50,19.60,19.60,19.97,19.63,19.47,19.57,19.63,19.63,19.70,19.70,19.80,19.93,20.07,20.10,20.07,19.87,19.70,19.47,19.70,19.57,19.97,19.97,20.03,19.73,20.03,20.03,20.27,20.30,20.30,19.83,20.50,19.87,19.87,19.87,20.00,20.10,20.70,21.33,20.83,20.30,20.17,20.27,20.17,20.17,20.13,20.13,19.83,20.20,20.20,20.70,20.70,21.07,21.87,22.77,23.67,25.73,25.73,25.93,26.03,26.47,26.90,26.13,26.13,28.07,27.63,27.80,27.67,28.03,28.80,28.57,28.70,28.57,29.17,29.33,29.33,29.33,29.67,30.23,30.23,30.30,30.37,31.10,31.50,31.50,31.37,30.63,30.67,31.10,31.57,31.10,31.57,31.27,31.27,31.37,31.37,30.63,30.63,30.87,30.87,30.03,29.13,29.07,28.60,28.27,27.60,25.50,24.63,23.07,21.50,21.50,21.27,20.80,20.60,20.27,20.27,20.27,20.27
20.13,20.13,20.80,20.90,20.03,19.90,19.90,20.23,20.23,20.93,20.67,20.63,20.13,19.57,19.57,20.33,20.63,20.63,20.57,20.53,20.10,20.10,20.83,21.03,21.00,21.00,20.43,20.80,20.37,20.33,20.37,20.17,20.30,20.30,20.23,20.13,20.13,20.13,20.30,20.20,20.27,20.37,20.37,20.57,19.63,19.97,19.90,19.73,19.57,19.40,19.50,19.50,19.70,19.80,19.93,19.93,20.07,20.40,20.03,20.03,19.47,19.47,19.47,20.00,19.97,19.77,19.40,19.77,19.97,20.23,20.30,20.30,20.30,20.30,20.30,20.30,20.00,20.10,20.00,20.67,20.77,20.67,20.07,20.13,20.60,20.60,20.47,20.47,20.17,19.83,19.73,19.97,20.70,20.53,20.70,21.07,22.20,23.20,24.27,25.53,25.87,26.47,26.93,27.07,26.97,27.07,27.47,27.63,27.80,27.80,27.90,28.37,28.77,28.57,28.57,28.60,29.17,29.33,29.43,30.13,30.30,30.30,30.70,30.70,31.10,31.10,31.50,31.47,30.80,30.80,30.87,31.10,31.10,31.87,31.50,31.37,31.50,31.37,30.63,30.47,30.73,30.47,28.97,28.97,28.47,27.60,27.30,25.50,22.97,22.17,21.50,21.03,21.23,21.20,20.80,20.27,20.03,19.83,19.83,20.07
20.10,20.13,20.90,21.00,20.60,20.07,19.90,20.23,20.23,20.57,20.63,20.63,20.57,20.13,20.20,20.33,20.63,20.53,20.53,20.23,20.03,20.07,20.83,21.03,21.00,20.83,20.40,20.83,20.43,20.33,20.33,20.10,20.67,20.63,20.13,20.13,20.13,20.13,20.10,19.93,20.27,20.37,20.37,20.20,19.60,19.93,19.90,19.73,19.57,19.43,19.50,19.50,19.97,19.80,19.93,19.80,19.93,20.07,19.83,20.03,19.70,20.37,20.00,20.00,20.00,20.03,19.77,19.77,19.97,19.97,19.97,19.83,19.97,20.23,20.30,20.30,19.83,20.00,19.73,20.03,20.07,20.67,20.23,20.23,20.43,20.43,20.47,20.47,20.47,20.20,20.20,20.20,20.20,20.20,20.50,20.90,22.30,23.20,24.03,25.43,25.87,26.60,26.97,27.20,27.23,27.47,27.73,28.10,28.10,27.90,27.90,28.17,28.37,28.33,28.57,28.60,28.87,29.17,29.43,29.67,29.77,30.30,30.30,30.87,30.97,30.97,31.50,31.07,31.07,30.87,31.10,31.10,31.23,31.70,31.50,31.37,31.27,31.10,30.63,30.37,30.03,29.80,27.97,27.97,27.97,26.00,24.33,22.97,22.50,21.27,20.90,20.77,21.13,21.13,20.77,20.50,20.27,20.43,20.40,20.07
20.10,20.67,20.73,20.83,20.23,19.90,19.47,20.13,20.13,20.23,20.57,20.57,20.20,20.07,20.20,20.50,20.63,20.63,20.63,20.23,20.00,20.60,20.83,21.03,21.00,21.00,20.43,20.83,20.60,20.83,20.83,20.70,20.30,19.87,19.83,20.13,20.17,20.30,20.27,19.93,19.93,19.93,20.20,20.20,19.93,19.93,19.90,19.87,19.73,19.50,19.50,19.53,20.23,19.53,19.93,19.53,19.90,19.90,19.97,19.97,19.70,19.20,19.73,19.73,19.73,19.77,20.13,20.13,20.13,19.97,19.97,19.93,20.23,20.23,20.30,20.40,20.40,20.00,19.73,19.90,20.03,20.13,20.13,20.23,20.10,20.43,20.43,20.73,20.80,20.80,20.20,19.97,19.97,20.20,20.90,22.17,22.70,22.97,24.30,25.03,26.60,27.77,27.63,27.63,27.63,28.27,27.73,28.30,28.10,28.10,28.17,28.17,28.37,28.33,28.60,28.40,28.87,29.20,29.43,29.47,29.70,29.70,30.07,30.87,30.97,30.97,30.97,31.00,31.00,30.87,31.27,31.27,31.23,31.23,31.23,31.10,31.10,30.70,30.37,29.70,29.23,27.27,27.07,26.43,25.07,23.97,23.20,22.97,22.27,21.27,21.03,20.90,20.90,20.77,20.70,20.50,20.03,20.43,20.43,20.43
20.10,20.60,20.23,20.63,19.90,20.17,19.83,20.13,19.60,19.87,19.63,19.87,20.07,20.07,19.77,20.00,20.30,20.50,20.23,20.00,19.87,20.00,20.40,20.60,20.87,20.90,20.67,20.60,20.53,20.53,20.13,20.13,19.90,19.50,19.67,19.87,20.17,20.37,20.27,20.10,19.43,19.43,19.00,19.73,19.60,19.60,19.87,20.30,20.60,20.30,20.23,19.73,20.23,20.23,20.23,19.93,19.90,19.83,19.70,19.63,19.70,19.70,19.73,19.70,19.47,19.50,19.70,19.70,20.13,19.97,19.93,19.93,20.23,20.40,20.40,20.40,20.37,20.00,19.90,19.90,20.03,20.27,20.23,20.23,20.10,20.10,20.20,20.20,20.80,20.83,21.27,20.60,20.60,21.57,22.17,22.70,22.90,23.83,24.23,25.03,27.53,27.87,27.90,28.27,28.37,28.37,28.33,28.20,28.07,28.00,28.10,28.17,28.37,28.40,28.63,28.87,28.87,29.20,29.40,29.67,29.67,29.30,29.70,30.07,30.80,30.80,30.80,31.00,31.00,31.07,31.20,31.27,31.23,31.20,30.87,30.63,30.63,30.13,29.40,29.10,27.07,26.43,25.70,25.07,24.33,23.20,23.07,22.93,22.27,21.27,20.97,20.30,20.30,20.47,20.50,20.50,20.43,20.77,20.43,20.77
19.90,20.07,20.07,20.23,19.87,19.83,19.83,20.17,20.13,20.07,19.87,19.87,19.53,19.77,19.77,20.00,20.00,20.67,20.80,19.93,19.87,19.93,20.00,20.40,20.90,20.90,20.67,20.43,20.43,20.43,20.43,20.23,19.73,19.50,19.67,20.17,20.13,20.33,20.27,20.27,19.33,19.30,19.30,19.90,20.03,19.73,19.93,20.07,20.60,20.53,20.30,20.23,20.23,20.27,20.27,20.07,19.90,19.90,19.90,19.90,19.90,19.63,19.53,19.53,19.50,19.53,19.53,19.70,20.13,20.23,20.00,20.00,20.20,20.40,20.40,20.40,20.37,20.10,20.00,20.00,19.80,20.27,19.80,20.27,20.10,20.70,20.27,20.27,20.27,20.80,21.30,21.30,21.63,22.17,22.80,23.20,23.83,24.20,24.40,26.37,27.87,28.10,28.40,28.40,28.60,28.60,28.37,28.33,28.10,28.10,28.37,28.43,28.83,28.87,28.63,28.40,28.63,29.17,29.40,29.67,29.47,29.27,29.27,29.30,30.20,30.20,30.27,30.80,30.40,30.40,30.20,31.20,30.87,30.87,30.87,30.07,29.70,29.40,27.97,26.60,25.83,25.23,24.50,23.87,23.13,22.87,22.93,22.70,22.27,21.17,20.97,20.93,20.57,20.47,20.63,20.47,20.17,20.60,20.60,20.77
19.80,19.90,19.90,20.33,20.13,20.33,19.83,19.53,19.63,19.63,19.63,19.53,19.53,19.90,20.27,20.27,20.03,20.03,19.77,19.87,19.87,19.93,20.27,20.67,20.90,20.87,20.80,20.37,19.87,20.10,20.10,20.13,20.13,19.73,19.80,20.13,20.13,20.27,19.93,19.80,19.50,19.57,19.30,19.87,20.03,20.07,20.07,20.17,20.30,20.30,19.90,19.73,19.43,19.27,19.30,20.13,20.13,20.07,19.90,19.90,20.27,20.17,19.53,19.53,19.53,19.70,19.53,19.63,19.67,20.23,20.23,20.20,20.20,20.43,20.53,20.57,20.33,20.10,20.00,20.00,20.10,20.33,20.40,20.47,20.40,20.70,20.70,20.50,20.50,21.20,22.07,22.13,22.70,22.77,23.40,23.90,24.23,24.63,26.17,27.63,28.57,28.80,29.20,29.03,28.83,28.83,28.83,28.90,28.83,28.83,28.43,28.47,28.47,28.87,29.17,29.17,28.70,28.87,29.17,29.20,29.17,29.17,29.27,29.70,30.17,29.73,30.17,30.27,30.27,30.20,30.13,30.63,30.63,30.50,30.07,29.37,29.00,27.80,26.50,24.87,24.57,24.50,23.87,23.00,23.00,22.87,22.87,22.67,22.13,21.17,20.97,20.97,20.63,20.97,20.63,20.77,20.60,20.77,20.60,20.23
19.93,19.93,20.13,20.33,20.33,20.33,20.63,20.13,20.13,19.90,19.87,19.43,19.40,19.90,20.27,20.27,20.03,19.97,19.97,19.93,19.93,19.97,20.27,20.67,20.83,19.83,20.37,20.37,20.40,20.43,20.10,20.07,20.07,20.37,20.37,20.27,20.17,20.17,19.93,19.70,19.50,19.80,19.80,19.87,20.03,20.30,20.47,20.17,20.17,20.17,19.87,19.87,19.43,19.27,19.50,20.13,20.13,19.97,20.27,20.27,20.30,20.17,19.53,20.17,20.07,20.07,19.83,19.73,19.73,20.33,20.23,20.20,20.00,19.97,20.20,20.33,20.33,20.10,20.07,20.03,20.03,20.10,20.47,20.97,20.40,21.33,21.33,21.33,20.83,21.37,21.73,22.63,22.80,23.40,23.90,24.33,25.73,26.37,27.70,28.57,28.60,28.80,28.80,28.77,28.83,28.93,29.53,29.03,29.00,29.03,28.83,28.47,28.47,28.87,29.17,28.53,28.83,29.07,29.17,29.07,29.07,29.17,29.70,29.70,29.80,29.80,30.03,30.03,30.20,30.20,30.50,30.63,30.50,29.37,29.07,27.80,27.43,25.83,24.80,24.60,24.57,24.10,22.97,22.87,22.87,22.87,22.67,22.57,22.20,21.77,21.17,21.17,20.73,20.73,20.67,20.77,20.60,20.60,20.60,20.27
20.30,20.33,20.33,20.33,20.47,20.47,20.63,20.13,19.90,19.87,19.77,19.77,19.90,20.50,20.50,20.37,20.13,19.97,19.97,19.73,20.00,20.07,20.43,20.60,20.60,20.60,20.37,20.37,20.37,20.30,20.10,20.10,20.87,20.87,20.97,20.40,20.40,20.40,20.17,19.70,19.47,19.80,19.47,19.27,19.27,20.10,20.10,20.17,19.93,19.87,19.60,19.87,19.73,19.40,19.73,19.97,20.13,19.97,20.33,20.33,20.30,20.17,20.13,20.13,19.87,20.07,20.37,20.77,20.23,20.33,20.23,20.33,20.23,20.33,20.37,20.37,20.33,20.33,20.67,20.07,20.10,20.10,21.47,21.47,21.10,21.33,21.47,21.97,21.77,21.97,22.07,22.70,22.80,23.90,24.83,26.53,26.63,28.07,28.43,28.80,28.87,29.03,29.23,29.23,29.27,29.63,29.80,29.67,29.17,29.17,29.03,28.47,28.47,28.47,29.17,28.83,29.17,29.07,29.07,28.93,28.93,29.17,29.53,29.70,29.70,29.70,30.03,29.97,29.93,29.93,29.63,29.37,29.13,28.30,26.90,26.83,25.67,24.63,24.20,24.10,24.10,23.37,22.77,22.77,22.83,23.00,22.20,22.13,22.13,21.77,21.40,21.07,21.07,20.73,20.37,20.07,20.07,20.23,20.33,20.57
20.20,20.33,20.40,19.80,19.63,20.70,20.70,20.13,20.03,19.97,19.97,19.93,19.93,20.43,20.37,20.37,19.87,19.97,20.20,20.20,20.43,20.20,20.20,20.20,20.17,20.40,20.40,20.40,20.37,20.37,20.60,20.60,20.63,20.40,20.97,20.70,20.70,20.50,20.17,19.70,19.33,19.70,19.47,19.80,19.57,19.83,19.90,20.43,20.53,20.43,19.70,19.90,19.90,19.87,19.87,19.97,19.97,19.93,19.93,20.03,19.73,20.03,20.13,20.13,19.73,19.73,20.37,21.33,21.33,20.63,20.43,20.33,20.20,19.87,20.37,20.37,20.37,20.47,20.70,20.87,20.97,21.47,21.80,22.07,22.07,22.43,22.43,22.43,22.07,22.67,22.70,22.80,24.40,25.27,26.63,27.90,28.43,28.53,28.57,28.97,28.97,29.03,29.03,29.23,29.27,29.63,29.90,30.07,29.97,29.93,29.93,29.53,30.13,30.03,30.03,28.90,29.53,29.53,29.43,29.07,29.07,29.37,29.53,29.63,29.63,29.50,29.23,28.80,29.23,29.23,29.17,28.60,28.07,26.47,26.33,25.50,24.63,23.70,23.60,23.70,23.60,23.20,22.77,22.70,22.70,22.83,23.00,22.20,22.17,21.73,21.13,20.93,21.07,20.67,20.40,20.00,20.07,20.07,20.27,20.27
20.40,20.40,19.80,19.63,19.57,19.60,20.03,20.03,19.87,19.77,19.93,20.03,20.13,20.40,20.37,20.37,19.87,19.87,19.97,19.97,20.20,20.33,20.33,20.43,20.47,20.47,20.40,20.40,20.33,20.37,20.63,21.03,20.97,20.87,20.97,20.70,20.93,20.70,20.40,19.47,19.30,19.47,19.47,20.00,19.83,20.00,20.10,20.53,20.53,20.07,20.07,19.90,19.90,19.87,19.87,20.13,20.60,20.47,20.13,20.13,20.03,20.03,19.67,20.13,19.73,19.73,20.47,21.33,21.37,20.63,20.43,20.33,20.57,20.73,21.03,20.60,20.57,20.70,20.97,21.57,21.63,21.67,22.23,22.33,22.33,22.90,22.90,23.23,23.23,24.27,24.63,25.27,26.40,26.77,28.30,28.80,28.63,28.63,28.63,29.13,29.13,29.47,29.90,30.00,30.00,30.07,30.07,30.13,30.20,30.20,29.97,30.40,30.40,30.17,30.10,29.53,29.53,29.60,29.60,29.60,29.17,29.53,29.53,29.53,29.50,28.80,28.80,28.57,28.27,28.27,28.27,27.67,26.00,25.17,24.93,24.50,23.50,23.50,23.40,23.57,23.33,23.20,22.77,22.70,22.70,23.00,23.00,22.50,22.20,21.73,21.07,21.03,21.07,20.47,20.33,20.00,20.00,20.07,20.07,20.07
20.20,20.20,19.67,19.63,19.47,19.77,20.10,20.03,20.10,20.03,20.03,20.10,20.13,20.23,20.13,20.03,19.83,19.83,19.77,19.37,19.37,19.63,19.83,20.20,20.47,20.47,20.43,20.43,20.40,20.53,20.63,20.63,20.70,20.57,20.70,20.97,20.97,20.97,19.83,19.70,19.47,19.93,19.50,19.97,19.97,19.97,20.53,20.73,20.73,19.87,19.70,19.70,19.90,19.90,19.97,20.20,20.40,20.00,19.93,19.87,19.70,19.67,19.70,20.27,20.27,19.73,20.27,20.67,21.40,21.40,21.37,20.43,20.73,21.17,21.23,21.47,21.47,21.73,21.83,22.03,22.03,22.43,22.43,22.47,23.23,23.27,24.03,24.03,25.20,25.50,26.03,26.30,27.67,28.63,28.70,29.17,29.13,28.73,28.73,29.33,29.53,29.53,30.00,30.00,30.37,30.07,30.13,30.37,30.60,30.60,30.57,30.57,30.57,30.60,30.17,30.10,29.97,30.13,30.10,30.13,30.10,29.77,29.47,29.57,29.50,28.83,28.73,27.73,27.37,27.60,27.60,26.20,25.17,24.93,24.77,24.33,23.50,23.50,23.40,23.57,23.17,23.20,22.70,22.70,22.70,23.03,22.53,22.53,22.33,22.20,21.60,21.03,20.77,20.47,20.40,20.33,20.00,20.07,20.00,20.00
19.93,19.93,19.80,20.37,20.27,19.77,20.10,20.07,20.17,20.07,20.03,20.03,20.03,20.10,19.93,19.93,19.87,19.77,19.40,19.37,19.20,19.37,19.37,19.83,20.23,20.43,20.43,20.63,20.50,20.53,20.80,20.80,20.70,20.57,20.70,20.67,20.97,21.10,21.10,20.63,19.53,19.63,19.50,19.63,19.97,20.20,20.27,20.27,20.27,19.77,19.53,19.50,19.97,19.97,20.13,20.30,20.47,20.30,20.43,20.07,20.43,19.70,19.97,20.27,20.67,20.67,20.67,21.33,21.37,21.60,21.63,21.80,21.80,21.67,21.67,22.27,22.27,22.37,22.40,22.67,22.90,23.23,23.30,23.53,24.77,25.47,26.03,26.03,26.03,26.03,26.30,27.67,28.23,28.70,28.70,29.13,28.73,29.13,29.27,29.53,29.90,30.03,30.30,30.30,30.57,30.20,30.57,30.37,30.60,30.37,30.30,30.40,30.57,30.90,30.57,30.30,29.97,30.33,30.33,30.13,30.10,29.23,29.23,28.90,28.83,28.83,28.83,27.53,27.07,27.07,26.63,25.27,24.93,24.87,24.77,24.47,23.60,23.83,23.50,23.33,23.17,23.20,23.17,23.03,23.20,23.13,23.07,22.70,22.53,22.23,21.67,21.60,21.03,20.47,20.47,20.33,20.00,20.00,20.00,20.00
19.93,19.93,19.80,20.37,20.27,20.07,19.77,20.07,20.43,20.43,20.17,20.10,20.10,20.10,19.93,19.90,19.90,19.80,19.80,19.80,19.37,19.37,19.37,19.83,20.07,20.23,20.63,20.80,20.80,20.63,20.53,20.37,20.57,20.43,20.70,20.93,20.97,21.20,20.73,20.63,20.07,19.93,19.50,19.43,19.43,19.13,19.33,19.33,20.27,19.77,19.77,19.50,19.97,19.93,20.17,20.17,20.40,20.10,20.53,20.07,20.53,19.97,20.60,20.63,20.97,20.97,21.33,21.60,21.60,21.63,22.00,22.07,22.23,22.00,22.50,22.50,22.93,22.93,22.90,23.10,23.83,24.33,24.53,25.43,25.77,26.33,26.33,26.70,26.30,26.90,27.13,27.67,28.20,28.33,28.73,29.17,29.17,29.50,29.50,29.67,30.03,30.00,30.20,30.20,30.57,30.20,30.70,30.50,30.50,30.40,30.30,30.43,30.57,30.63,30.40,30.10,30.30,30.53,30.53,30.33,30.10,29.23,29.20,29.03,28.83,28.83,28.73,27.07,26.63,26.63,25.50,24.77,24.77,24.77,24.60,24.47,23.57,23.83,23.33,23.17,23.17,23.20,23.20,23.20,23.20,23.13,22.97,22.83,22.53,22.27,21.73,21.83,21.30,20.77,20.47,20.27,20.07,20.00,20.00,19.93
19.57,20.00,20.00,20.53,20.47,19.73,19.60,20.07,20.93,20.40,20.17,20.40,19.90,19.93,19.90,19.90,19.40,19.80,20.20,19.93,19.47,19.23,19.63,20.07,20.23,20.23,20.23,20.63,20.20,19.83,19.83,20.37,20.57,20.57,20.67,20.67,20.70,20.70,20.67,20.63,20.13,19.90,19.87,19.90,20.13,20.17,20.03,20.03,20.27,19.77,19.77,19.77,20.60,19.90,19.93,20.17,20.47,20.40,21.00,20.53,21.00,20.53,21.03,20.97,21.03,21.47,21.83,22.30,22.30,22.07,22.90,23.37,23.40,23.40,23.53,24.37,24.37,24.37,24.50,25.10,25.17,25.43,25.77,26.07,26.63,26.97,26.97,27.00,27.00,27.53,27.53,28.23,28.23,28.33,28.73,29.17,29.53,29.67,29.67,30.37,30.53,30.33,30.30,30.20,30.70,30.80,30.97,30.50,30.40,30.37,30.17,30.33,30.33,30.57,30.30,30.10,30.17,30.30,30.47,30.10,30.03,29.23,28.77,28.53,28.47,28.90,27.77,27.03,26.63,26.27,24.83,24.30,24.60,24.60,24.10,24.10,23.57,23.17,23.10,23.10,23.17,23.17,23.20,23.20,23.30,23.13,22.97,22.83,22.70,22.27,21.73,21.83,21.70,20.77,20.77,20.50,20.60,20.00,20.00,19.93
20.53,20.00,19.73,20.07,19.87,19.87,19.60,20.53,20.93,20.40,20.37,20.37,20.23,20.23,20.23,20.10,20.10,20.57,20.53,20.20,19.47,19.63,20.03,20.07,20.20,20.07,20.20,20.63,20.63,20.63,19.83,20.53,20.57,20.70,20.63,20.70,20.70,20.70,20.50,20.40,20.37,20.07,19.90,19.90,20.13,20.17,20.17,20.23,20.50,20.47,20.47,20.70,20.70,19.93,19.93,20.17,21.00,21.00,21.17,20.87,20.87,20.87,22.23,21.67,21.47,22.20,22.47,22.67,22.70,23.10,23.57,23.77,24.20,24.90,24.97,25.00,25.07,25.20,25.60,25.50,25.50,25.70,25.83,26.47,26.73,26.83,26.83,27.00,27.27,27.53,27.53,27.77,27.97,28.20,28.73,29.17,29.53,29.93,30.27,30.37,30.43,30.10,30.10,30.30,31.00,31.53,31.53,30.97,30.77,30.77,30.53,30.33,30.17,30.17,29.90,29.60,29.77,29.77,30.03,30.00,29.60,29.30,28.77,28.47,28.10,27.90,27.20,26.50,26.33,25.50,24.57,24.13,24.00,24.10,23.63,23.53,23.40,23.33,23.27,23.27,23.33,23.43,23.43,23.17,23.17,22.97,22.90,22.77,22.37,22.27,21.97,21.97,21.30,20.50,20.50,20.50,20.73,20.60,20.60,19.67
19.47,19.77,19.73,19.87,19.87,19.87,19.93,20.53,20.00,19.87,19.87,20.00,20.27,20.43,20.27,20.10,19.83,20.20,20.20,19.47,19.47,19.63,19.90,19.90,20.03,20.00,20.20,20.20,20.20,20.87,21.30,21.30,20.70,20.70,20.57,20.70,20.70,20.50,20.40,20.50,20.77,20.40,20.27,20.13,20.20,20.20,20.30,20.60,20.50,20.47,19.83,19.83,20.23,19.90,20.13,20.53,21.47,21.50,21.57,21.57,21.77,21.77,22.70,22.70,22.80,23.13,22.70,23.13,23.40,23.77,24.27,24.90,24.73,24.90,25.00,25.27,25.73,25.73,25.73,25.60,25.83,25.70,26.47,26.73,26.93,26.97,26.97,27.00,27.53,27.57,27.73,27.90,27.97,27.93,28.70,29.13,29.53,30.23,30.27,30.27,30.43,30.37,30.30,30.53,31.00,31.53,31.53,31.13,30.97,30.77,30.73,30.33,30.10,30.03,29.47,29.60,29.73,29.73,29.77,29.43,29.40,28.77,28.13,28.13,28.10,27.90,27.20,26.33,25.87,24.60,24.57,24.13,23.93,23.93,23.70,23.70,23.53,23.33,23.13,23.23,23.27,23.43,23.43,23.17,23.17,22.90,22.90,22.73,22.70,21.70,21.60,21.33,21.33,20.50,20.50,20.50,20.73,20.73,20.60,19.80
19.53,19.63,19.73,19.87,19.87,20.20,20.00,20.47,19.67,19.87,19.73,20.13,20.27,20.50,20.27,20.13,20.10,20.17,20.20,19.53,19.50,19.50,19.90,19.80,19.80,19.93,20.53,20.73,20.80,21.30,21.30,21.40,20.80,21.40,20.80,20.70,20.07,20.07,20.23,20.40,20.77,20.40,20.40,20.00,20.27,20.07,20.67,20.60,20.47,19.83,19.87,19.97,20.23,20.13,20.40,20.40,21.47,21.57,21.83,21.77,22.00,22.20,22.70,23.20,23.57,23.57,23.40,23.40,23.63,25.00,24.27,24.27,24.37,24.73,24.73,25.00,25.27,25.60,25.73,25.60,26.23,25.70,26.73,26.73,27.03,27.03,26.60,26.63,27.53,27.53,27.67,27.67,27.97,28.60,28.70,29.13,29.43,29.93,30.07,30.07,30.43,30.70,30.70,30.70,31.43,31.47,31.47,31.13,30.97,30.97,30.73,30.63,30.10,29.90,29.37,29.30,29.30,29.20,29.17,29.17,28.57,29.13,28.13,28.13,27.90,27.33,26.53,25.80,25.07,24.60,24.57,24.07,23.93,23.93,23.63,23.47,23.40,23.33,23.33,23.33,23.53,23.43,23.43,23.10,22.90,22.90,22.90,23.10,22.43,22.40,21.90,21.60,21.20,20.27,20.17,19.97,20.30,20.80,20.30,19.80
19.47,19.63,20.07,20.63,20.07,20.20,19.87,20.00,19.67,19.87,19.67,19.87,20.10,20.27,20.27,19.83,19.83,19.83,20.20,19.70,19.50,19.50,19.90,20.00,20.03,20.03,20.20,20.73,20.80,21.10,20.93,21.40,20.70,20.80,20.50,20.50,20.47,20.07,20.03,20.23,20.50,20.50,20.53,20.27,20.30,20.07,20.30,20.23,20.47,19.87,20.23,19.97,20.23,20.17,20.47,20.40,21.37,21.50,21.90,22.53,22.30,22.30,22.87,23.57,23.60,23.13,23.33,23.40,23.97,24.97,24.27,24.33,24.37,24.57,24.57,24.50,25.23,25.50,25.50,25.40,26.13,26.07,26.23,26.67,26.73,26.67,26.37,26.63,27.63,27.63,27.67,27.67,27.90,28.60,28.70,28.90,29.50,29.83,30.03,29.83,30.07,30.50,30.70,30.60,31.00,31.07,31.40,31.07,30.83,30.83,30.73,30.63,30.43,30.03,29.27,29.03,29.20,29.17,29.17,28.63,28.50,27.90,27.87,27.87,27.33,27.03,26.00,25.33,24.80,24.43,24.43,24.23,24.07,24.13,23.73,23.70,23.33,23.47,23.47,23.53,23.40,23.43,23.40,23.17,23.17,23.10,22.73,22.73,22.70,22.70,21.90,21.60,21.33,20.97,20.20,20.20,20.30,20.80,20.30,20.20
19.50,19.53,20.40,20.63,20.20,19.90,19.60,19.90,20.07,20.13,19.67,19.67,19.67,20.10,20.13,20.13,20.37,20.37,20.73,19.70,19.47,19.47,19.43,20.00,20.20,20.20,20.17,20.20,20.70,20.93,20.70,20.23,20.23,20.50,20.50,20.47,20.07,20.07,19.90,20.07,20.23,20.43,20.57,20.57,20.73,20.23,20.73,20.23,20.77,19.87,20.33,20.13,20.33,20.17,20.40,20.47,21.13,21.57,22.20,22.77,23.20,23.20,23.20,23.20,23.67,22.90,22.97,23.33,23.63,23.97,23.97,24.43,24.43,24.40,24.40,24.20,24.40,24.40,25.17,24.83,25.07,25.83,26.23,26.67,26.73,27.40,26.67,26.63,27.10,27.10,27.63,27.67,27.67,28.13,28.57,28.90,29.33,29.50,29.47,29.47,29.83,30.27,30.60,30.43,30.43,30.43,30.77,30.77,30.73,30.73,30.53,30.53,29.97,29.97,29.30,29.13,29.13,29.03,29.13,28.27,28.27,27.90,27.87,27.33,26.90,26.53,25.33,25.03,24.83,24.80,24.67,24.23,24.13,23.73,23.73,23.40,23.47,23.47,23.50,23.53,23.53,23.40,23.40,23.17,23.17,23.03,22.77,22.77,22.70,22.70,22.40,21.67,21.50,21.20,20.20,20.20,20.10,20.30,19.77,19.77
19.50,19.50,20.40,20.40,20.40,19.70,19.67,19.83,20.00,20.07,20.00,19.93,19.93,20.10,19.63,19.63,19.97,20.37,20.70,19.70,19.47,19.47,19.43,20.20,20.17,20.17,19.87,20.03,20.17,20.67,20.70,20.37,20.23,20.23,20.50,20.50,20.47,20.47,19.90,20.13,20.43,20.50,20.60,20.60,20.97,20.73,20.77,20.60,20.77,20.00,20.33,19.87,20.13,20.10,20.20,20.47,21.37,21.77,22.30,22.53,23.20,22.87,22.87,22.77,22.90,22.87,22.87,22.87,23.33,23.33,23.33,24.33,24.33,24.20,24.10,24.20,24.20,24.20,24.10,24.10,24.67,25.07,26.07,26.07,26.67,27.33,27.40,27.57,27.63,27.13,27.63,27.93,28.03,28.03,28.20,29.30,29.50,29.50,29.43,29.80,29.83,30.07,30.43,30.27,30.27,30.17,30.33,30.63,30.73,30.73,29.77,29.50,29.50,29.50,29.13,28.97,28.60,28.60,28.87,28.13,28.13,27.87,27.57,26.90,26.00,26.00,25.60,24.87,24.83,24.80,24.43,24.23,24.23,24.47,24.30,23.77,23.47,23.30,23.20,23.40,23.40,23.70,23.40,23.27,23.27,23.03,22.93,22.77,22.77,22.77,22.70,21.67,21.60,21.50,20.97,20.30,20.30,20.30,20.20,19.77
19.50,19.50,19.50,19.50,19.70,19.90,19.90,19.90,19.83,19.90,20.00,20.00,20.00,20.47,20.17,20.17,19.83,19.97,19.97,19.63,19.47,19.47,19.47,19.53,19.83,19.93,19.87,20.00,20.03,20.37,20.53,20.37,20.37,20.37,20.83,20.57,20.47,20.47,20.13,20.13,20.43,20.43,20.67,20.60,20.73,20.73,20.77,20.60,20.27,19.77,19.83,19.87,20.20,20.10,20.10,20.23,21.33,21.77,22.20,22.00,22.63,21.87,22.57,22.30,22.77,22.07,22.57,22.57,22.57,22.73,22.77,22.73,22.43,22.43,22.47,22.47,22.47,23.53,23.53,23.40,23.93,24.57,24.93,25.37,25.93,27.33,27.40,27.63,27.60,27.13,27.13,28.07,28.03,28.03,28.03,29.20,29.30,29.20,29.07,28.83,29.80,30.13,30.40,30.27,30.27,30.17,29.93,29.77,29.70,29.67,29.47,28.97,29.40,29.30,29.30,29.00,28.97,28.40,28.17,27.90,27.67,27.57,26.90,26.53,25.63,25.63,25.13,24.90,24.90,24.97,24.97,24.13,24.13,24.10,24.10,23.97,23.47,23.30,22.97,22.97,22.97,23.40,23.37,23.70,23.53,23.03,23.03,23.03,23.17,23.17,23.17,21.60,21.57,21.50,21.30,20.33,20.10,20.00,19.77,19.77
19.57,19.57,19.57,19.87,20.30,20.40,20.40,19.83,19.83,19.90,20.00,20.00,20.00,20.17,20.17,20.07,19.97,19.83,19.97,19.63,19.77,19.63,19.73,19.73,19.77,19.93,19.83,20.03,19.80,20.03,20.53,20.67,20.83,21.47,20.83,21.23,20.77,20.77,20.73,20.53,19.70,20.53,20.60,20.60,20.60,20.93,20.80,20.27,19.57,19.43,19.77,19.83,20.03,20.03,20.07,20.23,21.00,21.33,21.33,21.43,21.43,21.47,21.50,22.07,22.07,21.87,21.67,21.53,21.53,21.53,21.63,21.87,21.87,21.87,21.37,21.37,21.43,21.90,22.17,22.37,23.83,24.37,24.57,25.37,25.77,26.23,27.00,27.60,27.60,27.60,27.23,28.53,28.10,28.13,28.13,29.20,29.43,29.27,29.27,29.27,29.57,29.57,29.60,30.27,30.30,30.30,29.97,29.67,29.67,29.50,29.47,29.47,29.50,29.00,28.90,28.97,28.10,28.97,28.17,27.67,27.50,26.70,26.30,26.23,25.63,25.67,25.67,26.00,24.97,24.90,24.13,23.83,23.83,24.10,24.17,24.10,23.43,23.43,22.77,22.97,22.83,23.70,23.37,23.40,23.53,23.53,23.17,23.03,23.17,23.17,22.53,22.00,21.67,21.57,21.30,20.97,20.97,21.13,21.17,21.07
19.57,19.90,19.83,19.90,20.13,20.30,20.40,19.90,20.03,19.90,20.00,20.00,20.53,20.17,20.17,20.07,19.87,19.83,19.87,19.80,19.93,19.67,19.77,19.73,19.83,19.97,19.97,20.43,20.17,20.17,20.17,20.43,20.70,20.83,20.83,20.83,20.77,20.77,20.77,20.73,20.53,20.67,21.47,21.47,20.40,20.60,20.27,20.13,19.60,19.57,19.60,19.77,20.03,19.87,19.87,19.97,20.23,21.23,21.23,21.37,20.80,21.33,20.80,21.33,20.80,21.00,21.00,20.43,20.43,21.03,21.37,21.47,21.83,21.87,21.37,21.37,21.43,22.17,22.17,22.27,22.90,23.93,24.83,25.43,26.23,26.60,26.87,27.50,27.00,27.50,27.27,28.03,28.03,28.10,28.13,28.83,29.27,29.63,29.27,29.27,29.40,29.40,29.47,29.60,29.83,29.97,29.67,29.53,29.67,29.47,29.47,29.13,28.90,28.83,28.83,28.10,27.83,27.83,27.33,27.33,27.17,26.40,25.80,25.80,25.50,25.50,25.40,25.67,24.93,24.30,24.17,23.80,23.30,23.80,23.53,23.53,23.47,23.53,23.47,23.07,22.83,23.40,23.37,23.37,23.03,23.03,23.27,23.17,23.27,23.17,22.30,22.20,22.03,21.57,21.37,21.30,21.13,21.30,21.17,21.17
19.93,20.07,20.07,20.13,20.13,20.03,20.30,19.83,20.33,19.83,20.33,20.53,20.07,19.93,19.67,19.67,19.67,19.20,19.87,19.20,19.77,19.17,19.67,19.73,19.97,20.00,19.97,20.50,20.17,19.73,19.73,20.43,20.70,20.70,20.70,20.63,20.33,20.73,20.27,20.73,20.77,21.10,21.27,20.87,20.87,20.60,20.33,19.70,19.43,19.37,19.37,19.37,19.63,19.87,19.87,20.30,20.30,20.57,20.57,20.80,20.80,20.97,20.37,20.47,20.40,20.40,19.90,20.07,20.13,20.43,21.13,21.47,21.47,21.70,21.40,21.73,21.83,22.47,22.47,22.90,24.27,24.83,25.47,27.00,26.53,27.40,26.87,27.67,27.50,27.83,27.97,28.50,28.10,28.10,28.10,28.83,29.53,29.63,29.47,29.47,29.40,29.23,29.40,29.60,29.77,29.83,29.70,29.67,29.67,29.13,29.20,28.97,28.83,28.63,27.83,27.63,27.07,27.07,26.73,26.70,26.40,26.30,25.63,25.47,25.40,25.40,25.10,24.93,24.30,24.17,24.17,23.80,23.80,23.80,24.17,23.53,23.53,23.43,22.90,23.07,23.07,23.40,23.23,23.00,23.00,23.03,23.17,23.07,22.87,22.67,22.30,22.53,22.20,22.07,21.37,21.37,21.10,21.13,20.93,20.83
19.93,20.47,20.47,20.27,20.13,20.03,20.03,19.87,19.97,19.93,19.73,19.50,20.07,20.07,19.93,19.33,19.17,19.00,19.87,19.57,20.37,19.57,19.67,19.80,20.00,20.00,19.67,19.97,20.03,20.03,20.07,20.20,20.70,20.67,20.73,20.73,20.53,20.27,20.27,20.53,21.03,21.10,21.27,20.77,20.47,20.30,20.30,19.73,19.60,19.37,19.37,19.63,19.70,19.90,19.87,20.30,20.30,20.53,20.40,20.40,20.40,20.37,20.00,20.40,20.40,20.40,19.93,20.07,20.13,21.13,21.37,21.53,21.70,22.07,22.10,22.43,23.07,23.90,24.27,24.53,25.03,25.47,26.07,27.57,27.13,27.80,27.67,28.10,27.67,27.97,27.87,28.47,28.03,28.03,27.83,28.23,28.37,28.37,28.70,29.23,29.40,29.23,29.40,29.27,29.70,28.57,29.47,28.57,29.40,28.57,28.57,28.07,28.07,27.83,27.63,27.07,27.07,27.07,26.63,26.23,26.07,25.33,25.07,24.63,24.50,24.50,24.60,24.60,24.30,24.27,24.27,23.77,23.67,23.80,24.23,24.13,23.73,22.90,22.90,23.07,23.07,23.07,23.23,23.23,23.30,23.07,23.27,23.27,23.27,22.73,22.53,22.53,22.53,22.13,21.37,21.37,21.13,21.13,20.67,20.67
19.93,20.27,20.60,20.70,20.87,20.67,20.03,19.70,19.70,19.63,19.50,19.30,19.50,19.33,19.63,19.33,20.00,19.37,20.00,19.97,20.13,19.63,19.83,19.83,19.83,19.83,19.67,19.67,19.67,19.57,19.60,20.07,20.67,20.60,20.60,20.57,20.33,20.53,20.53,20.53,20.53,20.77,20.87,20.80,20.80,20.30,20.27,19.70,19.40,19.33,19.37,20.13,20.13,20.27,19.77,20.50,20.53,20.53,20.17,20.10,20.40,20.00,19.90,19.90,19.90,20.77,20.67,20.53,20.53,21.17,21.63,21.70,22.03,22.07,22.30,23.27,24.13,24.53,24.93,25.40,25.20,25.50,26.07,26.67,26.87,27.23,27.23,28.10,27.70,28.10,27.73,28.20,27.83,27.83,27.37,27.70,27.30,28.30,28.17,28.37,28.70,28.93,28.93,29.20,29.27,28.70,29.40,28.70,29.40,28.27,28.07,27.93,27.93,27.83,27.33,26.97,26.60,26.23,25.93,25.50,25.10,24.67,24.67,24.53,24.47,24.20,24.20,23.83,24.13,24.27,24.27,23.77,23.80,24.00,24.23,24.17,23.83,22.80,22.67,22.80,23.07,23.07,23.23,23.23,23.30,23.07,23.07,22.87,22.73,22.57,22.60,22.43,22.53,22.10,21.93,21.17,21.13,21.13,20.00,19.70
19.37,19.70,19.70,20.70,20.87,20.87,19.87,19.87,19.80,19.80,19.80,19.30,19.53,19.33,19.53,19.73,20.17,20.00,20.13,19.97,20.07,20.03,20.07,20.00,19.83,19.80,19.67,19.67,19.67,19.50,20.07,20.07,20.20,20.23,20.47,20.60,20.53,20.57,20.53,20.53,20.53,20.40,20.77,20.43,20.43,20.20,20.20,19.47,19.63,19.33,20.13,20.37,20.37,20.27,19.77,20.53,20.70,20.53,20.00,19.57,19.43,19.43,20.27,20.17,20.17,20.97,20.97,20.97,21.13,21.47,21.97,22.07,22.30,22.30,23.67,24.13,24.43,25.40,25.40,25.63,25.20,25.50,25.57,26.07,26.10,27.13,27.23,27.47,27.37,27.40,27.40,27.53,27.53,27.70,27.30,27.90,27.30,28.20,28.17,28.17,28.27,28.43,28.43,28.63,28.47,28.63,28.70,28.70,28.57,28.17,27.97,27.93,27.93,27.63,26.60,26.60,25.87,25.87,24.67,24.67,24.47,24.47,23.80,24.47,24.43,24.20,24.17,24.17,24.63,24.40,24.13,23.73,23.73,23.73,24.00,24.17,23.83,23.77,22.80,23.03,23.07,23.23,23.23,23.23,22.97,22.60,22.53,22.80,23.50,22.57,23.03,22.43,22.67,21.93,21.30,21.13,20.63,20.90,20.43,19.07
19.73,19.70,19.70,19.70,20.50,20.30,20.07,20.07,19.70,19.50,19.80,20.03,19.80,19.53,19.73,19.80,20.17,19.97,19.97,19.43,19.43,20.03,20.07,20.33,19.83,19.80,19.63,19.63,19.63,19.63,20.13,20.13,20.17,20.07,19.90,19.87,19.90,20.03,20.03,20.27,20.13,20.13,20.40,20.40,20.43,20.20,20.20,20.10,20.10,19.63,19.63,19.87,20.27,19.77,19.77,20.57,20.70,20.67,20.67,20.00,20.53,20.53,20.73,20.57,20.57,20.97,21.13,21.47,21.63,21.97,22.17,22.23,22.37,24.30,24.50,24.50,24.67,25.20,25.27,25.27,25.27,25.53,25.63,26.10,26.10,26.67,26.87,27.10,27.03,27.40,27.57,27.57,27.53,27.53,27.20,27.27,27.27,28.17,28.17,28.17,27.73,27.73,27.93,28.43,28.43,28.47,28.03,28.17,28.00,28.00,27.93,27.93,27.47,27.03,25.57,25.57,24.77,24.67,24.60,23.93,23.73,23.73,23.80,24.53,24.43,24.40,24.20,24.17,24.13,24.13,24.13,23.73,23.73,23.73,23.80,23.83,23.80,23.83,23.03,23.03,23.03,23.60,23.33,23.07,22.70,22.70,22.50,22.57,22.57,22.57,22.80,22.37,22.37,21.60,21.43,21.43,20.63,20.90,20.90,21.10
19.73,19.70,19.70,19.70,19.73,19.87,20.07,20.30,19.83,19.83,20.03,20.07,20.07,20.07,20.07,19.73,19.47,19.43,19.43,19.43,19.43,19.57,19.67,20.07,20.07,19.80,19.63,19.63,19.63,19.67,20.17,20.17,20.17,19.33,19.23,19.47,19.77,19.70,19.70,19.63,19.60,20.27,20.40,20.20,20.20,20.13,19.47,19.77,20.43,20.43,20.27,19.87,20.10,19.70,19.93,19.93,20.57,20.57,20.67,20.67,20.53,20.73,20.73,20.73,20.57,20.90,21.13,21.50,22.27,22.63,22.80,23.07,23.87,24.30,24.67,24.67,24.67,25.03,25.03,25.00,25.00,25.30,25.57,26.03,25.57,25.97,25.97,26.57,26.57,27.03,27.40,27.40,27.13,27.13,27.13,27.27,27.37,27.40,27.40,27.40,27.30,27.30,27.73,27.83,27.83,27.90,27.90,28.03,27.83,27.60,27.43,27.47,27.33,25.80,25.47,25.37,24.60,24.43,23.93,23.30,23.30,23.30,23.73,24.07,24.40,24.40,24.20,24.13,24.13,24.03,24.03,23.70,23.70,23.67,23.67,23.50,23.67,23.87,23.67,23.73,23.03,23.73,23.60,22.83,22.73,22.70,23.10,22.63,23.10,22.80,23.23,22.77,22.37,21.60,21.30,21.30,20.43,20.43,20.43,21.10
19.27,19.70,19.90,19.73,19.73,19.43,20.07,20.07,19.83,19.50,19.83,19.80,20.07,20.07,20.33,20.07,19.47,19.43,19.43,19.60,19.63,19.63,19.63,19.90,19.80,19.90,19.63,19.70,20.20,20.20,19.63,19.63,19.63,19.23,19.13,19.47,19.70,19.70,19.63,19.30,19.33,19.53,19.60,20.13,19.60,19.90,19.90,19.90,19.77,19.87,19.87,19.70,19.70,19.70,20.10,19.80,19.87,19.97,20.27,20.67,20.50,20.53,20.57,20.63,20.57,20.90,21.50,22.30,22.90,22.97,23.07,24.13,24.13,24.30,24.50,24.50,24.37,24.83,24.83,24.63,24.63,25.30,25.30,25.10,25.13,25.13,25.13,25.53,25.97,26.43,26.70,26.87,26.87,27.00,27.13,27.27,27.37,27.40,27.37,27.40,27.27,27.13,27.30,27.30,27.43,27.70,27.70,27.83,26.90,26.97,26.97,27.33,26.37,25.53,25.27,24.50,24.50,23.93,23.93,23.30,23.63,23.73,23.73,24.10,24.37,24.37,24.13,23.67,23.67,23.40,23.40,23.37,23.63,24.17,24.17,23.80,23.60,24.00,23.60,23.57,23.30,23.30,22.83,22.73,23.40,23.40,23.53,22.63,22.97,22.97,23.40,22.80,22.37,21.83,21.60,21.30,21.20,21.10,20.97,20.13
19.33,19.90,20.33,19.83,19.73,19.43,19.97,20.13,19.97,19.83,20.30,19.80,19.80,19.80,20.07,19.50,19.47,19.47,20.10,20.10,20.10,19.93,19.67,19.77,19.73,19.90,19.57,19.70,19.97,19.97,19.63,19.53,19.63,19.80,20.07,20.33,20.33,20.43,19.70,19.30,19.33,20.10,20.10,19.60,19.40,19.40,19.40,19.77,19.77,19.77,20.53,20.27,20.20,20.10,20.10,19.80,19.87,20.27,20.37,20.47,20.43,20.77,20.63,20.77,20.63,20.90,22.07,22.97,23.07,23.37,23.57,24.13,24.13,24.67,24.67,24.37,24.30,24.30,24.33,24.33,24.33,24.50,24.87,24.77,24.77,24.53,24.53,24.57,25.67,25.97,26.33,26.47,26.23,26.23,27.00,27.33,27.33,27.33,27.27,27.23,27.23,27.13,27.30,27.40,27.43,27.27,27.10,26.57,26.47,26.47,26.47,26.43,25.73,25.07,24.37,23.47,23.90,23.73,23.73,23.40,23.53,23.57,23.53,23.57,23.60,23.67,23.67,23.50,23.40,23.13,23.13,23.13,23.60,23.63,24.17,23.83,23.60,23.83,23.60,23.30,23.30,23.23,23.23,22.73,23.40,23.40,23.47,23.10,23.10,23.30,23.40,23.40,22.57,21.87,21.83,21.53,21.37,21.20,20.33,19.60
19.03,19.83,20.33,19.83,19.43,19.43,20.03,20.03,20.33,20.30,20.30,20.13,20.10,19.67,20.07,20.07,20.53,20.73,20.10,20.07,20.07,20.07,19.93,19.93,19.83,19.90,19.83,20.40,20.30,20.07,20.07,19.63,19.63,19.57,20.33,20.33,20.33,19.67,19.67,19.67,20.10,20.27,20.30,20.30,19.90,19.90,19.90,19.77,19.77,19.47,19.90,19.37,19.90,20.20,20.20,20.20,20.27,20.27,20.37,20.47,20.47,21.43,21.57,21.90,22.00,22.30,23.07,23.77,23.63,23.23,23.13,23.93,24.03,24.67,24.67,24.37,24.30,24.23,24.23,23.40,23.40,23.40,23.60,23.33,23.33,24.40,24.83,24.87,25.53,25.67,25.93,26.13,26.13,26.13,26.17,27.00,27.27,27.33,27.27,27.20,26.57,27.13,27.37,27.40,27.10,26.83,26.57,26.13,26.20,25.87,26.20,25.23,25.07,24.37,24.13,23.47,23.60,23.60,23.77,23.73,24.00,24.00,23.57,23.57,23.03,23.50,23.50,23.50,23.13,23.03,23.03,23.03,23.13,23.60,23.70,23.83,23.83,23.83,23.57,23.53,23.30,23.07,22.10,22.10,22.17,22.83,23.47,23.27,22.97,22.80,22.80,22.97,22.70,22.57,21.83,21.67,21.37,21.37,20.33,20.00
20.10,20.10,20.13,19.83,19.43,20.03,20.03,20.17,20.33,20.37,20.30,20.30,20.13,20.10,20.10,20.10,20.47,19.70,19.80,19.80,20.07,20.23,20.23,20.23,19.83,19.83,19.70,19.93,19.97,19.97,19.97,19.67,19.57,19.50,20.07,20.07,20.10,19.67,19.67,19.67,20.10,20.27,20.47,20.47,20.00,19.57,19.57,19.30,19.43,19.07,19.27,19.27,19.90,20.17,20.23,20.37,20.47,20.50,20.47,21.43,21.57,21.83,21.97,22.47,22.87,22.90,23.27,23.27,23.63,23.13,22.80,22.67,23.53,24.10,23.53,23.50,23.50,23.20,22.97,22.57,22.57,23.00,23.07,23.20,23.20,24.40,24.83,24.87,24.87,25.20,25.30,25.77,25.77,25.47,25.47,25.60,26.47,26.47,26.47,25.10,26.20,26.43,27.13,27.27,26.47,26.07,26.07,26.07,26.13,25.77,25.77,25.00,24.37,23.90,23.90,23.47,23.47,23.60,23.73,23.73,24.13,23.57,23.53,23.13,23.03,23.00,23.40,23.40,23.13,23.03,22.97,22.97,23.03,23.40,23.60,23.83,23.83,23.53,23.53,23.20,23.07,23.07,22.80,22.80,22.53,22.83,23.27,23.27,22.80,22.70,22.70,22.70,22.70,22.70,22.47,22.03,21.67,21.67,20.33,20.00
19.17,19.87,20.13,20.13,20.13,20.13,20.03,20.03,19.93,19.93,20.13,20.37,20.37,20.10,20.37,20.47,20.47,19.67,19.70,19.47,20.07,20.23,20.23,20.23,20.07,20.07,19.70,19.80,19.80,19.83,19.97,19.83,19.50,19.50,19.57,19.67,20.10,19.67,19.67,19.67,19.67,20.27,20.40,20.40,19.93,19.80,19.57,19.50,19.80,19.27,19.27,19.17,19.87,19.87,20.03,20.23,20.20,20.47,20.47,21.43,21.93,21.90,22.40,22.73,23.27,23.40,23.27,23.23,23.23,22.87,22.80,22.67,22.80,23.10,23.10,22.77,22.77,22.77,21.67,21.67,22.57,22.73,22.73,23.20,24.50,24.83,24.50,24.87,24.83,24.87,24.53,24.23,24.13,24.53,24.53,24.33,24.33,24.37,24.83,25.10,25.97,26.67,26.67,26.47,25.87,26.07,26.07,26.07,25.77,25.40,25.23,23.77,23.87,24.23,24.13,23.60,23.60,23.60,23.63,23.80,24.13,23.73,23.57,23.33,23.33,23.37,23.50,23.47,23.47,23.20,22.97,23.07,23.07,23.43,23.40,23.70,23.30,23.03,22.33,23.53,23.07,23.07,22.80,22.80,22.53,22.83,22.97,22.90,22.80,22.47,22.00,22.40,22.60,22.40,22.40,22.03,21.83,21.73,20.77,20.67
20.10,20.10,20.13,20.13,20.13,20.17,19.73,19.73,19.67,19.80,19.80,19.80,20.03,20.10,20.37,20.10,19.60,19.53,19.70,19.00,20.07,20.07,20.07,20.07,20.00,20.07,19.63,19.70,19.70,19.97,19.83,19.67,19.50,19.50,19.67,19.90,20.20,20.13,20.00,19.60,19.67,20.20,20.33,20.03,20.03,19.93,19.57,19.80,19.80,20.00,20.03,20.03,20.27,20.17,19.90,20.03,20.47,20.47,20.47,21.83,21.93,22.33,22.40,22.70,22.73,22.73,22.57,22.73,22.73,22.67,22.67,22.07,22.77,22.67,22.67,22.33,22.07,21.60,21.57,21.67,22.57,22.77,23.00,24.37,24.50,24.50,24.17,24.37,24.37,24.53,23.77,23.77,23.37,23.07,23.07,23.07,23.50,23.87,24.00,24.57,25.57,25.97,25.57,25.50,25.73,25.87,25.87,24.90,24.90,23.90,23.77,23.77,23.87,24.03,23.03,23.03,23.13,23.63,23.57,23.57,23.27,23.27,23.27,23.20,23.33,23.37,23.40,23.40,23.47,23.20,22.60,22.97,23.40,23.43,23.30,23.03,22.60,22.30,22.20,22.87,23.63,23.10,23.10,23.10,23.30,23.30,23.10,22.97,22.60,22.43,22.00,22.00,22.40,22.40,22.40,22.33,21.97,21.73,20.77,20.67
19.17,19.17,19.87,19.70,20.57,20.87,20.40,19.73,19.73,19.73,19.80,19.33,19.50,19.50,19.60,19.60,19.53,19.53,19.10,19.00,19.27,19.47,20.00,20.23,20.33,20.33,19.63,19.83,19.83,20.17,19.97,20.40,19.63,19.50,19.67,19.83,20.30,20.13,20.00,19.60,19.87,19.87,20.03,20.03,20.03,20.03,20.03,20.43,20.03,20.03,20.17,20.03,20.33,19.87,19.87,19.90,20.20,20.47,20.97,21.90,21.97,21.97,22.30,22.40,22.30,22.73,22.53,22.53,22.53,22.13,21.83,21.50,21.33,21.33,22.07,22.23,22.07,21.60,21.60,22.77,22.77,23.17,23.93,24.37,23.93,24.17,23.67,24.17,23.40,23.40,22.63,22.53,22.53,21.57,21.57,21.77,22.43,22.93,23.50,23.80,25.47,25.57,25.57,25.53,25.53,25.53,24.93,23.77,23.63,23.53,23.10,23.43,23.50,24.03,23.20,23.13,22.97,23.63,23.33,22.97,22.97,22.97,23.27,23.27,23.37,23.37,23.37,23.20,23.20,23.20,23.07,23.43,23.57,23.57,23.40,23.03,22.97,22.97,22.93,23.63,23.63,23.10,23.10,22.80,22.83,23.10,23.10,22.97,22.87,22.60,22.60,22.17,22.40,22.40,22.40,21.83,21.73,21.33,20.77,20.77
19.13,19.13,19.70,19.17,19.70,19.97,19.97,19.73,19.67,19.67,19.80,19.17,19.33,19.33,19.60,19.60,19.37,19.53,19.33,19.27,19.27,19.27,19.53,19.53,19.83,19.83,19.83,20.30,19.83,19.97,19.97,20.13,19.63,19.37,19.67,19.83,20.30,19.83,19.27,19.27,19.47,19.87,20.03,20.03,20.03,20.03,20.27,20.00,20.07,20.07,20.20,20.67,20.33,20.03,19.80,19.80,20.13,20.40,20.30,21.47,21.97,21.97,21.87,21.87,21.53,21.97,22.03,22.03,21.87,21.60,21.40,21.40,21.07,21.30,21.33,21.63,22.23,21.77,22.77,23.00,22.77,23.17,23.23,23.93,23.67,23.83,23.27,23.27,23.00,22.43,21.80,21.77,21.30,20.90,21.00,22.20,22.53,22.57,22.77,23.03,23.80,25.20,25.50,25.53,25.53,24.93,24.37,23.63,23.27,23.20,23.03,23.10,23.23,23.40,23.23,23.20,23.13,23.13,23.33,23.33,23.27,22.97,23.20,23.20,23.20,23.43,23.73,23.70,23.50,23.50,23.07,23.57,23.57,23.57,23.03,23.03,22.93,22.97,22.93,23.17,23.20,23.10,22.93,22.50,22.80,22.93,23.10,23.10,22.87,22.60,22.87,22.60,22.60,22.60,22.17,21.80,21.73,21.33,20.77,20.77
19.13,19.20,19.50,19.47,19.47,19.70,19.90,19.73,19.40,19.27,19.67,19.27,19.30,18.67,19.13,19.13,19.37,19.53,19.33,19.27,19.27,19.53,20.30,20.30,19.83,19.77,19.83,20.30,19.80,19.33,20.13,20.27,20.13,19.40,19.67,19.90,19.97,19.90,20.13,19.83,19.83,19.87,19.87,19.87,19.87,19.87,20.27,19.97,20.07,20.07,20.20,20.67,20.03,19.80,19.80,20.40,20.13,20.30,20.13,20.97,21.47,21.53,21.53,21.87,21.97,21.97,21.87,21.60,21.30,20.93,20.93,21.33,21.07,21.30,21.33,21.67,22.23,22.40,23.00,23.17,23.37,23.80,23.23,23.23,23.03,23.27,23.03,23.03,22.47,21.53,21.53,21.30,20.63,20.63,20.73,21.00,22.33,22.57,22.93,23.03,23.80,25.20,25.47,25.53,24.93,24.37,23.77,23.63,22.90,23.10,22.73,23.10,23.17,23.40,23.23,23.20,23.20,23.13,23.10,23.07,23.10,22.87,23.27,23.27,23.43,23.43,23.83,23.70,23.50,23.50,23.50,23.57,23.57,23.57,23.27,23.13,22.97,22.97,22.93,23.17,23.17,23.17,22.97,22.80,22.80,22.83,22.83,22.23,22.87,22.87,22.87,22.60,22.60,23.07,22.53,22.17,21.80,21.37,20.90,20.77
19.13,19.20,19.50,19.57,19.70,19.90,19.40,19.40,19.27,19.53,19.67,19.57,19.27,18.90,19.27,19.63,19.57,19.57,19.37,19.33,19.83,19.83,19.83,19.53,19.30,19.33,20.30,20.30,20.13,19.80,20.13,20.23,20.13,19.40,20.00,20.00,20.07,20.00,20.13,19.53,19.47,19.53,19.97,20.17,20.43,20.17,20.27,19.97,19.97,19.63,19.77,19.77,19.77,19.37,19.47,19.80,19.93,19.93,19.87,19.87,20.60,21.03,20.70,21.07,20.47,21.47,21.30,21.30,20.93,20.93,20.93,20.90,20.90,21.17,21.33,21.67,22.17,22.37,22.83,23.17,23.37,23.27,23.23,23.03,23.03,22.37,22.67,22.67,21.27,20.53,20.93,20.93,20.47,20.47,20.73,21.90,22.47,22.77,23.03,23.03,23.77,24.90,25.17,24.67,24.37,23.77,23.57,23.17,22.67,22.90,22.73,23.13,23.17,23.40,23.37,23.30,23.30,23.43,23.43,23.13,23.13,22.87,22.80,22.83,22.87,22.87,23.40,23.40,23.63,23.07,23.07,22.97,22.97,23.30,23.27,23.13,22.97,22.60,22.47,22.70,22.97,23.20,22.73,22.50,22.30,22.20,22.20,21.97,22.83,22.93,22.93,23.20,22.80,22.80,22.17,21.80,21.67,21.13,20.77,20.77
19.50,19.20,19.20,19.47,19.70,19.90,19.40,19.40,19.40,19.70,19.70,19.57,19.13,18.97,19.27,19.67,19.83,19.67,19.90,20.00,20.70,20.80,20.40,20.30,19.47,19.47,19.47,20.30,19.80,19.87,20.23,20.27,20.27,19.40,19.97,19.97,20.00,19.90,20.00,19.80,19.80,19.90,20.27,20.27,20.23,20.17,19.97,19.97,19.83,19.37,19.37,19.63,19.63,19.37,19.47,19.93,19.93,19.87,19.87,19.60,20.53,20.63,20.63,20.17,19.93,19.97,20.33,20.50,20.93,20.93,21.03,20.93,21.37,21.17,21.67,21.87,22.17,22.37,22.40,22.97,23.27,23.43,23.33,22.37,21.90,21.90,21.50,21.50,20.60,20.33,20.97,20.97,20.97,20.90,21.27,21.87,21.90,23.00,23.37,23.60,24.00,24.13,24.57,23.83,23.77,23.77,22.97,22.67,22.67,23.13,23.10,23.13,23.17,23.20,22.97,22.97,23.17,23.20,23.13,23.07,23.03,22.77,22.80,22.83,23.13,22.87,23.27,23.27,23.27,23.20,23.07,22.93,22.97,23.27,23.47,23.13,23.03,22.60,22.70,22.77,22.97,22.97,22.73,22.50,22.30,22.17,22.17,21.97,22.13,22.13,22.27,22.53,22.80,22.90,21.87,21.63,21.57,21.57,20.87,20.53
18.60,18.70,18.97,19.30,20.17,20.50,20.50,19.90,19.90,19.70,20.00,19.60,19.60,19.57,19.83,20.03,19.83,19.90,20.00,20.53,20.70,19.97,19.83,19.53,19.40,20.00,19.40,20.00,20.00,20.13,20.30,19.93,19.93,19.43,19.83,19.90,19.93,19.90,19.80,19.53,19.53,19.90,20.27,20.43,20.23,20.23,19.83,20.17,19.83,20.10,19.77,19.77,19.73,19.63,19.47,19.50,19.27,19.27,19.53,19.43,19.53,20.13,20.40,20.07,19.67,19.97,20.33,20.33,20.50,21.07,21.07,21.03,21.53,21.67,21.87,22.40,22.23,22.23,22.23,22.47,22.67,23.10,23.10,22.23,21.20,21.27,21.07,21.07,20.53,20.30,20.33,20.40,20.97,21.03,21.47,21.87,22.10,23.00,23.47,23.60,24.00,24.00,24.00,23.40,23.17,23.00,22.47,22.47,22.27,22.67,23.10,23.10,23.17,23.00,22.80,22.80,23.17,23.20,23.40,23.13,22.77,22.70,22.77,22.80,22.87,22.70,23.17,23.17,23.27,23.20,22.93,22.53,22.53,22.87,23.47,22.97,23.13,22.97,23.20,23.20,22.97,22.73,22.50,22.43,22.43,22.43,22.33,22.13,22.33,22.13,21.90,22.00,22.20,22.00,21.17,21.07,20.97,21.13,20.37,20.00
18.80,19.07,18.97,19.23,19.30,19.83,19.97,19.73,19.90,19.57,19.80,19.50,19.80,19.50,19.90,20.03,20.03,20.00,20.00,20.00,20.13,19.97,20.13,20.00,20.03,20.03,19.80,19.27,19.27,19.57,19.60,19.60,19.70,19.43,19.83,19.83,19.90,19.90,19.83,19.83,19.83,19.97,19.90,20.27,19.80,19.93,19.67,19.43,19.97,20.33,20.23,20.10,19.80,19.80,19.47,19.63,19.13,19.20,19.27,19.43,19.60,19.43,20.13,20.03,20.03,20.33,20.33,20.33,20.33,20.63,21.03,21.23,21.87,22.00,22.00,22.40,22.23,22.23,22.23,22.37,22.23,22.23,21.73,21.27,20.93,20.93,20.30,20.60,20.30,20.33,20.33,20.33,20.90,20.90,21.67,21.93,22.27,22.83,23.47,23.80,24.00,23.63,23.77,23.63,23.17,23.00,22.03,22.03,22.27,22.27,22.83,23.00,23.00,22.80,22.77,22.80,23.17,23.47,23.47,23.40,22.90,22.70,22.90,23.10,23.10,23.10,23.20,23.20,23.20,23.20,23.20,22.80,22.77,22.87,23.47,23.27,23.27,23.27,23.30,22.90,22.90,22.70,22.70,22.50,22.67,22.53,22.43,22.13,22.33,21.73,21.73,21.73,22.00,21.87,21.60,20.97,20.87,20.97,20.47,20.00
18.80,18.83,19.07,19.73,19.83,19.83,19.97,19.93,19.93,19.73,19.80,19.60,19.80,19.60,20.07,20.07,20.03,19.80,19.87,19.97,19.97,19.93,19.93,19.53,20.03,20.03,19.80,19.67,19.77,19.57,19.60,19.27,19.60,19.43,19.83,19.90,19.90,19.90,19.87,19.90,19.90,19.97,19.80,19.90,19.80,19.93,19.67,19.97,20.33,20.53,20.33,20.23,19.90,19.63,19.47,19.50,19.43,19.43,19.53,19.53,20.13,19.27,20.03,20.03,20.03,20.20,20.03,20.00,20.00,20.57,20.90,21.23,21.53,21.83,21.83,22.23,22.07,21.80,21.63,21.63,21.73,21.73,21.20,21.20,20.07,20.10,19.93,20.30,19.40,19.43,19.63,20.20,20.60,20.90,21.67,22.37,22.80,22.97,23.23,23.20,23.20,23.10,23.10,23.10,23.10,22.03,22.03,22.37,22.37,22.37,22.83,22.87,23.00,23.07,22.80,22.90,22.90,23.23,23.40,23.40,22.90,22.70,22.73,22.73,22.73,22.70,22.70,22.43,23.17,22.80,23.10,22.77,22.77,22.87,23.17,23.17,23.27,23.27,23.63,22.90,22.70,22.00,22.67,22.67,22.67,22.57,22.53,22.43,22.43,21.53,21.43,21.33,21.53,21.60,21.53,20.97,20.77,20.97,20.37,19.63
18.83,19.07,20.23,20.40,19.83,19.77,19.83,19.93,19.77,19.53,19.77,19.43,19.43,19.23,19.87,19.80,19.87,19.80,19.87,19.87,19.87,19.87,19.37,19.37,20.03,20.03,19.80,19.77,19.80,19.27,19.60,19.27,19.60,18.70,18.67,19.33,19.87,19.87,19.90,20.07,20.13,20.13,19.80,19.73,19.80,19.90,19.47,19.47,19.50,20.33,20.33,20.17,19.87,19.87,19.63,19.63,19.43,19.43,19.93,20.13,20.50,20.40,20.37,20.20,20.20,20.40,20.03,20.00,20.00,20.57,20.57,20.90,21.13,22.00,21.40,21.40,21.40,21.10,21.30,21.30,21.30,20.90,20.90,20.63,20.07,20.10,20.07,20.27,19.50,20.17,19.87,20.20,20.27,20.90,21.23,22.37,22.43,22.80,23.00,23.07,23.20,23.10,23.10,22.50,22.00,22.00,22.03,22.37,22.37,22.37,22.27,23.00,23.00,23.07,22.77,22.83,22.77,22.80,23.23,23.23,23.70,23.10,22.90,22.90,22.80,22.97,22.80,22.33,22.40,22.40,22.50,22.50,22.77,22.90,23.17,22.63,22.63,22.77,22.87,22.77,22.70,22.47,22.47,22.47,22.47,22.53,22.47,22.03,21.43,21.27,21.13,21.13,21.33,21.57,21.13,20.23,20.03,20.50,20.50,20.47
19.40,19.40,19.67,20.23,19.87,19.87,19.87,19.90,19.77,19.77,19.77,19.80,20.13,19.47,20.17,19.87,19.87,19.87,20.07,20.20,20.07,19.80,19.67,19.67,19.93,20.03,19.93,19.77,19.93,19.87,19.87,19.63,19.63,19.63,19.43,19.77,19.70,19.70,19.87,20.07,20.13,19.40,19.40,19.40,20.30,20.47,20.37,19.50,19.50,19.87,20.17,20.17,19.97,19.87,19.63,19.47,19.43,19.43,19.93,20.13,20.40,20.47,20.37,20.20,20.20,20.37,20.23,20.23,20.47,20.57,20.53,20.37,20.53,20.70,21.37,20.80,20.80,20.70,20.43,20.20,20.43,19.87,20.13,20.13,20.13,20.43,20.07,20.27,19.50,20.17,20.17,20.27,20.40,20.83,21.23,22.13,22.43,23.00,23.00,22.17,22.40,22.40,22.40,21.30,21.37,21.67,21.90,22.50,22.17,22.87,22.27,23.10,23.00,23.10,22.83,22.80,22.60,22.60,22.90,22.90,23.60,23.30,22.73,22.73,22.80,22.83,22.67,22.33,22.40,22.40,22.40,22.47,22.77,22.90,22.63,22.43,22.17,22.43,22.83,22.77,22.67,22.07,22.13,22.43,22.43,22.67,21.97,21.67,21.33,21.27,21.13,21.13,21.53,21.53,20.43,20.37,20.23,20.50,20.50,20.50
19.67,19.67,19.83,19.83,19.87,20.23,20.30,20.27,19.83,19.77,19.77,20.13,20.13,19.53,19.53,19.80,19.87,19.87,20.07,20.07,19.67,19.47,19.47,19.60,19.63,19.63,19.90,19.90,19.93,19.87,19.87,19.63,19.63,19.63,19.43,19.63,19.43,19.70,19.70,20.43,20.07,20.00,19.87,20.00,20.67,20.93,20.67,20.37,20.37,20.07,20.07,19.93,19.87,19.87,19.87,19.47,19.43,19.43,19.53,19.90,20.27,20.47,20.47,20.40,20.37,20.37,20.37,20.37,20.57,20.57,20.53,20.20,20.37,20.47,20.50,20.50,20.77,20.20,20.43,20.20,20.43,19.87,19.90,20.13,20.13,20.43,20.07,20.33,20.27,20.33,20.57,20.33,20.87,21.13,21.17,22.13,22.67,22.67,22.10,22.10,22.37,22.37,22.03,21.30,21.37,22.00,22.00,22.50,21.90,22.27,22.27,23.00,23.00,23.00,22.83,22.80,22.80,22.60,23.30,23.23,23.60,23.30,22.60,22.83,22.80,22.83,22.80,22.67,22.67,22.50,22.50,22.50,22.47,23.23,22.63,22.47,22.17,21.87,21.87,22.77,22.67,22.43,22.17,22.17,21.63,21.80,21.63,21.27,21.27,21.27,21.13,21.13,21.23,21.50,20.43,20.37,20.23,20.50,20.50,19.60
19.17,19.17,19.57,19.67,19.87,19.90,19.90,19.83,19.83,20.27,20.13,20.27,20.13,20.27,20.17,20.17,19.80,19.80,20.07,20.07,20.07,19.67,19.80,19.80,19.93,19.93,19.93,19.90,19.97,19.97,20.00,19.70,19.60,19.63,19.63,20.03,19.77,19.77,19.70,19.70,19.87,19.87,19.87,20.00,20.67,20.73,20.67,20.37,20.37,20.07,20.07,19.87,19.47,19.47,19.97,20.10,20.10,19.53,19.80,19.90,20.13,20.27,20.27,19.90,19.33,19.43,19.73,20.17,20.47,20.47,20.37,19.90,20.03,20.03,20.27,19.93,20.33,20.20,20.47,20.47,19.93,19.73,19.73,19.73,19.93,20.43,20.47,20.57,20.57,20.57,20.87,20.63,20.87,20.63,21.23,22.10,22.87,22.10,21.80,21.80,22.17,22.17,21.50,21.37,21.37,21.53,21.90,21.90,21.87,21.57,22.03,22.20,22.03,22.83,22.67,22.67,22.73,22.20,23.30,22.97,23.23,23.23,22.60,22.83,22.83,22.83,22.83,22.60,22.50,22.50,22.37,22.90,22.47,22.93,22.47,22.57,22.57,22.13,21.87,22.13,22.40,22.40,22.07,21.43,21.43,21.27,21.20,21.13,21.13,21.00,20.73,20.73,20.93,21.23,20.43,20.03,19.97,19.77,19.50,19.50
19.17,19.13,19.13,19.67,19.87,20.20,20.23,19.83,19.77,20.27,19.53,20.33,19.37,20.03,19.53,20.03,19.90,19.90,20.00,20.07,19.77,19.47,19.80,20.23,20.33,20.20,19.90,19.90,19.90,19.97,20.03,19.70,19.43,19.30,19.57,19.63,19.63,19.63,19.27,19.00,19.67,19.90,19.87,20.00,20.67,20.67,20.67,20.13,20.07,20.73,20.07,19.93,19.30,19.63,20.00,20.20,20.10,19.60,19.60,19.80,19.97,19.90,19.90,19.43,19.17,19.43,19.73,20.13,20.17,20.17,20.00,20.00,20.03,20.40,20.33,19.87,20.20,19.73,20.43,20.47,20.10,19.80,19.63,19.43,19.63,19.90,20.17,20.57,20.57,20.57,20.87,21.17,21.17,21.17,21.43,21.73,22.10,22.10,21.50,21.80,21.47,22.03,21.13,21.27,21.37,21.60,21.87,21.90,21.87,22.03,22.03,22.20,22.03,22.53,22.37,22.67,22.67,22.73,23.20,22.97,22.43,22.43,22.43,23.07,22.83,22.83,22.83,22.40,22.40,22.37,22.37,22.93,22.47,22.47,22.47,22.33,22.33,22.33,21.87,22.40,22.40,22.43,21.00,21.00,21.20,21.20,20.97,20.97,20.93,21.00,20.83,20.83,20.93,21.23,20.93,20.03,19.67,19.50,19.17,19.17
18.03,18.33,18.53,19.00,19.87,19.87,19.83,19.57,19.57,19.53,19.43,19.43,19.43,20.33,20.13,20.03,19.90,19.90,20.07,20.13,20.13,20.20,19.60,20.20,20.10,20.33,20.20,19.97,19.87,19.97,20.10,20.03,20.03,19.70,19.57,19.63,19.63,19.73,19.63,19.30,19.77,19.90,19.90,19.97,19.97,20.23,20.13,20.07,19.83,19.83,19.83,19.30,19.43,19.63,20.00,20.10,19.80,19.60,19.60,19.20,19.80,19.37,19.37,19.37,19.17,19.73,19.73,20.13,20.13,19.97,19.97,20.00,20.20,20.40,19.87,19.87,19.87,19.73,19.73,19.93,19.93,19.93,19.73,19.63,19.90,19.97,20.17,20.17,20.23,20.50,20.90,21.17,21.43,21.43,21.63,21.87,22.13,22.13,21.47,21.07,20.87,21.07,20.87,20.67,21.27,21.60,21.67,21.90,21.53,21.57,21.57,22.03,22.03,22.07,22.07,22.67,22.67,23.07,22.97,22.80,22.43,22.80,22.90,23.07,23.07,22.83,22.83,22.40,22.27,22.27,22.27,22.37,22.47,22.30,22.40,22.13,22.33,22.13,21.77,21.77,21.17,21.00,20.83,20.83,21.00,20.97,20.70,20.70,20.57,20.60,20.43,19.83,19.83,19.83,19.70,19.70,19.30,19.60,19.17,19.17
19.13,18.63,19.07,19.13,19.87,19.87,19.90,19.63,19.53,19.33,19.43,19.43,19.43,20.13,20.03,20.00,19.90,19.90,20.00,20.00,20.43,20.20,19.60,19.80,20.10,20.33,19.97,19.73,19.67,19.67,20.63,20.27,20.10,20.03,19.57,19.57,19.57,19.63,19.73,20.07,20.10,20.10,20.30,20.30,20.23,20.80,20.67,20.87,20.07,19.93,19.93,19.67,19.63,19.67,20.13,19.87,19.70,19.60,19.60,19.23,19.23,19.37,19.67,19.73,20.03,20.43,20.27,20.50,20.27,20.07,19.97,20.07,20.20,20.47,19.90,19.77,19.77,19.57,19.67,19.67,20.60,20.60,20.07,20.03,19.90,19.63,19.63,19.97,20.17,20.30,20.23,21.17,21.17,21.63,21.77,22.03,22.13,22.13,20.10,20.10,20.40,20.93,20.93,20.70,21.27,21.67,21.77,21.77,21.53,22.03,22.03,22.23,22.23,22.73,22.70,22.83,22.70,23.07,22.87,22.87,22.80,22.80,22.87,23.40,23.40,23.17,22.43,22.40,22.33,22.40,22.37,22.30,22.30,22.17,21.70,21.33,21.33,21.77,21.60,21.33,21.03,20.83,20.77,20.50,20.50,20.67,20.67,20.67,20.40,20.30,20.30,19.80,19.63,19.60,19.53,19.00,19.00,19.17,19.30,19.30
17.87,18.33,18.63,18.97,19.23,19.23,19.57,19.57,19.63,19.63,19.43,19.43,19.90,20.17,20.07,20.00,20.00,20.00,20.00,20.43,20.43,19.60,19.57,19.57,20.10,19.97,19.73,19.73,19.67,19.83,20.67,20.27,20.40,20.20,20.17,19.87,19.40,20.07,20.13,20.13,20.47,20.47,20.30,19.97,19.97,20.37,20.67,20.87,20.30,19.93,19.93,19.67,19.67,19.90,20.13,19.90,19.87,19.70,20.10,19.63,19.50,19.50,19.83,19.87,19.83,20.03,20.27,20.50,19.73,19.73,19.70,20.07,20.00,19.80,19.70,19.47,19.73,19.57,19.73,20.47,20.47,20.30,20.03,20.07,20.10,19.97,19.73,19.97,20.23,20.30,19.60,19.60,19.73,21.43,21.77,22.03,22.43,22.03,20.10,20.10,20.13,20.40,21.00,20.70,20.70,21.07,21.77,21.77,21.87,22.07,22.07,22.07,22.23,22.90,22.80,22.80,22.70,22.67,22.67,22.87,22.87,22.80,22.77,23.40,23.07,23.13,22.33,22.40,22.30,22.37,22.23,22.30,22.30,22.17,21.87,21.63,21.33,21.33,21.20,21.20,21.07,20.87,20.77,20.50,20.43,20.43,20.57,20.70,20.57,20.23,19.90,19.80,19.80,19.87,19.53,19.30,19.37,19.50,19.50,19.17
17.87,18.07,18.07,18.70,19.13,19.13,19.13,19.33,19.90,20.57,19.90,19.90,19.90,20.13,20.07,20.07,20.07,20.23,20.00,20.43,20.00,19.57,19.57,19.70,20.33,19.73,19.73,19.73,19.43,19.83,20.67,20.27,20.40,20.27,20.20,19.87,19.40,20.27,20.27,20.27,20.50,20.47,19.37,19.17,19.13,20.20,20.37,20.67,20.30,20.20,20.27,20.10,20.10,19.90,20.23,19.90,20.30,20.10,20.10,19.67,19.63,19.67,20.07,20.07,20.03,20.03,20.03,20.27,19.07,19.60,19.60,19.80,19.80,19.70,19.70,19.20,19.47,19.47,20.47,20.47,20.47,20.30,19.83,19.83,20.07,19.73,19.73,19.73,19.63,19.60,19.13,19.50,19.73,21.07,21.17,22.03,22.03,22.03,20.10,20.10,20.13,20.13,21.00,20.70,20.70,20.70,21.13,21.53,21.87,22.07,22.30,22.30,22.30,23.00,23.00,22.80,22.70,22.67,22.67,22.93,22.93,22.73,22.57,22.73,22.57,22.90,22.33,22.33,22.13,21.60,21.60,21.60,22.30,21.87,21.87,21.70,21.33,20.83,20.83,21.07,21.07,21.03,20.77,20.50,20.37,20.37,20.63,21.73,20.30,19.93,19.93,20.40,20.40,19.93,19.87,19.37,19.50,19.50,19.50,19.03
