16.67,16.67,16.73,17.27,17.27,18.07,17.10,17.50,17.00,17.00,17.00,17.77,18.53,16.80,16.53,16.53,17.37,17.37,17.87,17.67,17.67,17.67,17.87,17.87,17.53,17.47,17.20,17.67,17.37,17.23,17.23,17.90,17.90,18.03,17.83,18.07,18.07,18.07,17.70,17.67,16.97,17.47,17.47,18.67,17.80,18.20,18.20,18.43,18.43,18.43,17.30,17.87,17.37,17.47,17.37,17.33,17.63,17.63,17.63,18.40,18.40,18.40,18.27,18.77,18.70,18.43,18.63,18.43,17.87,17.87,17.67,18.77,18.77,18.43,18.27,18.13,18.13,18.13,17.80,17.80,17.80,17.87,18.33,18.27,18.33,18.13,18.13,18.07,18.07,17.97,17.93,17.97,18.37,18.63,18.80,18.80,17.40,17.40,17.40,18.50,18.50,18.17,18.10,18.10,18.30,18.50,18.50,17.13,17.13,18.00,18.00,18.00,17.70,17.30,18.60,17.80,17.33,17.17,17.50,17.60,17.50,18.00,17.97,18.00,18.47,18.50,18.33,17.83,18.33,18.43,18.43,18.10,18.10,18.37,18.57,18.37,18.20,18.20,18.47,18.47,18.07,18.00,17.83,17.23,17.23,16.63,17.90,17.90,18.13,18.13,17.87,17.87,18.00,17.60,17.40,18.33,18.23,18.10,17.80,18.10
16.67,16.53,16.67,17.27,17.73,17.90,17.10,17.50,17.00,17.00,17.00,17.00,17.00,16.73,16.80,16.53,17.37,17.37,17.87,17.67,17.73,17.73,17.77,17.87,17.87,17.93,17.93,18.17,17.40,17.33,17.23,17.70,18.03,18.07,18.07,18.07,18.07,18.17,17.70,17.70,17.47,17.93,17.63,18.53,18.13,18.20,18.17,18.43,17.73,18.43,17.70,17.70,17.37,17.47,17.37,17.50,17.93,18.17,18.17,18.17,18.40,18.40,18.63,18.77,18.70,18.43,18.43,18.03,17.87,18.37,18.37,18.70,18.77,18.70,18.27,18.13,18.07,17.93,17.87,17.80,17.80,18.17,18.33,18.33,18.60,18.60,18.20,18.07,18.20,17.97,17.97,18.03,18.37,18.63,18.67,18.27,17.40,17.17,17.27,17.80,18.17,18.17,18.10,18.10,18.30,18.40,18.50,17.13,17.73,17.93,18.03,18.53,18.53,17.77,17.77,17.80,17.73,17.73,17.50,17.93,17.60,17.93,17.97,18.13,18.90,18.90,18.33,17.83,18.20,18.43,18.43,18.43,18.10,18.07,18.07,18.20,18.13,18.13,18.13,18.47,18.30,18.00,17.83,17.23,17.77,17.80,18.17,18.13,18.13,18.13,18.00,18.00,18.07,18.50,18.50,18.33,18.13,18.10,17.60,17.80
16.53,16.30,16.30,16.37,16.93,17.73,16.93,16.93,17.00,17.77,17.77,17.00,16.80,16.80,17.13,17.13,17.10,17.17,18.10,18.10,18.10,17.73,17.73,17.77,17.93,18.37,18.23,18.17,17.77,17.37,17.37,17.70,18.30,18.27,18.20,18.20,18.07,18.33,17.67,17.87,17.70,17.93,18.00,18.50,18.17,18.20,17.73,18.20,17.73,18.43,18.20,17.70,17.47,17.27,17.47,17.93,19.03,19.03,18.67,18.13,18.10,18.00,18.10,18.63,18.63,18.57,18.07,18.03,17.83,17.90,18.37,18.70,18.77,18.70,18.17,18.17,18.07,17.87,17.80,17.73,17.80,17.83,17.87,18.57,18.83,18.60,18.33,18.33,18.53,17.93,17.93,18.03,18.03,18.03,17.93,17.80,17.67,17.13,17.17,17.40,17.63,17.63,17.93,18.03,18.03,18.03,18.33,17.73,17.93,17.93,18.70,18.70,18.80,18.10,17.67,17.67,17.73,17.80,17.97,17.97,18.10,17.93,18.10,18.20,19.07,19.07,18.50,18.20,18.20,18.43,18.50,18.43,18.17,18.07,18.07,17.87,17.87,17.43,17.40,17.40,18.07,17.70,17.70,17.30,17.77,17.80,18.23,18.83,18.23,18.53,18.43,18.07,18.43,18.70,18.70,18.20,18.13,18.10,17.30,17.80
16.63,16.37,16.17,16.37,17.43,17.73,17.63,17.00,17.00,17.77,17.77,17.07,17.07,17.20,17.23,17.17,16.87,16.87,17.57,17.57,17.73,17.73,17.73,17.77,17.93,18.10,17.93,17.97,17.77,17.40,17.40,18.27,18.47,18.30,18.20,18.27,18.27,18.33,17.77,17.77,17.77,18.00,18.10,18.53,18.53,18.53,18.17,18.50,17.67,18.20,18.20,18.20,17.47,17.47,17.47,17.93,18.50,18.67,18.63,18.13,18.13,18.10,18.63,18.80,18.80,18.80,18.07,17.63,17.83,17.90,18.40,18.37,18.13,18.13,18.13,18.40,18.17,18.40,17.93,18.77,18.77,17.93,17.93,18.17,18.83,18.33,18.33,18.20,18.20,18.10,18.33,18.03,18.03,18.03,18.27,18.27,17.87,17.27,17.80,18.23,18.23,18.43,18.50,18.13,18.03,17.97,17.80,17.73,17.83,17.97,17.97,17.97,18.10,18.10,18.20,17.77,17.37,17.97,18.50,18.23,18.17,17.93,17.93,18.27,18.30,18.30,18.20,18.03,18.20,18.43,18.53,18.53,18.53,18.07,18.07,18.53,18.47,17.63,17.63,18.03,18.30,17.57,17.17,17.17,17.27,17.60,17.80,18.23,18.23,18.70,18.53,18.57,18.77,18.83,18.70,18.13,17.93,17.07,17.13,17.30
16.37,16.37,16.30,16.57,16.93,16.93,17.00,17.00,17.00,17.80,17.80,17.47,17.37,17.37,17.70,17.17,16.97,16.97,17.00,17.90,18.00,18.00,18.00,18.03,18.10,18.10,17.87,17.87,17.77,17.83,17.83,18.27,18.27,18.20,18.13,18.20,18.13,18.03,17.23,17.77,17.87,18.03,18.37,18.57,18.57,18.47,18.07,18.50,17.93,18.20,18.33,18.40,18.33,17.53,17.90,17.93,18.43,18.43,18.17,18.13,18.13,18.20,18.40,18.70,18.70,18.80,18.57,17.83,17.83,17.90,18.77,17.90,17.67,17.67,18.17,18.40,18.40,18.83,18.53,18.20,17.83,17.83,17.83,17.40,17.40,18.03,18.10,18.33,18.10,17.53,17.53,18.00,18.00,18.00,17.87,17.87,17.87,18.40,18.23,18.23,18.23,18.13,18.33,18.07,18.33,17.97,18.33,17.83,17.97,17.97,17.97,17.97,18.10,18.37,18.37,18.33,18.33,18.50,18.50,18.23,18.17,17.70,17.93,18.27,18.30,18.27,18.30,18.30,18.30,18.37,18.37,18.37,18.17,18.07,18.17,18.57,18.53,17.77,18.03,18.10,18.03,17.57,17.30,17.27,17.27,17.27,17.50,18.50,18.77,19.00,18.70,18.57,18.40,18.40,18.10,17.93,17.50,17.07,17.50,17.93
16.53,16.53,17.43,17.43,17.63,17.07,17.63,17.40,17.40,17.80,18.07,17.80,17.50,17.23,17.70,17.13,16.97,16.97,17.00,17.33,17.60,17.77,18.00,18.03,18.10,18.10,17.87,17.87,17.53,18.27,18.27,18.27,18.03,17.83,18.07,18.13,18.13,18.03,17.63,17.77,17.93,18.03,18.30,18.57,18.43,18.20,18.07,18.47,18.50,18.43,18.43,18.83,18.83,17.93,17.57,17.93,17.90,18.13,18.13,18.17,18.20,18.87,18.57,18.70,18.57,18.53,18.27,17.80,17.83,18.30,18.73,18.60,18.10,18.10,18.20,18.40,18.87,18.87,18.83,18.60,18.20,18.00,17.93,17.40,17.13,17.13,17.90,18.03,17.93,18.10,18.10,17.50,17.50,18.73,18.07,17.90,17.87,18.40,18.40,18.97,18.37,18.33,18.33,17.97,18.33,17.97,18.50,17.90,17.97,17.97,17.97,18.30,18.20,18.30,18.33,18.37,18.43,18.43,18.23,18.23,17.83,17.70,17.93,18.30,18.30,18.00,18.30,18.30,18.10,18.07,18.07,18.37,18.17,18.07,18.07,18.57,18.57,18.00,17.83,18.10,18.10,18.20,17.57,17.27,17.27,17.13,17.47,17.93,18.77,18.90,18.57,18.53,18.10,18.07,18.10,18.10,17.93,17.33,17.93,18.27
16.53,16.70,17.80,17.83,17.83,17.07,17.13,17.40,17.40,17.43,17.80,17.80,17.50,17.50,17.60,17.13,16.97,16.73,17.00,17.10,17.60,17.60,17.70,17.70,18.07,18.07,18.07,17.53,17.43,18.17,18.17,17.70,17.77,17.77,18.03,18.07,18.07,18.13,17.93,18.00,18.00,18.17,18.30,18.43,18.43,18.43,18.07,18.03,18.03,18.03,18.83,18.83,18.83,18.53,17.57,17.90,17.93,18.30,18.30,18.33,18.20,18.87,18.20,18.57,18.53,18.53,18.30,18.17,18.17,18.17,18.27,17.53,17.53,17.53,18.17,18.20,18.87,18.83,18.33,18.33,18.00,18.17,17.80,17.80,17.37,17.87,17.67,17.93,17.93,18.27,18.77,18.73,18.73,18.73,18.07,18.07,18.07,18.87,18.40,17.97,17.97,18.07,18.33,17.93,18.50,18.50,18.53,18.27,18.27,18.40,19.00,19.33,18.47,18.30,18.20,18.37,18.67,18.43,18.37,18.10,17.97,17.70,17.83,17.83,18.00,18.00,18.33,18.40,18.30,18.10,18.07,17.83,18.17,18.17,18.17,18.33,18.03,18.50,18.00,18.50,18.20,18.20,17.93,17.97,17.50,17.13,17.20,17.93,18.77,18.77,18.53,18.40,17.73,17.93,18.03,18.07,18.40,17.90,18.30,18.40
17.07,17.17,17.77,17.80,17.80,17.70,17.60,17.53,17.43,17.43,17.43,17.50,16.87,17.10,17.07,17.07,16.83,16.73,16.73,17.10,17.20,17.47,17.47,17.33,17.53,18.07,18.07,18.07,17.43,18.17,18.17,17.83,17.83,17.77,17.80,18.00,18.07,18.50,18.13,18.13,18.00,17.87,18.17,18.30,18.30,18.43,18.20,18.20,18.20,18.20,18.30,18.40,18.40,18.53,17.83,18.13,17.93,18.20,18.20,18.30,18.10,18.03,17.97,18.30,18.30,18.30,17.93,17.93,17.97,17.97,17.97,17.87,18.10,18.10,18.50,18.97,18.73,18.33,18.33,18.33,18.03,18.03,17.80,18.13,18.13,18.13,17.87,17.90,18.17,18.70,18.77,18.70,18.37,18.37,18.33,18.33,18.60,18.87,18.77,18.47,18.43,18.43,18.37,17.80,18.40,18.60,18.60,18.27,17.87,17.87,18.47,19.00,18.30,18.17,18.17,18.20,18.37,18.37,18.07,17.83,17.97,18.37,18.40,17.90,18.00,18.47,18.40,18.40,18.07,18.07,18.73,18.73,18.73,18.60,18.60,18.57,18.57,18.50,18.00,19.03,19.03,18.77,18.27,18.03,17.97,17.20,17.60,17.70,18.17,18.37,18.37,18.53,18.03,18.03,18.07,18.40,18.43,18.27,18.30,18.40
17.07,17.07,17.77,17.77,17.77,17.60,17.60,17.57,17.63,17.63,18.00,17.50,17.40,17.50,17.50,17.47,16.73,16.73,16.73,17.10,17.00,17.20,17.47,17.47,17.53,17.57,17.57,17.57,17.43,18.40,18.40,17.63,17.77,17.77,18.00,18.00,18.33,18.40,18.17,17.87,17.87,17.87,18.30,18.30,18.43,18.43,18.57,18.20,18.20,18.03,18.30,18.30,18.30,17.93,18.13,18.30,18.30,18.20,18.33,18.33,18.33,18.03,17.30,17.27,17.73,17.77,17.93,18.00,18.00,17.97,17.83,17.60,17.87,17.30,18.17,18.30,18.57,18.57,18.30,18.03,18.03,18.03,17.80,18.13,18.63,18.63,17.90,17.90,18.07,18.17,18.13,18.20,18.37,18.37,18.33,18.53,18.60,18.77,18.47,18.43,18.43,18.43,18.43,18.93,18.70,18.70,18.60,18.23,17.97,18.23,18.47,19.00,17.97,18.07,18.07,18.17,18.20,18.07,17.97,17.67,18.27,18.40,18.67,18.17,17.90,18.17,18.33,18.33,18.30,18.40,18.67,18.50,18.60,18.60,18.70,18.70,18.63,18.50,18.50,18.50,18.93,18.27,18.27,18.20,18.03,17.43,17.63,17.63,18.17,18.17,18.37,18.67,18.67,18.03,18.37,18.40,18.70,18.30,18.30,18.40
17.00,17.00,17.77,17.70,17.70,17.60,17.63,17.63,17.73,17.63,18.00,18.00,17.90,17.50,17.10,16.83,16.60,16.83,16.87,17.53,17.20,17.47,17.53,17.47,17.53,17.53,17.53,17.97,17.23,18.40,18.40,18.63,18.63,18.20,18.20,18.20,18.33,18.40,18.17,17.87,17.87,17.57,18.30,18.30,18.57,18.20,18.20,18.20,18.20,17.80,18.20,17.97,17.97,17.93,18.13,18.27,18.17,18.17,18.20,18.20,18.37,18.10,18.07,18.07,18.07,17.93,17.70,17.93,17.70,17.60,17.97,18.37,18.53,18.57,18.77,18.73,18.73,18.73,18.77,18.03,18.03,17.93,17.93,18.20,18.20,18.13,17.90,17.90,18.07,18.17,18.13,18.20,18.37,18.37,18.37,18.53,18.60,18.53,18.27,18.43,18.43,18.93,18.17,18.43,18.03,18.70,18.70,18.50,18.33,18.23,17.97,17.80,17.97,17.97,18.07,18.07,18.20,18.07,18.07,18.10,18.27,18.37,18.67,18.47,18.47,18.37,18.57,18.30,18.07,18.07,18.57,18.50,18.50,18.57,18.70,18.70,18.70,18.20,18.40,18.40,18.93,18.93,18.93,18.87,18.03,17.60,17.63,17.63,17.77,17.77,18.37,18.23,18.67,18.30,18.37,18.70,18.80,18.63,18.30,18.63
16.73,16.73,17.80,17.27,17.63,17.57,17.63,17.57,17.53,17.43,17.57,17.57,17.57,17.40,17.50,17.47,16.83,16.87,17.00,17.53,17.57,17.60,18.17,17.60,17.47,17.53,17.47,17.57,17.23,18.40,18.63,18.63,18.10,18.20,18.20,18.20,18.33,18.40,18.40,17.87,17.87,17.60,18.23,18.27,18.27,17.67,18.20,18.20,18.43,17.97,18.73,18.73,18.27,17.97,18.27,18.40,18.90,18.53,18.73,18.53,18.93,18.80,18.80,18.80,17.77,17.77,17.70,18.00,17.70,17.37,17.60,18.37,18.57,18.83,18.77,18.77,19.20,19.20,19.20,18.77,18.77,18.77,18.20,18.20,17.73,17.63,17.80,17.63,18.07,17.57,18.03,18.03,18.13,18.30,18.30,18.37,18.23,18.27,18.17,18.27,18.17,18.43,18.03,18.90,18.03,18.97,18.83,18.70,18.50,18.50,18.37,18.23,18.23,17.60,17.60,17.63,18.20,18.40,18.40,18.40,18.30,18.10,18.30,18.17,18.47,18.47,18.50,18.37,17.83,17.83,17.77,17.70,17.70,18.50,18.50,18.20,18.70,18.40,18.40,18.00,18.40,18.23,18.40,18.23,18.03,17.43,17.63,17.63,18.30,17.77,18.30,17.77,18.60,18.23,18.60,18.87,18.87,18.63,18.30,18.57
16.73,17.13,17.80,17.53,17.63,16.73,17.63,17.87,17.60,17.47,17.47,17.50,17.90,17.50,17.57,16.73,16.67,16.67,16.87,17.57,17.87,17.73,18.07,17.60,17.53,17.67,17.67,17.97,17.50,17.67,18.10,18.37,18.20,18.20,18.03,17.37,17.97,18.50,18.53,18.50,17.90,17.53,17.53,18.27,18.50,18.27,17.67,17.97,17.97,17.97,18.43,18.73,18.70,18.27,18.27,18.40,18.90,18.73,18.73,18.60,18.60,18.80,18.80,18.80,18.47,18.90,18.70,18.90,17.87,17.37,17.37,18.37,18.93,19.37,19.33,19.37,19.33,19.40,19.60,18.80,18.77,18.57,18.20,18.20,18.17,17.80,17.80,17.50,18.70,18.23,18.23,17.97,17.97,18.37,18.30,18.30,18.27,18.27,18.27,18.27,18.27,18.43,18.43,18.90,18.53,18.93,18.70,18.50,18.50,18.33,18.23,17.60,17.67,17.60,17.60,17.63,18.20,18.40,18.40,18.10,18.10,17.60,17.67,17.53,18.47,18.40,18.47,18.37,17.83,17.83,17.77,17.80,18.33,18.50,18.40,18.20,18.43,18.43,18.40,18.40,18.77,18.77,18.23,18.23,18.10,17.63,17.43,17.43,18.03,17.80,18.03,17.80,18.47,18.30,18.60,18.87,18.87,18.87,18.63,18.57
16.57,17.73,17.80,17.73,17.87,16.73,17.53,17.53,17.63,17.60,17.57,17.47,17.50,17.27,17.57,17.57,17.07,16.83,17.13,17.13,17.57,17.57,17.87,17.57,17.67,17.67,18.30,18.07,17.67,17.90,18.03,18.03,18.03,18.03,18.03,18.03,17.97,17.97,17.97,18.40,17.90,17.93,18.00,18.23,18.50,18.50,18.50,18.40,18.43,18.43,18.73,18.73,18.90,18.70,19.13,19.67,19.87,19.87,19.53,18.97,19.27,19.27,19.40,18.80,18.70,18.70,19.07,19.13,19.10,19.07,17.87,19.07,19.30,19.30,19.33,19.40,19.40,19.57,19.87,19.87,19.40,18.77,18.43,17.87,17.87,17.87,17.63,17.63,17.63,17.67,17.90,17.90,17.97,18.07,17.60,17.77,17.77,17.80,18.10,18.20,18.20,18.27,18.90,18.93,18.93,18.93,18.37,18.20,18.20,18.33,18.33,17.60,17.60,17.60,18.00,18.00,18.00,18.20,17.97,17.97,18.10,18.10,17.93,17.93,18.43,18.43,18.43,18.23,18.23,17.87,17.80,17.80,18.33,18.80,18.80,19.10,18.87,18.70,18.40,18.40,17.93,17.93,17.93,17.87,17.87,17.83,18.03,18.17,18.23,18.23,18.03,18.13,18.33,18.60,19.53,19.33,19.33,19.50,19.83,18.57
16.70,17.73,17.83,17.83,17.87,17.33,17.87,17.63,17.63,17.63,17.63,17.50,18.03,17.97,17.90,17.57,17.30,16.67,17.07,16.90,17.17,17.57,17.87,17.87,17.87,17.67,18.30,18.07,17.67,17.67,17.90,18.03,18.03,18.37,18.40,18.40,17.97,17.97,17.97,17.97,17.73,17.73,18.07,18.33,18.50,18.50,17.73,17.73,17.83,18.73,18.73,18.73,18.90,18.90,19.87,20.50,21.70,22.53,21.53,20.30,19.73,19.47,19.47,19.40,19.53,19.07,19.63,19.13,19.10,19.07,19.07,19.50,19.63,19.63,19.83,19.43,19.83,19.93,19.93,19.67,19.47,18.43,18.17,17.87,18.17,17.90,17.90,18.00,18.40,18.40,17.67,17.90,18.03,18.07,17.93,17.77,17.77,18.20,18.10,18.10,18.10,18.20,19.00,18.93,18.93,18.93,18.37,18.17,18.00,17.70,17.67,17.43,17.67,17.83,17.87,17.83,17.83,17.97,17.93,17.93,17.83,18.10,18.37,18.37,18.43,18.40,18.40,18.23,18.23,18.03,17.87,18.33,18.70,19.03,19.00,19.10,18.80,18.43,18.43,18.70,18.77,18.30,18.20,18.30,18.20,17.83,17.53,17.90,18.03,18.23,18.23,18.23,18.87,19.60,19.63,19.83,19.83,19.90,20.03,20.03
17.10,17.73,17.73,17.83,17.83,17.37,18.03,17.63,17.63,17.63,17.63,17.27,17.97,17.27,17.30,17.40,17.40,17.40,17.37,17.13,17.13,17.43,17.87,17.87,17.87,17.60,17.87,17.60,17.50,17.43,17.50,17.93,17.93,18.33,18.33,18.33,17.93,17.97,17.90,17.90,17.90,17.93,18.07,18.07,18.33,18.33,17.80,17.80,18.93,18.93,18.57,18.57,18.90,19.27,20.70,22.50,22.70,23.70,23.87,23.47,20.90,20.23,19.87,19.80,19.93,19.93,19.93,19.63,19.13,19.13,19.93,20.00,20.00,20.07,20.20,20.00,20.00,19.93,19.93,19.73,19.47,18.30,18.77,18.77,18.77,17.90,17.90,18.40,18.40,17.67,17.67,17.67,18.03,18.07,17.93,18.00,18.00,18.20,17.57,18.10,17.97,17.97,18.07,18.47,18.53,18.47,18.20,18.17,18.20,18.33,18.37,18.33,17.90,17.87,17.87,17.67,17.67,17.97,17.97,17.93,17.80,18.07,18.07,18.07,18.40,18.43,18.43,18.27,18.03,18.03,17.87,18.70,18.70,19.10,19.10,19.10,18.57,18.53,18.53,18.40,18.40,17.93,18.30,18.30,17.97,17.73,17.73,17.73,17.90,18.23,18.47,18.87,19.20,19.60,20.00,20.00,20.13,20.07,20.70,21.53
17.10,17.47,17.47,17.33,17.37,17.93,18.13,17.93,17.87,17.47,17.63,17.07,17.80,17.00,17.00,17.10,17.40,17.40,17.40,17.37,17.17,17.43,18.07,18.30,18.07,17.87,18.00,18.47,17.50,17.43,17.50,17.93,17.93,18.33,18.33,18.33,17.93,17.83,17.80,17.90,17.90,17.90,17.93,17.93,18.33,17.63,17.80,17.73,18.13,18.57,18.57,18.57,18.80,19.77,20.80,22.53,22.83,24.30,24.50,24.73,24.73,23.53,20.70,20.40,20.23,20.27,20.27,20.40,19.87,19.17,19.50,19.70,20.07,20.10,20.20,20.10,19.93,20.23,20.23,19.63,19.47,18.43,18.77,18.77,18.77,18.50,18.57,18.50,18.97,18.40,18.37,17.97,18.03,18.10,18.67,18.10,18.43,18.43,18.57,17.97,17.87,17.87,17.83,18.07,18.33,18.47,18.10,18.03,18.03,18.17,18.37,18.40,18.23,17.90,17.83,17.67,17.67,18.33,18.17,17.93,17.77,18.07,18.37,18.30,18.30,18.30,17.73,17.90,17.90,18.27,18.07,19.27,19.27,19.27,19.20,19.00,18.57,18.53,18.53,18.13,18.87,18.73,18.20,18.20,18.20,17.73,17.73,17.63,17.90,18.83,18.87,19.13,19.23,20.10,20.27,20.73,20.73,21.07,21.67,22.10
17.50,17.87,17.47,17.47,17.37,17.93,17.43,17.60,17.60,17.60,17.80,17.33,17.27,16.93,16.83,17.10,17.40,17.40,17.67,17.67,17.07,17.07,17.50,18.07,18.00,17.63,18.47,18.53,18.47,17.43,17.57,17.57,17.57,17.93,17.93,17.93,17.83,17.83,18.07,18.13,18.47,18.17,17.90,17.90,18.80,18.80,18.53,18.33,18.70,18.57,18.47,18.40,18.73,20.70,21.90,22.60,23.90,25.30,26.40,26.97,26.67,26.33,23.63,21.73,20.40,20.47,20.47,20.60,20.53,19.97,20.07,20.07,20.33,20.10,20.03,20.03,20.03,20.37,20.20,19.73,19.63,19.10,18.90,18.77,18.60,18.37,18.50,17.77,19.00,18.67,18.67,18.37,18.67,18.57,18.57,18.00,18.40,18.00,18.57,17.93,17.93,17.87,17.87,18.33,18.33,18.37,18.37,18.37,18.17,18.17,18.37,18.40,18.23,18.13,17.90,17.87,17.70,18.17,17.70,18.33,17.90,18.07,18.07,18.07,17.97,17.97,17.60,18.13,18.13,18.60,18.27,18.27,18.27,19.27,19.43,19.00,18.57,18.57,18.53,17.77,18.73,18.20,18.73,17.90,18.53,17.97,18.03,17.93,18.33,18.83,19.23,19.30,20.60,20.97,21.33,21.87,21.87,21.87,22.03,23.13
17.50,17.87,17.87,17.87,17.93,17.93,17.00,17.43,17.43,17.77,17.77,17.77,17.23,16.93,16.83,17.93,17.93,17.40,17.67,17.43,17.43,17.50,18.03,18.03,17.63,17.63,18.00,18.53,18.53,18.13,17.93,17.97,17.93,17.93,17.70,17.93,18.03,18.03,18.13,18.43,18.47,18.10,17.90,18.10,18.80,18.80,18.80,19.23,19.23,19.20,18.73,18.47,19.17,19.93,21.90,22.97,24.30,25.93,26.97,27.47,28.17,28.17,26.40,23.53,22.03,21.47,20.60,21.43,20.80,20.80,20.07,20.37,20.33,20.10,20.07,20.03,20.90,20.37,20.20,19.63,19.63,19.97,19.97,18.40,18.13,18.13,18.60,18.90,19.03,18.50,18.60,18.60,18.60,18.33,18.10,17.87,18.17,18.17,18.47,17.93,17.93,17.80,17.80,18.40,18.50,19.00,18.47,18.37,17.80,18.13,18.17,18.40,18.23,18.13,18.00,18.33,18.17,17.73,17.73,18.33,18.40,18.33,18.77,18.30,18.30,17.97,18.20,18.13,18.20,18.30,18.60,18.70,18.70,19.10,19.20,18.57,19.00,18.60,18.60,18.57,18.57,18.37,18.20,18.17,18.80,18.80,18.67,18.67,18.83,19.00,19.37,20.87,21.50,21.87,23.20,22.97,22.97,22.87,23.13,23.23
17.97,17.97,17.87,17.97,17.47,17.33,16.97,16.87,17.30,17.80,17.87,17.87,17.33,17.40,17.93,18.03,18.03,17.67,17.67,17.43,17.23,17.07,17.50,17.50,17.23,17.23,17.47,18.03,18.03,17.77,17.57,17.57,17.57,17.63,17.63,17.70,18.03,18.13,18.47,18.47,18.50,18.40,18.13,18.13,18.70,19.33,19.40,19.37,19.37,19.27,19.47,19.23,19.47,20.77,21.77,23.90,24.93,26.40,27.50,27.90,28.23,28.60,28.17,26.40,24.50,22.30,21.83,21.47,20.97,20.80,20.63,20.63,20.43,20.43,20.43,20.43,20.90,20.37,20.20,19.43,19.43,19.63,18.97,18.43,18.37,18.40,18.90,18.60,19.00,18.50,18.60,18.60,18.43,18.43,18.13,17.90,18.17,18.17,18.47,18.20,18.33,17.97,18.00,18.40,18.80,19.00,18.47,17.80,17.47,17.70,17.80,18.13,18.03,18.00,18.00,18.20,18.00,17.73,18.00,18.40,18.73,18.33,18.67,18.13,18.17,18.20,18.73,18.23,18.23,18.67,18.70,18.27,18.27,18.70,19.10,18.53,18.53,18.53,18.70,18.60,18.70,18.57,18.77,19.63,20.00,19.77,19.77,19.63,19.20,19.37,21.33,21.77,22.03,22.93,23.43,23.43,23.43,22.97,23.23,23.23
17.97,17.97,17.33,17.73,17.33,16.70,16.83,16.87,17.80,18.07,18.07,17.87,17.70,17.40,18.03,18.03,17.13,17.20,17.70,17.43,17.23,17.07,17.40,17.23,17.23,17.17,17.47,18.00,18.03,17.37,17.37,17.97,17.80,17.63,17.63,17.93,18.03,18.37,18.43,18.43,18.43,18.10,18.13,18.33,18.93,19.40,19.60,19.83,19.83,19.27,19.83,19.87,19.87,19.93,21.53,23.03,24.70,26.93,27.63,28.07,28.23,28.53,28.33,28.27,26.23,24.50,22.30,22.27,20.97,20.67,20.63,20.77,20.80,20.80,20.80,20.70,20.70,20.17,20.37,19.63,19.43,19.40,18.97,18.67,18.40,18.60,18.90,18.60,18.13,18.13,18.60,18.50,18.60,18.33,18.33,18.07,18.47,18.17,18.80,18.20,18.20,17.97,18.00,18.13,18.53,18.80,18.00,17.77,17.53,17.53,17.80,17.80,17.93,17.97,18.03,17.97,18.00,17.77,18.27,18.33,18.40,18.77,18.77,18.20,18.67,19.13,19.13,18.47,18.30,19.13,19.13,18.93,18.70,18.70,18.70,18.27,18.43,18.43,18.87,19.00,18.87,19.00,19.57,19.93,20.03,20.03,19.90,19.77,19.97,22.03,22.03,22.10,23.20,23.37,23.50,23.53,24.13,23.50,23.23,23.13
17.97,17.73,17.33,17.73,17.33,17.27,17.27,17.10,18.07,18.07,18.20,18.07,17.83,17.67,17.83,17.67,17.00,17.00,17.30,17.30,17.23,17.07,17.40,17.37,17.03,16.90,17.67,18.03,18.07,18.03,17.37,18.17,18.17,17.93,17.93,17.93,18.30,18.80,19.27,18.73,18.63,18.40,18.37,18.37,19.40,19.43,19.60,19.83,19.83,20.17,20.20,20.37,20.37,20.27,21.50,22.63,24.93,27.30,27.80,28.03,28.03,28.27,28.27,28.27,27.77,26.23,25.27,23.07,21.87,20.97,20.77,20.63,20.80,20.80,20.80,20.50,20.50,20.37,20.37,20.10,20.07,19.67,18.97,19.67,18.67,19.13,18.60,18.53,18.13,18.13,18.47,18.43,18.47,18.47,18.67,18.13,18.23,18.03,18.03,18.03,18.03,18.00,18.07,18.13,18.13,18.20,18.00,17.77,17.77,17.70,17.93,17.70,17.80,17.97,18.03,18.20,18.27,18.27,18.33,18.73,18.73,18.87,19.20,19.20,18.73,19.13,18.73,18.67,18.47,19.20,19.20,19.13,18.93,18.70,19.10,18.27,18.43,18.43,19.73,19.27,19.27,19.57,19.87,20.13,20.53,20.77,20.77,21.10,21.60,22.27,22.60,23.03,23.37,23.37,23.37,23.50,23.90,23.57,23.90,23.57
18.13,18.13,18.07,17.73,18.07,17.33,18.30,18.07,18.10,18.00,18.17,17.67,17.83,17.67,17.83,17.17,17.00,17.00,17.17,17.03,17.07,17.23,17.40,17.37,17.03,17.03,17.97,18.07,18.20,18.07,18.23,18.23,18.37,18.17,18.30,18.30,18.53,18.93,19.17,19.17,19.17,18.70,18.70,19.63,19.73,19.70,19.67,19.70,20.17,20.53,20.37,20.37,20.27,20.20,21.10,21.53,24.27,26.93,27.93,28.07,28.03,28.07,27.97,28.27,27.83,27.77,26.60,25.90,23.30,22.03,21.50,20.77,20.80,20.80,20.80,20.70,20.70,20.40,20.57,20.57,20.57,20.57,20.53,20.37,19.07,19.10,18.60,18.53,17.70,17.83,18.47,18.47,18.47,18.47,18.47,18.23,18.10,18.03,18.03,18.03,18.20,18.07,18.13,18.13,18.13,18.20,18.27,18.10,18.03,18.00,17.97,17.93,17.97,17.97,18.20,18.10,18.27,18.10,18.33,18.47,18.33,18.47,18.83,19.07,19.07,19.07,19.03,19.37,19.37,19.20,19.20,19.20,19.47,19.47,19.47,19.90,19.90,19.90,20.03,20.03,20.17,20.17,20.17,20.53,21.17,21.57,21.80,21.87,22.00,22.43,22.60,23.20,23.37,23.37,23.37,23.50,23.57,23.57,24.03,24.03
17.53,17.53,18.13,18.13,18.30,18.30,18.30,18.03,18.00,17.77,18.00,17.77,18.00,17.83,17.83,17.67,17.17,17.00,17.00,16.93,16.97,17.03,17.23,17.23,17.57,17.63,17.97,18.07,18.13,18.20,18.80,18.23,18.80,18.17,18.60,18.60,18.97,19.40,19.27,19.27,19.97,20.10,19.97,19.87,19.87,19.87,19.70,19.70,19.73,20.73,20.53,20.53,20.53,20.27,21.10,21.50,24.50,25.87,28.20,28.20,28.03,28.03,28.27,28.27,27.93,28.13,27.77,27.13,26.30,23.53,22.03,21.80,21.50,20.93,20.93,20.83,20.57,20.57,20.73,20.80,20.80,20.63,20.53,20.37,19.30,19.10,18.90,18.90,18.53,18.37,18.37,18.37,18.20,18.47,18.23,18.87,18.10,18.03,18.03,18.03,18.03,17.97,18.07,18.07,18.30,18.27,18.47,18.13,18.13,18.10,18.00,18.20,18.00,18.00,18.03,18.23,18.80,18.60,18.80,18.80,18.80,18.57,18.83,19.07,19.10,19.07,19.03,19.53,20.60,19.53,19.90,19.90,19.90,20.13,20.20,20.20,20.30,20.03,20.30,20.23,20.23,20.20,20.57,21.27,21.57,21.80,21.87,21.87,21.87,22.20,22.43,23.03,23.37,23.37,23.43,23.43,23.57,23.57,24.03,24.23
16.63,17.27,17.43,17.93,17.93,17.87,17.87,18.00,18.00,17.83,17.77,17.60,17.83,17.30,17.47,17.30,17.17,17.00,16.93,16.80,16.80,16.97,16.97,17.53,17.57,17.87,18.13,18.20,18.20,18.20,18.67,18.80,18.80,19.10,19.10,19.40,19.40,19.90,19.37,20.03,20.10,20.10,19.90,20.10,20.13,20.57,20.50,20.50,20.50,20.53,20.30,20.53,20.80,20.80,20.53,21.13,24.27,25.47,28.20,28.37,28.63,28.47,28.47,28.30,28.03,28.13,27.83,27.60,27.27,26.30,24.37,22.57,21.50,21.10,21.00,21.00,20.83,20.73,20.87,20.90,20.87,20.60,20.20,19.67,19.07,19.07,18.90,18.90,18.60,18.37,18.37,18.07,17.87,18.10,18.10,18.80,18.27,18.70,18.70,18.77,18.77,18.43,17.97,17.77,17.87,18.27,18.27,18.27,18.97,19.03,18.20,18.67,18.63,18.67,18.73,19.17,19.20,19.30,19.33,19.33,19.33,19.50,19.10,19.10,19.67,19.67,20.03,20.03,20.87,20.87,20.87,20.30,20.70,21.30,20.70,21.27,21.27,21.13,21.13,20.47,20.47,20.47,21.33,21.50,21.80,22.40,21.80,22.03,22.00,22.20,22.20,22.43,23.20,23.23,23.43,23.23,23.27,23.27,24.17,24.23
16.63,17.00,17.33,17.93,18.10,17.93,17.87,17.83,18.00,17.77,17.60,17.43,16.87,16.53,17.30,17.00,16.97,16.97,16.80,16.80,16.27,16.50,16.97,17.57,17.57,17.57,18.13,18.20,18.27,18.53,18.83,19.03,19.30,19.30,19.30,20.20,20.43,20.60,20.57,20.37,20.37,20.20,19.90,20.10,20.10,20.53,20.53,20.63,20.47,20.63,20.30,21.17,21.20,21.20,21.20,21.40,22.17,24.67,26.60,28.20,28.63,28.63,28.53,28.47,28.03,28.13,28.13,28.13,27.63,27.63,26.57,24.50,22.57,21.63,21.13,21.13,21.00,21.33,21.33,20.87,20.33,20.20,20.00,19.67,19.30,19.20,19.03,18.90,18.57,17.60,17.87,17.87,17.83,18.10,18.07,18.77,18.27,18.77,18.70,18.77,18.77,18.17,17.97,17.77,17.80,17.87,18.23,18.53,18.93,19.03,19.03,18.83,18.63,18.67,19.17,19.27,19.80,20.07,20.07,19.83,19.87,20.33,20.30,20.30,20.57,20.57,21.00,20.93,21.07,21.07,21.37,21.50,21.57,21.57,21.27,21.27,21.63,21.63,21.83,21.53,21.53,21.00,21.50,21.63,21.63,22.00,21.60,21.60,21.50,22.13,22.20,22.30,22.57,22.57,22.70,23.07,23.07,23.27,23.63,24.17
17.00,17.43,17.43,17.93,17.93,17.93,17.60,17.37,17.60,16.40,16.50,16.50,16.53,16.53,16.63,17.00,16.90,16.90,16.80,16.93,16.63,16.93,17.57,17.77,17.90,18.00,18.30,18.37,18.37,19.03,19.17,19.53,19.30,19.30,19.30,20.20,20.20,20.43,20.57,20.57,20.57,20.20,20.20,20.20,20.00,20.00,20.53,20.63,20.63,19.73,20.30,20.80,21.17,21.20,21.20,21.70,21.77,22.87,24.83,28.20,28.53,28.70,28.53,28.70,28.17,28.17,28.13,28.13,28.50,28.50,28.10,26.57,25.07,22.87,21.63,21.63,21.70,21.73,21.70,21.33,20.60,20.50,20.13,20.20,19.47,19.23,18.83,18.47,17.60,17.33,17.60,18.43,19.17,18.77,18.77,18.77,18.07,18.47,18.47,18.67,18.67,17.77,17.77,17.77,17.87,18.53,18.70,18.93,18.93,18.97,18.87,18.97,19.17,19.77,19.77,19.70,19.90,20.23,20.30,20.30,21.10,20.93,20.93,21.47,21.47,21.60,22.23,21.57,21.57,21.57,21.67,21.63,21.63,21.60,21.60,21.60,21.67,22.07,21.83,21.53,21.53,21.27,21.33,21.50,21.50,21.83,21.17,21.50,21.50,22.13,22.07,22.03,22.20,22.47,22.47,22.40,22.30,23.27,23.63,24.17
16.90,17.43,17.57,17.93,17.93,17.37,17.37,17.10,17.10,17.10,16.87,17.43,16.63,16.63,16.63,17.53,16.63,16.90,17.17,17.43,17.03,17.37,17.57,17.63,18.03,18.03,18.40,18.53,18.60,19.13,19.47,19.73,19.73,19.30,19.23,19.77,20.33,20.87,20.67,20.37,20.37,20.37,20.47,20.37,20.13,19.97,20.43,20.53,20.53,20.67,20.67,21.17,21.17,21.13,21.13,21.13,21.40,21.90,22.87,25.30,28.00,28.53,28.80,29.30,28.27,28.17,28.17,28.93,28.93,28.80,28.77,28.10,27.30,25.10,22.87,22.67,22.43,22.13,21.33,20.87,20.83,20.50,20.03,20.03,19.67,19.67,19.03,18.47,18.23,17.50,18.13,19.00,19.17,18.77,18.77,18.77,18.07,18.47,18.03,18.17,17.87,17.77,17.93,17.97,18.63,18.70,18.93,18.97,18.97,18.97,18.97,19.87,19.93,20.23,20.23,20.60,20.37,20.37,21.10,21.53,21.67,21.53,21.53,21.53,21.63,21.63,22.23,21.57,21.57,21.57,22.40,21.63,21.83,21.83,21.97,21.73,22.07,22.20,22.37,21.53,21.53,21.53,21.63,21.63,21.57,21.53,21.20,21.53,21.50,21.80,22.00,22.27,22.47,22.73,22.70,22.40,22.27,22.30,23.03,23.63
16.90,17.73,17.57,17.83,17.57,17.47,17.47,17.37,17.10,17.10,17.33,17.57,17.43,17.57,17.77,17.93,17.30,17.03,17.17,17.17,17.07,17.03,17.37,17.63,17.93,18.00,18.37,18.53,18.60,19.07,19.17,20.33,20.33,19.93,19.47,20.27,20.27,20.33,20.47,20.00,20.27,20.33,20.40,20.33,20.13,20.00,20.43,19.90,20.53,20.30,20.53,20.73,21.13,21.13,21.13,21.10,21.10,21.43,21.90,23.47,25.60,28.00,28.83,29.37,28.80,28.17,28.57,28.93,28.93,28.93,28.80,28.73,28.67,27.70,27.37,25.23,23.37,22.43,21.33,20.87,20.87,20.87,20.03,19.93,19.80,19.67,18.97,18.23,18.47,18.23,19.00,19.00,19.17,19.17,18.93,18.20,18.17,18.20,18.47,18.47,17.87,17.40,17.93,17.97,18.40,18.63,18.97,19.07,19.53,19.40,19.40,20.10,20.57,20.90,20.90,20.90,20.90,21.60,21.67,21.90,22.03,22.10,22.87,22.13,22.30,22.30,22.30,21.57,22.27,22.67,22.77,22.40,22.30,22.17,22.17,22.07,22.07,22.07,22.07,21.53,21.23,21.27,21.57,21.30,21.30,21.37,21.37,21.53,22.03,22.07,22.07,22.00,22.00,22.27,22.10,22.10,22.10,22.27,22.33,22.87
16.90,17.33,17.33,17.17,17.13,16.97,16.97,17.47,17.80,17.80,17.80,17.57,17.43,17.43,17.47,17.83,17.53,17.53,17.50,17.50,17.70,17.37,17.67,17.67,17.93,17.93,18.37,18.53,18.70,19.13,19.13,19.73,20.33,20.23,19.93,20.27,20.27,20.77,20.47,20.47,20.07,20.27,20.33,20.33,20.43,20.43,20.43,20.23,20.53,20.77,21.77,21.13,21.13,21.13,21.13,20.63,21.10,21.10,21.33,21.43,24.33,25.60,28.07,28.83,29.13,29.13,29.13,29.03,28.93,28.93,29.27,29.47,29.47,28.60,28.10,27.70,25.93,24.57,23.37,22.53,22.53,21.60,20.03,19.93,19.90,19.67,18.97,18.57,18.57,18.93,18.93,18.57,18.57,18.57,18.17,18.17,18.17,18.90,18.57,18.33,17.93,18.10,18.63,17.97,18.17,18.33,19.07,19.47,19.67,19.67,20.33,20.70,20.97,21.33,21.23,21.33,22.57,22.77,22.57,22.20,22.67,22.67,22.20,22.20,22.57,22.30,22.27,22.27,22.27,22.67,22.80,22.63,22.63,22.63,22.50,22.40,22.07,21.97,21.97,21.53,21.60,21.63,21.63,21.57,21.43,21.53,21.63,21.73,21.93,21.73,21.37,21.87,21.87,21.53,21.47,21.57,22.10,22.33,22.33,22.07
17.73,17.33,17.13,17.13,17.83,17.47,17.47,17.47,17.73,17.33,17.63,17.63,17.43,17.43,17.47,17.83,17.77,17.60,17.50,17.23,17.23,17.07,17.23,17.67,17.67,17.80,17.80,18.40,19.13,19.30,19.13,19.23,19.73,19.93,20.23,20.27,20.30,20.30,20.30,20.70,20.27,20.27,20.27,20.77,20.87,20.67,20.63,20.53,20.70,20.87,21.63,21.13,21.13,20.93,20.93,20.97,21.10,20.43,20.43,20.60,21.43,24.33,25.90,28.07,29.07,29.13,29.07,29.03,28.73,28.73,28.73,29.60,29.60,29.57,29.23,28.37,27.50,26.67,24.93,24.87,23.23,22.83,22.07,20.70,20.27,19.93,19.73,18.70,19.13,18.93,18.73,18.57,18.80,18.80,18.80,18.17,18.17,18.20,18.57,18.33,18.10,18.33,18.63,18.40,18.17,18.17,18.83,19.47,19.67,19.83,20.57,20.90,21.13,21.67,21.53,22.40,22.43,22.80,22.93,22.93,22.67,22.67,22.20,22.47,22.47,22.57,22.57,22.30,22.27,22.27,22.30,22.63,22.67,22.80,22.80,22.80,22.37,21.97,21.60,21.60,21.87,21.87,21.57,21.43,21.43,21.63,21.87,21.87,22.00,22.00,21.60,21.60,21.60,21.53,21.37,21.37,22.07,22.33,22.07,21.77
16.83,16.97,17.03,17.03,17.30,17.30,17.20,17.20,17.20,17.37,18.00,18.27,18.03,17.50,17.50,17.83,17.97,17.83,17.60,17.43,17.60,17.43,17.50,17.50,17.67,18.40,18.40,18.77,18.93,19.30,19.23,19.47,19.63,19.63,20.10,20.23,20.53,20.83,20.30,20.70,20.37,20.70,20.37,20.93,20.87,20.77,20.53,20.70,20.87,21.00,21.03,21.03,20.93,20.33,20.93,20.97,21.23,21.27,20.50,20.60,20.97,21.93,23.43,26.40,28.40,29.07,29.03,28.90,28.63,28.90,29.27,29.93,29.97,29.50,29.50,29.23,28.73,28.60,27.50,26.80,26.10,24.87,24.63,22.87,22.33,20.70,20.07,19.73,19.60,19.47,18.73,18.73,18.73,18.80,18.80,18.33,18.33,18.57,18.93,18.33,18.10,18.10,18.40,18.40,18.80,17.90,19.03,19.33,19.67,20.57,20.90,20.90,20.90,21.73,21.73,22.40,22.07,22.30,22.30,22.93,22.80,22.67,22.47,22.47,22.47,22.27,22.57,22.27,22.23,22.23,22.30,22.30,22.63,22.67,23.03,23.03,22.27,21.60,21.60,21.60,21.87,21.57,21.57,21.57,21.87,21.87,21.87,21.87,21.93,21.93,21.60,21.87,21.83,21.87,21.83,22.07,21.67,21.77,21.67,21.20
17.60,16.93,16.93,17.30,17.50,17.50,17.50,17.20,17.20,16.67,18.07,18.07,17.77,17.77,17.63,18.23,17.77,17.60,17.60,17.43,17.43,17.23,17.23,17.50,17.70,17.80,17.80,18.77,18.93,19.47,19.47,19.47,19.63,19.63,20.10,20.10,20.50,20.50,20.43,20.43,20.37,20.70,20.63,21.10,20.67,20.77,20.53,20.93,20.87,21.00,20.87,21.03,21.07,20.93,20.93,21.23,21.30,21.37,20.73,20.73,20.53,21.77,22.17,22.83,26.40,28.40,28.63,28.90,28.90,28.90,29.60,29.97,30.27,29.80,29.80,29.80,29.97,29.40,29.40,29.40,28.77,27.97,25.20,24.83,24.20,22.80,22.53,21.03,20.40,20.40,19.97,19.17,19.07,19.07,18.77,18.43,18.57,18.57,18.93,18.73,18.27,18.10,18.27,18.40,19.03,18.83,19.03,18.83,19.60,20.03,20.87,20.87,20.87,21.53,21.53,21.73,21.50,21.87,21.87,22.37,22.23,22.63,22.63,22.63,22.57,22.57,22.57,21.80,22.23,22.03,22.30,22.13,22.63,22.63,22.63,23.10,23.10,22.10,22.07,22.07,22.07,21.87,21.70,21.70,22.20,21.87,21.77,21.77,21.77,21.93,21.93,21.83,21.83,21.93,22.07,22.87,21.67,21.67,21.50,21.50
16.90,17.60,17.60,17.33,17.33,17.50,17.50,17.20,17.20,18.00,18.47,18.07,17.77,17.77,17.97,17.97,17.70,17.70,17.70,17.70,17.60,17.60,17.77,17.77,17.80,17.80,17.80,18.77,18.90,19.53,19.70,19.70,20.13,20.13,20.30,20.30,20.50,20.67,20.43,20.43,20.37,20.77,20.83,21.00,20.67,20.87,20.50,20.93,21.00,21.03,21.03,21.07,21.07,21.07,21.03,21.23,21.27,21.27,20.73,20.73,20.53,21.33,21.47,22.17,22.77,25.13,27.63,28.90,29.40,29.87,29.97,30.03,29.97,29.63,29.63,29.80,30.63,30.63,30.13,30.03,29.33,29.13,28.77,27.57,26.57,25.23,25.10,22.83,22.73,21.03,20.80,20.80,20.57,19.07,18.67,18.50,18.67,19.13,19.17,19.13,18.63,18.27,18.27,18.30,19.03,18.90,18.90,18.90,19.83,20.77,20.97,21.13,21.53,22.07,21.80,21.80,21.40,22.00,22.30,22.37,22.40,22.40,22.63,22.63,22.57,22.57,22.57,22.40,22.50,22.50,22.87,22.30,22.20,22.20,22.37,22.40,22.40,22.10,22.10,22.10,22.33,22.33,21.90,21.80,21.83,21.77,21.60,21.60,21.60,21.77,21.93,21.83,21.87,21.87,22.77,22.87,21.67,21.63,21.60,21.50
17.13,17.13,17.13,17.97,17.33,17.53,17.53,17.70,17.80,18.00,18.00,17.67,17.67,18.07,18.07,17.73,17.30,17.33,17.70,17.77,17.77,17.77,18.10,17.80,17.80,17.80,17.73,17.80,19.07,19.63,19.70,19.70,19.90,20.13,20.37,20.50,20.40,20.50,20.40,20.43,20.00,20.77,20.83,20.93,20.93,20.67,20.67,21.13,21.13,21.13,21.07,21.27,20.73,21.27,20.73,21.03,20.80,20.67,20.67,20.70,20.70,21.27,21.33,21.33,21.47,22.63,25.13,26.90,29.87,29.87,29.87,29.60,29.63,29.63,29.63,29.80,30.63,30.77,30.57,30.13,30.13,30.13,30.03,29.73,28.80,28.43,26.97,25.33,23.57,23.47,22.80,22.37,21.63,20.57,19.83,19.10,19.23,19.00,19.20,19.20,19.07,18.70,18.47,18.30,18.30,19.03,19.33,19.90,20.27,20.77,21.47,21.80,22.07,22.07,21.80,21.43,21.40,22.00,22.07,22.23,22.37,22.07,22.20,22.20,22.57,22.63,22.63,22.63,22.83,22.83,22.87,22.47,22.47,22.20,22.20,22.37,22.87,22.87,22.10,22.07,22.33,22.73,22.23,21.80,21.83,21.83,21.43,21.53,21.67,22.00,22.57,22.57,22.77,22.77,22.77,21.80,21.60,21.60,21.60,21.70
17.13,17.97,17.13,17.17,17.00,18.03,17.80,17.80,17.80,17.80,18.00,17.67,17.67,17.53,18.07,17.87,17.70,17.70,17.70,17.70,17.77,17.77,18.10,18.10,18.20,17.80,17.73,17.80,18.47,19.07,19.23,19.70,20.37,20.37,20.80,20.90,20.50,20.50,20.33,20.53,20.53,20.77,20.83,20.87,20.90,20.27,20.67,20.80,21.13,21.13,21.27,21.27,20.73,21.27,21.03,21.47,20.80,20.67,20.27,20.70,20.70,21.33,21.33,21.33,21.20,21.87,22.77,25.57,26.90,28.70,29.50,29.60,29.63,29.63,29.63,30.07,30.87,30.87,30.60,30.53,30.53,30.53,30.53,30.07,30.07,29.73,29.20,27.40,26.27,26.23,24.33,22.80,22.63,22.07,20.57,20.17,20.17,19.23,19.83,19.30,19.30,19.30,19.00,19.00,18.30,20.23,20.27,20.27,20.77,21.80,22.63,22.07,22.07,21.83,21.43,21.43,22.30,22.33,22.33,22.40,22.53,22.23,22.07,22.00,22.20,22.20,22.40,22.40,21.93,22.50,22.47,22.50,22.20,22.20,22.20,22.20,22.40,22.13,22.13,22.10,22.33,22.33,22.03,21.80,21.83,22.00,22.00,22.00,22.00,22.17,22.37,22.47,22.47,22.20,22.20,21.63,21.63,21.60,21.93,22.07
17.33,17.33,17.27,17.17,17.17,18.03,18.03,18.00,17.80,17.50,17.80,17.43,17.67,17.53,17.90,17.73,17.33,17.33,17.10,17.33,17.37,17.47,18.10,18.23,18.23,17.80,17.60,17.70,19.07,19.23,19.30,19.70,20.57,20.57,21.13,20.60,20.50,20.50,20.33,20.53,20.53,20.53,20.87,20.87,20.90,20.27,20.67,20.67,20.57,20.90,20.90,21.07,21.03,21.33,21.33,21.47,20.67,20.67,20.60,20.70,20.70,21.73,21.00,21.20,21.17,21.53,21.87,22.47,25.57,26.63,28.70,29.60,30.00,30.00,30.00,30.10,30.87,30.87,31.07,31.07,30.77,30.77,30.77,30.43,30.60,30.43,30.37,29.33,28.40,26.73,26.23,25.23,23.17,22.63,22.03,21.20,20.83,20.67,20.67,20.43,20.33,20.43,20.33,20.70,20.43,20.43,20.43,21.77,21.90,22.63,23.27,23.07,22.30,21.43,21.43,21.43,21.43,22.07,22.33,22.40,22.53,22.23,22.07,22.00,22.00,22.00,22.03,22.03,21.93,22.13,21.90,22.20,22.20,22.20,21.70,21.70,22.03,22.20,22.33,22.40,22.53,22.53,22.03,22.00,22.07,22.07,22.07,22.07,22.07,22.17,22.17,22.43,22.20,22.20,22.10,21.80,21.63,21.80,21.93,22.07
17.37,17.37,17.63,17.17,17.17,17.17,18.03,18.03,17.50,17.30,18.23,18.20,17.93,17.90,17.93,17.93,17.63,17.33,17.10,17.30,17.30,17.33,17.77,18.20,18.23,18.23,18.23,18.43,18.63,19.23,19.30,20.57,20.83,20.83,21.13,21.13,20.60,20.60,20.50,20.67,20.57,20.67,20.87,20.90,20.67,20.27,20.57,20.70,20.70,20.87,20.90,21.03,21.07,21.07,21.10,21.47,21.07,21.07,20.57,20.60,21.73,21.73,21.13,21.13,21.00,21.00,21.27,22.47,23.13,25.57,27.70,30.07,30.13,30.13,30.00,30.60,30.83,31.13,31.20,31.47,31.47,31.13,30.80,30.77,30.60,30.60,31.07,29.70,29.27,28.20,26.73,25.43,23.57,22.93,22.90,22.63,21.37,21.30,21.30,21.30,21.57,21.57,21.57,21.43,21.23,21.43,22.17,22.17,23.97,24.33,24.53,24.20,22.80,22.47,22.30,22.07,22.07,21.73,22.33,22.77,22.77,22.33,22.27,22.07,22.00,22.03,22.03,22.03,21.93,21.93,21.80,22.20,22.20,22.53,22.43,22.03,22.20,22.33,22.40,22.40,22.40,22.40,22.27,22.13,22.07,22.07,22.07,22.67,22.20,22.43,22.17,22.43,22.10,22.10,22.10,22.37,22.27,21.93,21.93,22.07
17.33,17.33,17.37,17.27,17.10,17.10,17.47,17.47,17.47,17.30,17.73,17.73,17.90,17.90,17.93,17.93,17.37,17.33,17.33,17.33,17.33,17.47,17.87,18.23,17.87,17.53,17.60,18.63,18.63,19.23,19.23,19.70,20.57,20.90,20.53,20.60,19.50,20.47,20.50,20.77,20.67,20.67,20.77,20.97,20.77,21.10,20.70,20.93,20.70,20.80,20.47,20.47,21.07,21.10,21.33,21.33,21.20,21.20,20.60,21.07,21.13,21.70,21.17,21.13,21.13,20.80,21.27,21.27,21.57,23.03,25.70,30.07,30.53,30.57,31.00,30.83,30.83,30.83,30.93,31.70,31.97,31.97,31.90,31.27,31.67,31.43,31.23,31.07,29.33,28.17,26.73,25.43,24.17,22.93,22.90,22.90,22.33,22.37,23.07,23.07,22.63,22.63,22.50,22.50,22.50,23.37,23.37,23.37,24.60,24.53,24.83,24.63,24.20,22.53,22.47,22.10,22.10,22.07,22.47,22.77,22.33,22.27,22.27,22.07,21.67,21.67,21.67,22.03,22.17,22.20,22.20,22.20,22.43,22.43,22.43,22.03,22.23,22.33,22.33,22.33,22.47,22.47,22.53,22.30,22.13,22.13,22.37,22.67,22.37,22.17,22.10,22.10,22.10,22.37,22.40,22.40,21.80,21.63,21.43,21.43
17.37,17.37,17.37,17.77,17.10,17.07,17.37,17.47,18.07,18.00,18.00,18.00,17.93,17.93,17.93,17.97,17.77,17.83,17.77,18.20,17.83,17.97,17.83,17.67,17.67,17.53,18.13,18.13,18.13,18.57,18.63,19.23,19.90,20.53,19.90,19.83,19.50,20.47,20.63,20.80,20.57,20.57,20.67,20.67,20.27,20.20,20.70,20.80,20.80,20.80,20.47,20.17,20.17,21.10,21.33,21.33,21.20,21.20,21.20,21.10,21.13,21.63,21.63,20.80,20.77,20.77,20.77,21.27,21.40,23.00,23.30,27.83,30.43,30.60,31.00,31.00,30.93,30.93,30.93,31.20,31.97,31.97,32.33,31.60,31.67,31.57,31.23,30.53,29.33,28.17,26.07,25.43,24.17,23.03,22.90,22.93,22.73,23.03,23.30,23.30,24.07,24.07,24.07,24.07,24.07,24.07,24.37,24.60,24.83,24.83,24.93,24.87,24.63,22.87,22.47,22.10,22.10,22.27,22.33,22.33,22.27,22.07,22.27,22.33,22.33,21.67,21.67,22.10,22.27,22.43,22.27,22.23,22.43,22.53,22.60,22.57,22.57,22.63,22.70,22.47,22.27,22.27,22.43,22.30,22.13,22.07,22.37,22.67,22.83,22.83,22.67,22.67,22.63,22.63,22.63,22.27,22.27,21.80,21.80,22.40
17.83,17.73,17.40,17.73,17.47,17.47,17.47,17.47,17.47,17.47,18.00,17.73,17.63,17.43,17.77,17.77,17.73,17.77,17.73,18.27,17.50,17.97,17.87,17.90,17.87,17.33,17.60,17.60,18.03,18.33,18.90,19.23,19.73,19.73,19.70,19.70,19.70,20.33,20.33,20.47,20.53,20.53,20.77,20.27,20.67,20.27,20.70,20.80,20.80,20.63,20.20,20.07,20.17,21.47,21.67,21.33,21.20,21.20,21.20,21.10,21.13,21.63,21.70,21.70,20.80,20.57,20.57,20.77,21.13,21.40,23.00,26.13,28.57,30.53,31.43,31.47,31.47,31.57,31.47,31.47,31.97,31.97,32.33,31.60,31.80,31.57,31.43,30.37,30.00,27.90,26.93,25.33,24.17,22.93,22.87,22.93,22.73,23.03,23.30,23.67,24.07,24.07,24.13,24.13,24.37,24.37,24.37,24.23,24.23,24.20,24.83,24.87,24.63,23.67,22.53,22.10,22.37,22.47,22.37,22.33,22.07,21.70,21.60,21.70,22.07,21.83,21.83,22.07,22.23,22.33,22.33,22.33,22.37,22.37,22.37,22.23,22.23,22.47,22.47,22.20,22.17,22.20,22.47,22.43,22.43,22.43,23.20,22.83,22.90,22.83,22.67,22.17,22.77,23.10,22.77,22.30,22.27,22.03,22.30,22.30
17.40,17.80,17.80,17.73,17.73,17.73,17.47,17.37,17.37,17.27,17.27,17.43,17.67,17.67,17.67,17.30,17.30,17.77,17.77,18.30,17.87,17.97,17.97,17.90,17.63,17.17,18.00,18.00,18.13,18.13,19.13,19.13,19.43,19.63,19.70,19.83,20.00,20.63,20.37,20.33,20.37,20.90,20.90,19.87,20.27,20.27,20.70,20.70,20.80,20.63,20.23,20.20,20.23,21.33,21.33,21.03,21.03,21.03,21.20,21.20,21.20,21.27,21.63,21.27,20.80,20.77,20.57,20.77,21.13,21.67,23.27,25.57,27.83,29.80,31.37,31.60,32.10,31.60,32.17,31.47,31.70,31.70,31.80,31.60,31.67,31.50,30.67,30.37,30.00,28.03,26.93,25.60,24.13,22.93,22.93,23.03,22.83,22.73,22.83,23.67,23.83,23.77,23.87,24.07,24.37,24.37,24.27,23.97,23.73,23.87,24.20,24.30,24.30,23.67,23.33,22.27,21.80,22.27,22.33,22.33,22.07,22.07,21.70,22.20,22.07,22.07,22.07,22.07,22.07,22.23,22.23,22.23,22.37,22.60,22.57,22.50,22.23,22.23,22.23,22.17,21.97,22.10,22.10,22.47,22.47,22.43,22.27,22.23,22.83,22.67,22.67,22.90,23.10,23.17,22.77,22.47,22.47,22.77,22.77,22.77
17.83,17.83,17.83,17.73,17.73,17.73,17.60,17.27,17.20,17.20,17.23,17.53,17.67,17.53,17.30,16.97,17.20,17.30,17.43,18.07,17.87,18.50,18.30,18.20,17.90,17.63,17.80,18.03,18.97,18.27,19.37,19.13,19.43,19.27,19.43,20.00,20.13,20.33,20.33,20.33,20.27,20.73,20.73,20.67,20.53,20.50,20.70,20.70,20.80,20.63,20.23,20.23,20.20,21.17,21.17,21.03,20.63,20.87,21.17,21.20,21.20,21.27,21.63,21.27,20.83,20.80,20.70,20.77,21.10,21.67,23.27,25.27,26.60,29.80,31.37,31.77,32.10,31.77,32.17,31.57,31.70,32.30,31.80,31.80,31.80,31.50,30.90,30.57,29.03,28.17,27.27,24.93,23.93,22.87,23.20,22.93,22.83,22.67,22.70,23.07,23.67,23.73,23.87,23.73,24.10,23.57,23.60,23.53,23.60,23.87,24.13,24.20,23.87,23.53,23.33,22.57,22.07,22.27,22.00,22.53,22.00,22.17,21.67,21.97,22.07,22.30,22.23,21.93,21.93,21.93,22.23,22.23,22.37,22.37,22.37,21.90,22.00,22.03,22.03,22.03,21.67,21.30,21.53,22.43,22.47,22.90,22.97,22.37,22.37,22.37,22.17,23.17,23.17,23.17,23.17,23.33,22.63,22.77,22.33,22.30
17.80,17.83,17.83,17.83,17.33,17.13,16.87,16.87,17.10,17.20,17.77,17.70,17.67,17.53,17.17,17.17,17.20,17.30,17.47,17.90,17.87,18.07,18.07,18.20,17.93,17.63,17.63,18.13,18.27,18.27,19.57,19.13,19.43,19.43,20.00,20.00,20.13,20.13,20.33,20.07,20.07,20.27,20.53,20.57,20.53,20.50,20.80,20.63,20.63,20.63,20.63,21.03,20.23,20.53,20.53,21.03,20.63,21.03,21.17,21.30,21.27,21.27,20.83,20.83,20.83,20.93,20.77,21.67,21.67,22.17,23.53,25.27,26.60,29.80,31.33,31.60,32.27,32.27,32.17,31.40,31.40,31.97,31.67,31.67,31.33,30.97,30.67,30.57,29.00,28.17,26.73,24.27,23.93,22.77,23.20,22.50,22.83,22.70,22.83,23.07,23.07,23.07,23.47,23.57,23.57,23.53,23.53,23.50,23.60,23.87,24.07,24.30,23.33,23.33,22.93,22.57,22.07,22.03,21.93,22.17,21.60,21.63,21.63,22.20,22.30,22.33,22.37,22.33,22.37,22.10,22.23,21.97,21.97,21.97,22.00,21.80,21.80,21.80,22.03,21.97,21.97,21.50,21.53,22.30,22.60,22.40,22.27,22.23,22.37,22.37,22.30,22.30,23.13,23.13,23.17,23.50,23.53,22.93,22.63,22.10
17.97,17.83,17.83,17.50,17.50,17.13,17.13,16.90,17.20,17.77,18.13,18.17,18.17,17.63,17.63,17.20,17.43,17.43,17.60,17.50,17.57,17.87,18.07,18.20,17.93,17.80,17.40,17.80,18.27,18.27,19.57,19.33,19.50,19.33,20.03,20.13,20.13,20.10,20.07,19.63,19.60,19.60,20.43,20.73,20.87,20.87,20.73,20.73,20.97,20.40,20.67,20.63,20.53,20.23,20.20,20.63,20.63,20.80,21.07,21.30,21.07,20.60,20.60,20.93,20.83,21.23,21.73,22.30,22.17,23.10,25.20,25.57,27.27,29.53,31.33,31.73,31.93,32.27,32.27,31.43,31.43,31.97,31.57,30.87,30.67,30.97,30.90,29.97,28.77,27.27,25.50,24.27,23.63,22.83,22.83,22.50,22.60,22.60,22.60,22.47,22.57,23.07,23.33,23.33,23.33,23.53,23.53,23.40,23.40,24.07,24.07,24.07,23.33,23.07,22.57,22.27,22.07,22.03,21.93,22.17,21.60,21.63,21.63,22.33,22.50,22.40,22.93,22.37,22.93,22.10,22.17,21.93,21.97,21.97,21.90,21.80,21.80,22.13,22.33,22.53,22.60,22.60,22.17,22.50,22.60,22.97,22.97,22.67,22.63,22.63,22.30,22.77,23.07,23.13,23.20,23.57,23.57,23.33,22.77,22.77
17.33,17.20,17.90,17.50,17.90,17.33,16.83,16.77,16.90,17.13,18.13,18.17,18.17,17.67,17.63,17.50,17.50,17.80,17.90,17.80,17.50,17.50,17.87,18.07,18.07,17.80,17.20,17.60,17.97,17.97,18.80,19.33,19.60,19.73,20.00,20.00,20.03,19.63,19.47,19.47,20.30,20.30,20.37,20.37,20.87,20.93,20.93,20.93,21.00,21.00,21.00,20.67,20.63,20.53,20.13,20.13,21.10,21.50,21.07,21.07,20.80,20.80,20.60,21.00,21.00,21.90,22.33,22.43,23.10,23.87,25.30,25.83,27.43,29.53,31.53,31.93,32.27,32.47,32.37,31.77,31.77,31.77,31.77,31.10,30.67,30.83,29.97,29.13,28.03,26.50,24.30,24.20,23.33,22.83,22.63,22.60,22.60,23.20,23.20,22.47,22.37,22.57,23.13,23.33,23.60,23.87,23.60,23.37,23.37,23.93,24.07,24.07,23.13,22.93,22.07,21.87,22.03,21.80,21.93,21.93,21.73,21.63,21.63,22.67,22.73,22.33,22.30,22.10,22.93,22.53,22.53,21.93,21.87,21.93,22.00,22.10,22.13,22.20,22.20,22.33,22.17,22.60,22.63,22.63,22.93,23.03,22.97,22.67,22.63,22.40,22.30,22.30,22.57,22.67,23.13,23.20,23.20,23.20,22.83,22.83
17.67,17.33,17.33,17.80,17.83,17.67,17.33,16.90,16.90,17.13,17.80,17.73,17.63,17.67,17.67,17.67,17.60,17.70,17.87,17.87,17.43,17.43,17.77,18.33,18.33,17.80,17.57,17.80,18.43,18.27,18.43,19.33,19.63,19.73,20.00,20.03,20.03,19.93,20.97,20.30,20.30,20.30,20.17,20.27,20.27,20.43,20.57,20.73,21.00,21.00,20.67,20.63,20.67,20.63,20.23,20.40,20.80,21.10,21.07,20.80,20.63,20.80,21.10,21.37,21.43,22.40,22.87,23.30,23.70,24.70,25.57,26.07,28.40,29.53,31.73,31.73,32.03,32.20,32.20,31.87,31.87,31.77,31.77,31.57,31.23,31.10,30.70,28.97,27.37,26.47,24.30,23.70,23.07,22.93,22.67,22.63,22.60,23.10,23.00,22.37,22.30,22.30,23.00,23.30,23.97,24.13,23.60,23.37,23.37,23.97,24.17,24.07,23.13,22.47,21.87,21.57,21.57,21.20,21.80,22.40,22.40,21.73,22.40,22.67,22.93,22.40,22.30,22.10,22.30,22.10,22.17,22.07,21.93,21.93,22.10,22.13,22.20,22.20,22.33,22.53,22.27,22.63,22.50,22.97,23.17,23.20,23.13,22.80,22.40,22.40,22.77,22.77,22.80,23.30,23.20,23.20,23.10,23.10,22.80,22.80
17.17,17.13,17.20,17.80,17.97,18.13,17.33,16.90,16.90,17.13,17.73,17.63,17.90,17.67,17.83,17.83,18.13,17.87,17.87,17.20,17.20,17.30,17.93,18.27,18.33,17.57,17.60,17.60,18.03,18.27,18.63,18.80,19.63,19.90,19.90,19.93,19.93,20.93,20.97,20.47,20.30,20.37,20.33,20.33,20.33,20.53,20.57,20.67,21.13,21.43,20.67,20.67,21.13,21.13,20.83,20.83,22.10,21.80,21.80,21.53,20.80,21.10,21.43,21.50,22.50,23.27,23.50,23.87,24.70,25.17,26.07,28.37,29.33,30.93,31.60,31.53,32.03,32.20,32.20,31.83,31.77,31.87,32.13,31.77,31.63,31.10,30.60,28.47,28.03,25.77,24.20,23.70,23.07,22.83,22.63,22.63,23.00,23.20,23.00,22.37,22.30,22.30,22.83,24.07,24.07,24.23,23.60,23.80,23.80,23.97,24.30,24.07,23.00,22.53,21.87,21.87,21.87,21.20,21.67,21.80,22.10,21.73,22.10,22.67,23.23,22.67,22.30,22.30,22.30,22.53,22.13,22.47,21.93,21.93,22.03,22.33,22.33,22.33,22.43,22.43,22.27,22.27,22.37,22.63,23.03,23.17,23.13,22.77,22.40,22.40,22.20,22.63,22.57,22.63,22.67,23.03,23.03,22.67,22.67,22.87
17.13,17.13,17.20,17.70,17.33,17.83,17.33,17.27,17.30,17.73,18.13,17.90,17.90,17.63,17.57,17.67,17.83,17.20,17.20,17.20,18.10,18.10,18.33,18.37,18.37,18.17,17.60,17.60,17.63,18.27,18.43,19.20,19.70,19.90,19.90,20.10,20.60,20.93,20.60,20.80,20.47,20.80,20.33,20.47,20.53,20.53,20.57,20.67,21.43,21.43,21.43,20.90,21.13,21.13,21.03,21.03,22.33,22.17,22.23,22.23,22.37,21.70,21.70,23.17,23.40,23.90,24.87,25.17,25.67,26.80,27.97,29.07,30.80,31.47,31.53,31.47,31.53,32.03,32.03,31.87,31.63,32.13,32.13,32.20,31.63,31.23,30.70,28.97,27.07,25.77,24.07,23.23,22.83,22.67,22.57,22.60,22.80,23.00,22.97,22.30,22.83,22.50,22.83,22.83,22.70,24.00,24.00,23.97,23.80,23.97,24.27,24.27,23.23,22.53,22.37,21.87,21.87,22.13,22.17,21.83,22.10,21.73,21.73,21.73,22.87,22.77,22.60,22.23,22.00,22.00,22.07,22.40,22.13,22.47,22.03,22.03,22.20,22.20,22.43,22.67,22.67,22.87,22.33,22.37,22.63,23.13,23.07,22.77,22.20,22.97,22.80,22.80,22.63,22.63,22.27,22.67,22.67,22.67,22.67,22.60
17.13,17.13,17.27,17.27,17.23,17.27,17.30,17.27,17.30,18.13,18.17,18.13,18.10,18.10,17.57,17.57,17.67,17.67,17.57,17.57,17.67,18.33,18.37,18.30,18.30,18.13,17.83,17.83,17.87,18.13,18.63,19.03,19.47,19.90,19.90,20.37,20.60,20.60,20.47,21.07,20.90,20.90,20.70,20.67,20.97,20.97,21.20,21.83,21.97,21.97,22.10,21.70,21.37,21.37,21.50,22.93,22.93,22.87,22.73,23.13,23.20,23.70,23.70,23.90,24.87,25.13,26.47,26.47,27.00,27.97,29.73,30.33,31.03,31.10,31.47,31.47,31.60,32.03,31.83,31.83,31.57,32.53,32.13,32.13,31.63,31.43,30.73,29.23,27.07,25.77,23.40,22.83,22.63,22.17,22.13,22.57,22.60,22.43,22.80,22.30,22.83,22.63,22.80,22.80,22.63,23.37,23.63,24.00,23.57,23.80,24.27,24.27,23.23,22.53,22.03,21.97,22.13,22.17,22.20,21.80,21.80,21.73,21.80,21.80,22.77,22.40,22.33,22.00,22.23,22.23,22.13,22.13,22.03,22.03,22.03,22.33,22.30,22.30,22.30,22.27,22.43,22.27,22.17,22.23,22.37,22.63,22.77,23.00,22.77,22.20,22.00,22.03,22.10,22.27,22.10,22.63,22.67,22.67,22.87,22.87
16.87,17.50,17.50,17.83,17.23,17.23,17.27,17.30,17.53,17.83,18.13,17.77,17.77,17.77,17.67,17.33,17.33,17.67,18.07,18.07,18.07,18.33,18.47,18.47,18.47,18.80,18.53,18.67,18.13,18.33,19.03,19.40,20.83,20.37,20.63,20.63,21.23,21.23,21.40,21.60,21.83,21.83,22.13,22.20,23.33,23.33,23.33,22.17,22.17,22.37,23.10,23.10,23.10,23.23,23.43,23.53,24.13,24.50,24.50,23.93,23.93,24.13,25.23,26.17,26.50,27.30,28.17,28.17,28.53,29.83,30.33,30.73,31.10,31.10,31.47,31.67,31.67,31.83,31.63,31.83,31.77,32.53,32.20,32.20,31.70,31.43,30.73,29.67,26.50,25.47,23.40,22.83,22.63,22.17,22.40,22.43,22.57,22.27,22.77,22.43,22.77,22.80,22.63,22.80,22.63,23.17,23.63,23.67,23.03,23.17,23.17,23.43,22.97,22.43,21.93,21.87,21.87,21.87,21.87,21.83,21.83,21.80,21.80,21.80,22.40,21.80,22.00,21.77,22.23,22.23,22.37,22.00,22.03,22.03,22.03,21.93,22.20,22.20,22.20,22.23,22.57,22.73,22.17,22.47,22.47,23.07,23.07,23.07,22.33,22.33,22.20,22.30,22.30,22.30,22.77,23.17,23.10,23.07,22.93,22.50
15.77,17.50,17.80,17.93,17.60,17.93,17.30,17.30,17.30,17.83,17.83,17.53,17.70,17.73,17.77,17.67,17.33,17.33,18.07,18.07,18.03,18.03,18.30,18.57,18.80,19.43,19.00,19.23,19.00,19.03,19.40,21.40,21.40,21.40,21.77,22.57,22.57,22.50,22.50,23.20,23.30,23.20,23.73,24.00,24.37,24.17,24.17,24.17,23.67,24.00,23.73,23.83,23.83,23.97,24.50,24.50,24.83,24.83,25.03,25.80,26.00,26.33,26.33,27.03,27.93,29.27,29.53,30.00,30.07,30.53,30.37,30.73,31.10,31.30,31.47,31.73,31.67,31.67,31.63,32.20,32.47,32.47,32.20,31.97,31.90,31.43,30.73,29.67,26.50,25.37,23.17,22.37,22.40,22.17,22.40,22.27,22.27,22.13,22.13,22.43,22.63,22.63,22.63,22.80,22.40,22.67,22.67,23.63,23.57,23.43,23.10,23.10,22.90,22.73,21.97,21.87,21.83,21.87,21.87,21.87,21.90,22.03,22.30,22.63,22.40,22.10,22.10,22.10,22.40,22.40,22.37,21.97,22.03,22.73,22.73,22.50,22.53,22.33,22.33,22.23,22.57,22.23,21.80,22.07,22.47,23.03,23.07,23.13,22.67,22.60,22.20,22.53,22.53,22.63,22.77,23.17,23.17,22.93,22.70,22.50
17.27,17.40,17.80,17.93,17.80,17.93,17.77,17.53,17.53,17.53,17.83,17.70,17.73,17.70,17.70,17.67,17.43,17.33,18.10,18.27,18.37,18.57,19.30,19.47,19.73,20.37,20.37,20.20,20.20,21.50,21.73,22.23,22.47,22.63,22.97,23.57,23.77,24.00,24.20,24.57,24.57,24.77,25.03,25.37,25.37,25.13,25.13,25.27,26.03,25.63,26.00,26.00,26.00,26.17,26.07,26.37,26.40,26.40,27.10,27.10,27.20,28.80,29.23,29.37,30.27,30.53,31.10,31.17,31.17,31.17,31.17,31.30,31.30,31.47,31.73,31.90,31.67,31.67,31.63,32.20,32.47,32.20,32.20,31.97,31.97,31.83,30.23,29.50,25.97,25.37,23.53,22.40,22.87,22.87,22.63,22.27,22.27,22.13,22.13,21.97,22.33,22.87,22.63,22.87,22.40,22.67,22.87,23.50,23.50,22.87,23.13,22.90,22.90,22.73,21.93,21.37,21.33,21.57,21.83,21.87,21.93,22.03,22.03,22.63,22.40,22.10,21.83,21.83,22.70,22.37,22.37,22.33,22.40,22.73,22.73,22.70,22.70,22.40,22.40,22.40,22.53,22.53,21.67,23.03,23.07,23.30,23.13,23.13,22.67,22.63,22.53,22.53,22.63,22.67,22.90,22.70,22.90,22.70,22.70,22.50
16.60,17.23,17.60,17.87,17.87,17.87,17.77,17.77,17.77,18.07,17.93,17.83,17.70,17.43,17.43,17.43,17.43,17.23,18.53,19.03,19.83,19.83,20.03,20.07,21.23,21.47,22.43,22.60,22.60,22.60,22.70,23.53,23.00,23.90,24.37,24.60,24.67,24.97,25.43,25.57,25.57,25.57,25.80,26.10,25.80,26.83,27.23,27.23,26.93,26.93,27.50,27.50,27.40,27.37,27.37,28.23,28.73,28.23,28.77,28.77,29.23,29.53,30.27,30.27,30.40,30.60,31.33,31.37,31.17,31.33,31.33,31.60,31.37,31.60,31.80,32.03,32.20,32.33,32.20,32.67,32.73,32.67,32.47,32.40,32.40,32.13,30.30,29.07,26.47,24.90,23.23,23.10,23.13,22.87,22.63,22.27,22.27,22.13,22.50,21.97,22.20,22.87,22.87,22.87,22.10,22.40,22.10,22.57,23.50,22.90,23.73,22.90,22.90,22.63,22.47,21.33,21.23,21.57,21.90,21.83,21.93,21.83,22.30,22.40,22.40,22.10,21.83,21.83,22.03,22.03,22.07,22.33,22.40,22.73,23.50,23.10,23.13,22.97,23.07,22.40,21.87,21.87,21.73,23.03,23.03,23.00,23.07,23.10,23.13,22.63,22.17,22.00,22.17,22.47,22.90,22.67,22.90,22.70,22.33,22.33
17.17,17.23,17.83,17.87,17.90,17.77,17.77,17.77,17.93,17.93,17.83,17.57,17.10,17.20,17.20,17.43,17.53,17.90,19.03,20.13,20.53,21.37,21.87,22.60,22.60,22.60,23.67,23.67,23.67,23.80,23.80,24.27,25.60,25.60,25.60,25.60,26.77,27.30,28.00,28.10,28.10,28.67,28.67,28.63,28.63,29.23,29.23,27.97,27.97,28.43,28.67,28.70,28.70,29.57,29.57,29.57,30.17,30.47,30.37,30.37,30.37,30.53,30.67,30.60,30.67,31.07,31.37,31.73,31.73,31.70,31.63,31.60,31.60,31.77,31.90,32.03,32.20,32.67,32.20,32.43,32.43,32.67,32.67,32.57,32.33,32.10,30.30,29.50,26.47,24.37,23.60,23.60,23.23,23.13,22.77,22.43,22.53,22.53,22.50,21.83,22.33,22.90,22.90,22.87,21.87,22.37,22.37,22.40,22.87,22.87,23.13,22.90,23.17,22.47,21.00,21.17,21.17,21.57,21.73,21.57,22.20,21.57,22.03,22.13,22.43,22.43,21.83,21.57,21.93,22.03,22.27,22.40,22.57,22.57,22.57,22.83,22.97,22.70,22.40,22.17,21.87,22.53,23.37,23.37,22.87,22.63,22.37,22.37,23.10,22.80,22.63,22.00,22.17,22.17,22.53,22.70,22.90,22.70,22.10,22.10
16.60,17.07,17.20,17.87,17.90,17.87,17.77,17.77,18.07,18.57,18.57,17.57,17.10,17.20,17.57,17.57,17.90,18.80,20.60,20.60,21.37,22.23,22.80,23.63,23.67,23.67,24.37,24.83,25.70,26.00,26.10,26.20,26.87,27.23,27.97,27.30,28.10,28.30,28.47,28.67,28.90,28.93,29.00,29.40,29.73,29.73,29.80,29.37,28.80,29.37,29.03,29.03,29.03,29.60,29.97,30.13,30.77,30.83,30.47,30.37,30.37,30.53,30.90,30.53,30.40,30.17,30.83,31.73,31.73,31.87,32.03,32.03,31.80,31.87,31.87,32.03,32.20,32.63,32.20,32.43,32.43,32.67,32.70,32.70,32.70,32.13,30.30,29.07,26.53,24.23,23.23,23.23,23.23,23.10,22.77,22.53,22.53,22.57,22.50,22.50,22.50,23.00,22.90,22.77,22.20,22.57,22.37,22.40,22.70,22.73,22.90,22.90,22.63,22.23,21.00,21.00,21.00,21.50,21.60,21.50,22.00,21.83,22.03,22.03,22.33,22.13,21.93,21.93,22.03,22.27,22.27,22.27,22.73,22.63,22.63,22.63,23.10,22.70,22.70,22.17,22.63,22.53,22.53,22.87,22.87,22.67,22.63,22.43,22.80,22.80,22.87,22.47,22.27,22.17,22.27,22.53,22.83,22.83,22.67,22.67
17.03,17.03,17.20,17.83,17.63,17.63,17.63,17.27,17.93,17.57,17.70,17.57,17.20,17.20,17.57,18.40,18.73,18.80,20.47,21.03,22.23,22.73,23.73,24.07,25.10,26.00,26.73,27.60,27.60,27.60,27.67,28.27,28.37,28.37,28.40,28.27,28.30,28.47,28.53,28.90,29.00,29.27,29.43,29.57,29.73,29.93,30.40,30.30,29.50,29.50,28.80,28.77,29.60,30.13,30.13,30.20,30.60,30.83,30.77,30.40,30.37,30.53,30.90,30.90,30.53,30.17,30.53,30.93,31.77,31.87,32.13,32.27,31.87,31.87,31.87,32.30,32.63,32.63,32.40,32.40,32.43,32.97,32.87,32.87,32.70,32.10,30.57,29.53,26.97,24.37,23.73,23.30,22.97,22.97,22.87,22.80,22.77,22.53,22.23,22.33,22.33,22.60,22.20,22.20,22.77,22.90,22.67,22.37,22.40,22.70,22.73,23.10,22.50,21.67,20.77,20.77,20.80,20.90,20.90,20.77,21.57,21.57,21.93,21.77,22.13,22.23,22.67,22.67,22.63,22.27,22.27,22.07,22.60,22.60,22.60,22.57,22.67,22.57,22.17,22.17,22.73,22.73,22.53,22.53,22.50,22.77,22.63,22.63,22.63,22.80,22.83,22.47,22.23,22.23,22.27,22.53,22.73,23.00,22.83,22.70
16.63,16.67,17.00,17.63,17.63,17.63,17.63,17.63,17.73,17.73,18.13,17.70,17.70,17.70,18.47,18.73,19.17,20.47,21.03,22.23,22.73,23.73,24.50,25.83,26.03,27.23,28.03,28.03,27.80,27.80,28.27,28.33,28.40,28.47,28.70,28.60,28.93,28.60,29.50,29.50,29.43,29.43,29.57,29.70,29.73,29.93,29.33,29.47,29.47,29.47,29.43,29.43,29.83,30.13,30.20,30.23,30.67,30.83,30.67,30.40,30.53,30.63,30.53,29.77,29.87,30.23,30.53,30.93,31.43,31.97,32.33,32.70,32.70,32.87,31.87,32.67,32.67,32.63,32.40,32.40,32.77,33.00,32.97,32.97,32.87,32.60,31.10,29.03,26.97,24.67,23.80,22.87,22.83,22.60,22.87,22.87,22.87,22.80,21.90,22.17,22.23,22.13,22.13,22.20,22.90,22.93,22.90,22.37,22.33,22.70,22.93,23.00,22.50,22.23,21.67,20.80,20.80,20.77,20.77,20.73,21.30,21.70,21.77,21.43,21.60,21.73,22.67,22.67,22.70,22.63,22.07,21.73,21.73,21.83,22.17,22.17,22.40,21.87,22.13,22.13,22.63,22.50,22.50,22.50,22.17,22.17,22.63,22.63,22.53,22.47,22.47,22.23,22.23,22.23,22.27,22.43,22.70,22.77,22.67,22.67
17.03,17.03,17.67,17.67,17.63,17.07,17.03,17.07,17.70,17.70,18.07,17.93,17.93,17.90,18.47,18.47,19.17,20.47,21.23,22.63,24.50,24.67,26.17,27.07,27.17,27.33,28.03,28.33,28.33,28.33,28.33,28.50,28.60,28.60,28.60,28.60,29.03,29.40,29.40,29.63,29.50,29.63,29.70,29.70,29.70,29.90,29.33,29.30,29.37,29.47,29.60,29.60,29.87,30.47,30.60,30.40,30.60,30.40,30.27,30.40,30.63,30.67,30.53,29.77,30.23,30.23,30.53,30.93,31.00,31.43,32.00,32.30,32.30,32.30,32.43,32.73,32.93,32.97,32.97,32.97,32.97,32.97,32.97,32.97,32.93,32.80,31.57,30.03,26.97,24.67,23.80,22.97,22.83,22.47,22.87,22.87,22.87,22.17,22.17,22.17,22.37,22.37,22.17,22.20,22.67,22.90,22.47,22.37,22.17,22.33,22.93,23.00,22.67,22.23,22.23,21.30,21.47,21.33,21.30,20.90,21.23,21.23,21.73,21.60,21.60,21.60,22.23,22.40,22.67,22.07,22.00,22.00,21.83,21.77,21.83,22.17,22.17,21.80,21.80,21.77,22.47,22.50,22.50,22.33,22.00,21.77,22.17,22.43,22.47,21.90,22.23,22.03,22.23,22.23,22.23,22.43,22.13,22.77,22.10,22.47
16.97,17.63,17.67,17.67,17.57,17.30,17.07,17.07,17.70,17.67,17.73,17.73,17.90,17.73,17.90,18.47,19.17,20.47,21.23,23.77,24.67,25.70,26.17,27.07,27.17,27.17,27.17,27.33,27.73,28.13,28.13,27.73,27.73,27.77,27.77,27.77,28.60,29.03,29.27,29.27,29.27,28.77,28.83,29.47,29.47,29.37,29.27,28.70,29.30,29.40,29.47,29.47,29.80,29.87,30.10,30.60,30.60,30.27,30.13,30.27,30.27,30.50,30.30,30.50,30.60,30.60,30.73,30.90,30.93,31.17,31.43,32.27,32.30,32.40,32.57,32.87,33.13,33.13,33.10,32.97,33.00,32.97,33.00,33.00,33.07,32.93,31.67,30.47,28.43,24.87,23.17,22.83,22.27,22.47,22.83,22.83,22.83,23.13,23.13,22.27,22.37,22.27,22.37,22.30,22.67,22.43,22.47,22.17,22.17,22.17,22.37,22.20,22.20,22.10,22.10,21.20,21.30,21.33,21.47,21.40,21.30,21.23,21.23,21.33,21.23,21.23,21.27,21.40,21.97,21.97,22.00,21.83,21.77,21.70,21.77,22.17,22.30,22.30,22.30,21.87,22.83,22.50,22.50,22.50,22.00,22.00,22.43,22.43,22.43,21.47,21.47,22.20,22.23,22.20,22.13,22.13,21.87,21.90,21.97,22.23
18.03,17.63,17.63,17.63,17.43,17.10,17.10,17.10,17.73,17.67,17.73,17.67,17.30,17.10,17.73,17.87,18.97,19.20,20.77,22.53,24.77,25.70,25.87,25.87,25.87,26.10,26.10,25.93,25.93,25.93,26.30,27.33,26.53,27.13,26.53,27.13,27.47,27.47,27.83,27.73,27.73,27.67,27.47,28.07,28.83,27.70,27.70,28.43,28.60,28.60,29.20,28.70,29.20,29.80,30.00,30.67,30.13,30.37,30.13,30.23,30.17,30.30,30.30,30.30,30.50,30.33,30.37,30.83,30.93,30.93,31.17,31.30,31.73,32.27,32.43,32.83,33.10,33.37,33.73,33.40,33.40,33.00,33.00,33.07,33.07,33.07,32.30,30.47,28.47,24.87,23.17,23.07,23.07,23.10,23.10,23.10,22.83,21.93,23.13,22.57,22.57,22.27,22.20,22.30,22.30,22.30,22.43,22.07,22.03,21.83,22.03,22.07,22.10,21.77,21.13,21.13,21.20,21.33,21.47,21.40,21.20,21.07,21.23,21.63,21.63,21.60,21.27,21.27,21.77,21.97,22.03,22.23,22.23,21.77,21.77,22.33,22.33,22.33,22.30,21.77,22.67,22.97,22.97,22.97,22.77,22.77,22.20,22.20,21.90,21.47,21.47,22.33,22.33,22.33,22.77,21.80,21.50,22.73,22.63,22.63
16.97,16.97,17.30,17.60,17.30,17.10,17.30,18.00,18.10,17.73,17.60,17.10,17.10,17.10,17.30,17.73,18.53,18.90,19.13,21.20,22.53,24.50,24.77,24.03,24.03,24.47,24.57,24.47,24.03,24.03,23.97,24.47,24.57,24.80,24.80,25.37,25.73,25.37,25.30,25.30,26.53,26.53,26.53,26.47,26.50,26.50,26.90,27.70,27.73,27.80,27.70,28.07,28.90,29.00,29.80,30.10,30.27,30.80,30.23,29.87,29.87,30.20,30.23,30.23,30.23,30.33,30.57,30.90,31.27,31.23,31.23,31.30,31.73,32.23,32.40,32.63,33.03,33.73,33.73,33.70,33.40,33.40,33.00,33.07,32.87,32.33,31.80,30.53,28.47,26.03,23.27,23.10,22.53,22.53,22.97,23.20,23.20,22.60,22.40,22.40,22.13,22.20,21.93,22.53,22.73,22.53,22.97,22.33,22.40,22.33,21.90,21.73,21.73,21.57,21.13,21.13,21.13,21.17,21.47,21.40,21.20,21.07,21.20,21.40,21.57,21.63,21.60,21.27,21.27,22.03,22.23,22.23,22.03,21.83,21.83,22.33,22.30,22.30,22.10,21.80,22.67,22.73,22.97,22.97,22.77,22.77,22.20,22.60,22.13,22.53,22.37,22.37,22.20,22.27,22.77,22.33,21.87,21.87,22.63,22.63
17.73,16.53,16.87,17.30,16.87,17.10,17.43,17.73,18.00,17.73,17.07,17.10,17.10,17.37,17.20,17.20,18.00,18.37,18.67,19.13,20.80,21.93,22.70,22.70,22.53,22.53,22.83,22.83,23.03,22.63,23.03,22.77,23.10,22.77,23.40,24.23,24.23,23.57,23.57,24.43,24.43,24.43,24.73,25.23,25.23,24.93,24.93,25.27,25.53,25.53,25.47,25.47,27.90,28.07,29.00,29.83,30.27,30.80,30.37,29.87,29.87,30.37,30.37,30.23,30.23,30.37,30.57,30.83,31.23,31.03,31.30,31.73,31.73,31.90,32.03,32.83,33.03,33.10,33.73,33.73,33.07,33.07,32.87,33.07,32.87,32.70,32.30,30.80,28.83,26.47,23.93,23.10,22.53,22.53,23.37,23.37,23.37,22.53,22.40,22.40,22.63,22.70,22.63,22.70,22.53,22.47,22.47,22.33,21.90,21.67,21.67,22.03,22.03,21.87,21.50,21.13,21.13,21.17,21.80,21.20,21.07,20.70,21.00,21.20,21.40,21.63,21.67,21.60,22.03,22.03,22.07,22.50,22.03,21.83,21.83,21.83,22.10,21.93,21.80,21.60,21.77,21.67,22.73,22.87,22.77,22.10,22.13,22.20,22.13,21.60,21.60,22.37,22.27,22.27,22.33,22.33,22.33,22.23,22.43,22.63
16.90,16.93,17.30,17.50,17.50,17.63,17.37,17.63,17.77,17.07,16.30,16.43,17.10,17.53,17.50,17.20,17.20,18.03,18.37,18.37,19.03,20.77,21.37,21.37,20.57,20.57,21.27,21.40,21.27,20.03,19.80,19.80,20.33,20.60,20.60,22.23,22.23,22.23,22.00,23.20,23.20,23.43,23.77,23.77,23.53,22.80,23.03,23.03,23.13,23.53,24.30,25.00,25.00,25.17,28.17,29.57,30.20,30.70,30.60,30.50,29.87,30.20,30.23,30.23,30.23,30.57,30.60,30.73,31.27,31.40,31.73,32.00,31.73,31.90,31.90,32.63,33.03,33.03,33.07,32.93,33.07,33.07,32.87,32.87,32.87,32.70,32.43,30.80,29.97,26.37,24.77,23.10,22.80,23.10,23.30,23.20,23.20,22.77,22.53,22.40,22.63,22.70,22.70,22.70,22.40,22.40,22.40,21.57,21.90,21.90,21.97,21.97,22.03,22.03,21.87,21.17,21.13,21.50,21.80,21.20,20.70,20.60,21.00,21.00,21.40,21.60,21.70,21.70,22.03,22.03,22.07,21.83,21.83,21.83,21.83,21.83,21.33,21.40,21.53,21.53,21.77,21.67,22.50,22.10,22.10,22.07,22.13,22.20,22.07,21.27,21.27,21.70,21.87,22.07,22.07,22.03,21.73,22.23,22.37,22.43
16.90,16.93,16.93,17.40,17.50,17.63,17.43,17.63,17.43,17.07,16.70,17.07,17.47,17.80,17.60,17.13,17.10,17.77,18.03,17.87,17.87,17.87,17.93,18.57,18.67,19.07,19.07,18.27,18.27,18.40,18.57,18.70,18.70,19.37,19.63,19.67,19.67,20.73,21.57,21.57,21.27,21.27,20.93,22.40,21.90,21.90,21.53,21.53,22.83,22.83,22.83,21.83,24.03,24.70,25.37,27.83,29.73,30.60,30.60,30.50,30.10,30.53,30.60,30.77,30.77,30.73,30.60,30.70,30.70,31.13,31.40,32.00,31.97,31.97,32.60,32.60,32.87,32.63,32.87,32.87,33.20,33.13,33.13,32.87,32.83,32.70,32.70,32.37,30.40,26.90,25.00,23.43,22.80,23.30,23.63,23.47,23.33,22.77,22.60,22.60,22.73,22.73,23.07,22.70,22.40,22.27,22.27,21.87,21.63,21.63,21.97,21.97,22.10,21.87,21.83,21.67,21.50,21.73,21.73,21.73,20.70,20.60,21.00,21.07,21.60,21.60,22.23,22.23,22.07,21.83,22.07,21.83,22.00,21.83,21.77,21.77,21.77,21.83,21.77,21.77,21.77,21.67,21.67,22.03,22.07,22.07,22.20,22.07,21.27,21.17,21.20,21.57,21.77,22.03,21.83,21.83,21.73,22.43,22.33,22.23
16.90,16.93,17.13,17.20,17.50,17.57,17.37,17.17,17.70,18.07,18.07,17.93,17.53,17.60,17.60,17.60,17.10,17.73,17.80,17.80,17.80,17.53,17.53,17.93,17.93,18.00,17.57,17.70,18.13,18.13,18.20,18.57,18.50,18.50,18.23,19.00,19.00,19.47,19.67,19.67,20.20,20.43,20.43,20.43,20.83,20.57,20.73,20.67,21.53,22.37,22.37,21.83,23.83,24.53,25.37,27.47,28.17,30.03,30.47,30.30,29.80,29.80,29.83,30.13,30.60,30.73,30.60,30.73,31.13,31.73,31.67,32.07,32.57,32.60,32.60,32.37,32.53,32.53,32.63,33.03,33.10,33.03,32.83,32.70,32.73,32.57,32.43,31.67,30.40,27.40,25.37,23.90,22.80,22.50,23.10,23.10,23.10,22.77,22.60,22.33,22.60,23.00,23.07,22.80,22.40,22.30,22.40,22.37,22.40,21.97,22.03,21.90,21.97,21.83,21.73,21.67,21.00,21.50,20.77,20.70,20.70,20.73,21.43,21.43,21.73,21.60,22.43,21.73,21.73,21.10,21.57,21.57,21.67,21.67,21.70,22.07,22.10,22.10,21.53,21.53,21.33,21.33,21.30,22.03,22.03,22.03,22.40,22.07,21.60,21.57,21.27,21.70,21.77,21.87,21.83,21.53,21.73,22.40,22.33,22.03
16.97,17.13,17.13,17.13,17.20,17.60,17.63,17.33,17.33,17.40,17.93,17.93,17.80,17.47,17.60,17.60,17.60,17.73,17.80,17.77,17.77,17.60,17.50,17.67,17.67,17.67,17.47,17.50,17.50,18.17,18.57,18.70,18.70,18.17,18.23,18.73,18.77,19.43,19.67,19.67,19.67,20.20,20.43,20.57,20.93,20.83,21.23,21.93,22.30,22.80,23.23,23.27,24.70,25.13,25.53,26.90,27.93,29.57,30.03,29.97,29.97,29.93,30.40,30.60,30.60,30.47,30.47,30.73,30.73,31.40,31.40,32.07,32.83,32.83,32.70,32.37,32.40,32.53,33.03,33.03,33.10,33.13,33.13,33.13,32.73,32.70,32.37,31.53,30.97,28.00,26.13,23.43,22.97,22.50,22.67,22.97,23.33,23.33,22.77,22.67,22.97,23.23,23.67,23.00,22.80,22.47,23.07,22.40,22.40,21.97,21.90,21.77,21.07,21.37,21.67,21.67,21.00,20.43,20.43,20.43,20.43,20.60,21.40,21.40,21.47,21.47,22.67,22.37,21.10,21.03,21.57,21.83,21.67,21.67,21.73,22.10,22.13,22.10,21.83,21.83,21.80,22.07,21.77,22.07,22.13,22.13,22.27,22.27,21.60,21.60,21.57,21.80,21.80,22.20,22.20,22.20,22.33,22.33,22.00,22.00
16.97,16.80,16.67,16.80,17.20,17.23,17.20,17.20,17.20,17.40,17.87,17.80,17.63,17.23,18.00,18.00,18.00,17.73,17.77,17.77,17.77,17.73,17.50,17.50,17.73,17.80,17.47,17.47,17.43,17.43,17.40,18.47,18.30,17.67,17.67,17.67,18.67,19.43,19.67,19.67,19.77,20.43,21.20,21.23,21.27,21.87,21.87,22.10,22.80,23.27,24.57,24.73,25.13,25.53,26.67,27.93,29.00,29.73,29.97,29.97,29.97,30.00,30.03,30.23,30.37,30.37,30.37,30.83,30.83,31.23,31.23,31.63,32.83,32.90,32.70,32.27,32.27,32.53,32.87,32.87,32.60,32.50,32.40,32.40,32.40,32.50,32.30,31.53,30.37,29.47,26.93,23.90,23.03,22.90,22.67,22.97,23.43,23.50,23.50,22.77,22.67,22.67,23.00,22.80,22.80,22.67,23.07,22.37,22.10,21.90,21.73,21.63,21.53,21.53,21.57,20.87,20.10,20.10,20.10,20.33,20.37,21.40,21.40,21.40,21.47,21.53,22.23,21.73,21.10,21.10,21.57,21.70,21.67,21.73,21.73,22.07,21.60,21.07,21.10,21.27,21.27,21.77,22.17,22.47,22.47,22.07,21.67,22.27,22.27,22.40,21.80,21.97,21.97,22.20,22.23,22.20,21.87,21.87,21.87,21.87
17.30,17.23,16.67,17.23,17.20,17.23,17.20,17.33,17.20,17.33,17.20,17.63,17.13,17.23,18.00,18.03,18.20,18.00,17.77,17.77,17.77,17.77,17.47,17.47,17.67,18.07,18.30,17.80,17.43,17.40,17.37,18.33,18.33,18.30,18.30,18.03,18.67,18.67,19.77,19.90,19.93,20.67,21.23,21.60,22.47,22.77,22.47,23.63,24.33,24.47,25.53,25.63,26.33,26.90,28.03,28.30,29.47,30.10,30.10,30.10,30.10,30.53,30.87,30.90,30.77,30.37,30.37,30.80,30.83,30.93,30.93,31.13,31.63,32.70,32.70,32.70,32.60,32.93,32.60,32.33,32.07,32.33,32.30,32.30,32.30,32.30,32.30,31.47,31.03,30.27,28.00,25.20,23.43,23.03,23.07,23.07,23.70,23.73,23.77,23.50,23.17,22.67,23.37,22.57,22.57,22.57,22.67,21.97,21.60,21.60,21.50,21.53,21.53,21.37,21.37,20.87,20.23,20.10,20.03,19.87,19.87,20.40,20.73,21.37,21.37,21.37,21.23,21.17,20.87,21.67,21.70,22.27,21.70,21.73,21.73,21.73,21.13,21.13,21.70,21.70,21.33,21.50,22.17,22.43,22.47,22.13,22.13,22.27,22.13,22.33,21.70,21.80,21.97,22.20,22.20,22.20,21.87,22.13,21.87,22.57
17.50,17.17,17.17,17.17,17.20,17.23,17.23,17.60,17.07,16.37,17.03,17.63,17.13,17.13,18.00,18.03,18.03,17.47,17.47,17.50,17.73,17.63,17.40,17.47,17.50,18.07,18.37,18.33,17.97,17.67,17.37,17.67,17.83,18.33,17.83,18.63,18.67,19.03,19.93,20.03,20.67,21.60,21.70,22.77,23.30,24.13,24.13,24.47,24.80,26.63,26.80,27.03,27.80,28.93,29.00,29.93,30.73,30.70,30.40,30.40,30.23,30.53,30.83,30.90,30.77,30.47,30.47,30.83,30.83,30.70,30.93,31.13,31.63,31.77,31.87,32.03,32.60,32.60,32.00,31.73,31.97,32.27,32.20,32.00,32.00,31.53,32.10,31.30,31.03,29.87,28.67,26.00,24.07,23.43,23.63,23.40,23.93,24.03,23.97,23.50,22.83,22.67,22.67,22.50,22.50,22.50,22.17,21.60,21.30,21.30,21.30,21.50,21.53,21.30,21.30,21.00,20.87,20.63,20.10,20.03,20.40,20.73,20.73,20.80,21.37,21.37,21.03,21.03,21.03,21.67,21.67,21.70,21.50,21.70,21.83,21.33,21.13,21.13,21.53,21.33,21.23,20.63,22.17,22.17,22.17,21.87,22.13,22.60,22.13,22.10,21.63,21.97,22.23,22.23,21.73,21.73,22.13,22.30,22.13,22.13
17.50,17.50,17.60,17.23,17.20,17.20,17.40,17.40,17.20,16.37,17.03,17.03,17.17,16.90,17.93,18.20,18.20,17.47,17.87,17.87,17.40,17.40,17.47,17.57,17.50,17.57,18.30,18.33,18.17,18.17,18.20,18.33,18.33,18.43,18.77,19.03,19.03,19.20,20.47,20.67,21.13,22.30,23.30,23.73,24.13,25.07,25.50,25.50,27.67,27.77,28.70,28.97,29.07,29.97,29.87,30.73,30.77,30.77,30.47,30.40,30.23,30.23,30.70,30.77,30.30,30.30,30.43,30.80,30.80,30.70,30.87,31.27,31.57,31.57,31.57,31.77,32.03,32.03,31.73,31.73,32.07,32.33,32.13,31.97,31.27,31.47,31.30,31.20,31.03,30.90,29.47,26.43,25.13,23.43,23.40,23.40,23.93,24.37,23.97,23.50,22.83,22.70,22.67,22.47,22.47,21.07,21.07,20.53,20.53,20.57,21.10,20.53,20.07,20.07,20.47,20.47,20.47,20.63,20.67,20.67,20.40,20.73,20.73,21.37,21.37,20.90,21.03,21.03,21.03,21.20,21.77,21.70,21.50,21.33,21.33,21.33,21.13,21.53,21.60,21.53,21.60,21.50,21.67,21.67,22.17,22.43,22.60,22.60,22.13,21.70,21.40,21.43,22.47,22.53,22.53,22.30,22.23,22.23,22.13,22.13
17.17,17.17,17.43,17.17,17.23,17.40,18.10,17.40,17.30,16.37,17.63,17.17,17.17,16.77,16.77,17.00,17.37,17.47,17.87,17.87,16.97,16.97,17.40,17.63,17.03,17.57,17.23,18.17,18.07,18.17,18.20,18.00,18.00,18.00,18.77,19.03,19.20,20.47,21.13,22.20,23.77,24.03,24.03,25.07,25.13,26.23,27.23,28.03,28.93,28.97,29.07,29.07,29.37,30.10,30.20,31.10,31.13,30.70,30.40,30.23,30.23,30.00,30.70,30.60,30.23,30.13,30.20,30.43,30.43,30.63,30.70,31.07,31.30,31.30,31.03,31.03,31.13,31.33,31.33,31.33,31.73,32.13,31.87,31.40,31.03,31.30,30.43,30.73,30.10,30.47,29.60,27.37,26.00,24.30,23.40,23.40,23.63,24.37,23.97,22.80,22.47,22.20,21.93,20.67,20.60,20.27,19.90,19.90,19.47,19.27,18.97,18.70,18.80,19.10,19.53,20.47,20.77,20.67,20.80,21.13,21.70,20.73,20.83,20.80,20.90,20.90,21.03,21.03,21.03,21.20,21.50,21.57,21.50,21.43,21.43,21.43,21.13,21.13,21.07,21.20,21.23,21.60,21.67,21.73,22.17,22.20,22.10,22.10,21.63,21.63,21.43,21.77,22.00,22.53,22.53,22.30,22.30,22.13,22.13,21.60
17.10,17.10,17.43,16.93,17.47,17.40,18.10,17.40,17.63,16.63,17.63,17.03,17.03,17.03,17.50,17.50,17.80,17.97,18.10,17.87,16.97,16.97,17.07,18.07,18.07,18.23,18.23,17.87,17.87,18.07,18.50,18.53,18.53,18.53,19.73,19.33,19.93,21.77,22.20,23.77,24.23,24.53,25.47,25.70,27.90,28.43,29.00,29.00,29.27,29.00,29.07,28.97,29.43,29.97,30.20,29.97,29.87,29.53,29.53,29.40,29.57,29.57,29.87,29.87,29.33,29.60,30.13,30.43,30.63,30.87,30.60,30.87,31.27,31.27,31.03,31.03,31.13,31.33,31.33,31.73,31.73,31.73,31.13,31.13,30.43,30.40,30.27,30.10,30.10,30.57,30.47,28.90,26.97,24.43,23.10,22.93,22.93,23.37,23.37,22.47,22.20,21.17,20.67,20.27,19.90,19.90,19.90,19.27,18.50,18.50,18.43,18.43,18.43,18.80,19.47,19.83,20.20,20.63,20.67,20.67,21.00,21.00,21.00,20.97,21.00,21.03,21.03,21.00,21.00,21.23,21.23,21.57,21.70,21.70,21.43,21.43,22.00,21.10,21.10,21.10,21.30,21.73,21.67,21.73,22.07,22.20,21.97,21.47,20.97,21.73,21.57,21.77,22.00,22.53,22.70,22.43,22.37,21.80,21.87,21.87
17.83,17.17,17.33,17.33,17.67,17.77,18.17,18.10,17.70,17.63,17.17,17.03,17.03,16.97,17.50,17.80,17.87,17.97,17.87,17.60,17.50,17.40,17.07,17.07,17.63,18.07,18.40,17.87,18.07,18.07,18.73,18.73,18.83,20.13,20.23,20.40,21.97,22.47,23.10,24.53,25.00,25.60,26.00,28.10,29.47,29.47,29.50,29.23,29.57,29.07,29.40,28.90,29.13,29.13,29.37,29.20,29.33,28.73,29.20,29.20,29.57,29.57,29.87,29.87,29.33,29.33,30.13,30.20,30.63,30.63,30.30,30.30,30.10,30.93,30.93,31.03,31.10,31.10,30.70,30.70,30.90,30.90,30.83,30.83,30.50,30.43,30.40,30.10,29.97,29.97,29.90,27.83,27.37,24.60,23.83,22.57,22.50,22.47,22.47,21.37,21.17,20.23,19.67,19.67,19.23,19.17,19.00,18.50,17.90,17.07,17.73,18.17,18.07,18.53,19.27,19.53,20.07,20.77,20.80,20.73,20.73,20.27,20.97,20.83,21.00,21.30,21.30,21.30,20.77,21.07,20.83,21.23,20.83,21.33,21.33,20.70,21.27,20.70,21.10,21.10,21.30,21.73,21.67,21.73,21.97,22.07,22.10,21.97,22.10,22.17,21.77,22.10,22.10,22.60,22.43,21.93,21.93,21.70,21.70,21.60
17.83,17.33,17.67,17.67,17.77,17.77,17.83,17.70,17.30,17.30,17.03,16.97,16.97,16.80,17.87,18.00,17.97,17.20,17.37,17.60,17.60,17.50,17.50,17.40,17.63,17.50,18.23,17.87,18.53,18.50,18.83,18.83,20.23,21.50,21.83,21.83,22.47,23.10,23.50,25.90,26.93,27.40,28.57,29.30,29.50,29.50,29.50,29.23,29.30,28.90,28.90,28.77,28.77,28.87,28.87,27.37,27.37,27.80,28.20,28.93,28.97,29.30,29.63,29.63,29.63,29.60,30.13,30.20,30.30,30.20,29.83,30.57,30.57,30.73,30.73,30.73,30.73,30.70,30.70,30.23,30.83,29.63,30.77,30.17,30.40,30.17,30.40,29.97,29.27,29.27,29.27,27.83,27.20,24.97,23.10,22.30,21.93,21.53,21.53,20.70,20.23,19.67,19.23,19.07,19.07,19.00,18.20,17.40,17.20,16.77,17.27,18.03,18.07,18.27,19.27,19.53,20.07,20.93,21.03,21.07,20.47,19.93,20.63,20.97,21.03,21.30,21.30,21.30,20.67,20.67,20.57,20.57,20.57,20.40,20.67,20.60,20.77,20.60,21.10,21.17,21.57,21.67,21.67,21.50,21.50,21.97,21.97,21.97,22.17,22.33,22.33,22.10,22.03,22.10,22.40,21.93,21.80,21.03,20.93,20.73
17.83,17.70,17.70,17.67,17.73,17.77,17.77,17.30,16.97,17.37,17.80,17.17,17.17,16.93,17.30,17.30,17.67,17.00,17.20,17.20,17.63,17.70,17.73,17.73,17.33,17.33,18.03,18.07,19.93,19.93,20.07,20.33,21.90,21.90,22.50,23.23,23.33,24.53,26.60,27.47,27.63,28.50,28.97,29.47,29.73,29.47,29.23,28.93,28.90,28.77,28.40,28.30,27.87,26.30,25.63,25.63,25.93,26.87,27.50,27.80,28.97,29.27,29.63,29.30,29.73,29.63,30.30,30.13,29.80,29.50,29.50,30.27,30.10,30.27,30.17,30.50,30.50,30.23,29.33,29.33,29.00,29.30,29.30,29.70,30.50,30.50,29.93,29.30,28.90,28.60,28.10,27.20,26.27,24.90,22.50,21.90,21.53,21.37,20.87,20.23,19.47,19.47,18.47,18.37,17.73,17.73,17.47,17.30,17.30,17.90,17.90,17.90,17.97,18.27,18.37,19.40,20.63,20.83,20.83,20.73,20.40,19.83,19.83,20.63,20.63,20.43,20.43,20.33,20.33,19.90,20.23,20.17,20.17,20.30,20.40,20.43,20.43,20.13,20.07,20.23,21.17,21.17,21.37,20.77,20.87,20.87,21.33,21.33,21.67,21.97,21.50,21.50,21.50,21.67,21.67,21.03,20.77,20.53,20.53,19.77
17.33,17.67,17.70,17.73,17.47,17.73,17.47,17.30,17.30,17.47,18.10,17.80,17.07,16.93,17.30,17.30,17.17,17.00,17.00,17.00,17.63,17.70,17.93,18.10,17.93,18.03,18.43,19.00,20.30,21.00,21.07,21.67,22.57,22.63,23.57,24.07,24.53,27.13,27.63,27.70,27.90,28.53,28.87,29.30,29.47,28.93,28.87,28.33,28.07,27.53,27.53,26.47,26.20,25.13,25.13,24.90,25.27,25.33,26.87,27.37,28.03,29.20,29.63,29.30,29.80,29.50,29.80,29.30,29.30,29.43,29.43,29.87,30.27,30.43,30.00,30.00,29.60,29.33,29.33,29.23,29.13,29.30,29.30,29.37,29.83,29.93,29.53,28.90,28.17,27.70,27.07,26.60,25.20,24.77,21.97,21.07,20.83,20.70,19.07,18.97,18.47,18.30,17.77,17.70,17.70,18.07,17.47,17.30,17.30,17.73,17.90,17.90,18.07,18.07,18.27,19.53,19.87,20.73,20.73,20.40,19.83,19.60,19.50,19.60,20.43,19.37,19.30,19.87,19.87,19.73,19.50,19.37,19.57,19.90,19.90,20.13,19.77,19.77,19.60,19.53,19.87,19.93,19.93,20.30,20.43,20.43,20.80,20.67,20.67,19.97,20.37,20.37,20.37,20.20,20.43,20.20,20.47,19.47,19.60,19.60
17.70,17.70,17.70,17.30,17.13,17.13,17.03,17.00,17.47,18.10,18.10,17.80,17.07,16.93,17.33,17.17,17.17,17.00,17.33,17.00,17.33,17.70,17.83,18.23,18.33,18.43,19.93,20.33,21.40,21.43,21.57,22.87,23.30,24.57,24.70,25.70,27.43,27.50,28.00,27.80,27.80,27.80,28.53,28.63,28.80,28.63,28.33,26.80,26.80,26.80,26.20,24.93,24.83,24.83,24.80,24.37,24.37,24.60,25.30,26.63,27.50,28.87,29.83,29.20,29.83,29.50,29.50,29.30,29.30,29.37,29.27,29.27,29.17,29.17,29.17,29.30,29.17,29.23,29.17,29.10,28.90,28.90,29.30,29.37,30.10,30.07,29.30,28.17,27.20,27.07,26.27,25.20,24.77,22.03,21.07,20.83,18.17,18.17,18.17,17.87,16.93,17.77,17.57,17.47,17.47,17.83,17.83,17.37,17.30,17.60,17.73,17.73,17.93,17.97,18.17,19.20,19.63,19.83,19.63,19.83,19.83,19.60,19.37,19.37,19.07,19.03,18.77,18.77,18.60,18.33,18.13,18.00,18.43,18.73,18.73,18.67,18.13,18.13,18.90,18.90,19.20,19.53,19.87,19.93,19.23,19.60,19.60,19.67,19.80,19.77,19.50,19.27,19.50,19.27,18.87,18.87,18.33,19.03,17.87,17.87
17.10,17.30,17.30,17.43,17.37,17.37,17.03,17.47,17.47,18.10,18.30,18.30,17.20,17.20,17.67,17.67,17.40,17.40,17.33,17.27,17.33,17.70,17.90,18.30,19.43,20.50,20.90,22.20,22.20,22.87,23.87,24.17,24.70,27.03,27.07,27.47,27.50,28.00,28.17,28.17,27.80,27.80,27.80,27.60,26.93,26.27,25.67,25.60,25.07,24.67,24.60,23.70,24.13,23.30,24.13,23.90,24.37,24.60,25.33,26.53,27.43,28.87,29.40,29.53,29.50,29.50,29.50,29.50,29.37,29.87,29.37,29.17,29.17,29.17,29.17,29.30,29.17,29.17,29.17,29.13,29.13,28.80,29.37,29.10,29.37,28.90,28.67,27.03,26.70,25.33,24.50,23.00,22.03,21.93,20.83,18.73,18.10,18.00,17.57,17.77,16.90,17.03,17.07,17.37,17.73,17.83,18.07,18.07,17.37,17.40,17.40,17.73,17.93,18.07,18.03,18.17,19.13,19.27,19.13,19.40,19.13,19.10,19.00,19.00,17.97,17.97,18.27,18.33,18.33,18.27,17.60,17.60,17.97,18.43,18.43,18.13,17.73,17.73,18.30,18.37,18.37,17.57,17.57,18.43,18.57,18.57,18.57,18.37,18.13,17.90,17.90,17.90,17.87,17.87,17.97,17.97,17.67,17.67,17.60,17.60
17.07,17.10,17.30,17.43,17.43,17.03,16.87,17.47,17.50,18.10,18.10,18.00,17.53,17.53,17.53,17.40,17.40,17.87,18.13,18.13,17.90,17.90,18.30,19.43,20.53,21.47,22.20,22.70,22.73,24.17,25.63,27.20,27.33,27.33,27.77,27.77,27.77,27.53,27.53,27.53,26.53,26.53,26.53,25.87,25.33,24.93,24.80,24.67,24.03,24.03,23.70,22.57,22.80,22.80,23.27,23.90,24.43,25.13,25.60,26.87,27.50,28.87,29.40,29.53,29.50,29.50,29.40,29.37,29.37,29.37,29.37,29.37,29.17,29.30,29.17,29.40,29.17,29.13,29.13,29.10,28.90,28.50,28.80,28.10,27.90,27.90,27.03,26.13,25.27,23.83,22.63,21.93,21.30,19.43,19.03,18.57,17.80,17.57,17.57,17.07,16.83,16.83,17.03,17.73,17.47,17.73,17.47,17.97,17.00,17.00,16.97,17.80,17.80,18.03,18.03,18.17,18.03,17.93,18.13,18.13,18.13,19.00,19.00,17.97,17.60,17.30,17.60,17.60,17.60,16.97,16.97,16.53,17.10,17.83,17.97,17.73,17.43,17.03,17.60,17.60,17.57,17.20,17.50,18.20,18.47,18.43,18.37,17.50,17.30,17.30,17.57,17.70,17.63,17.63,17.93,17.27,17.27,17.27,17.70,17.60
17.00,17.00,17.03,17.53,17.43,17.43,16.90,17.47,17.50,17.60,17.77,17.93,17.53,17.53,17.53,17.73,17.60,17.77,17.87,18.10,18.10,18.20,19.63,20.53,20.80,22.23,22.77,23.27,24.37,25.90,27.27,27.37,28.13,27.87,27.77,27.70,27.70,27.53,26.53,25.73,25.57,25.37,25.33,25.23,24.80,24.37,23.53,23.40,22.57,21.77,21.77,22.10,22.40,22.47,23.27,23.73,25.23,25.60,26.87,27.43,28.23,29.10,29.40,29.37,28.97,28.97,28.97,29.07,29.27,29.07,29.27,29.90,29.90,29.77,29.40,29.50,29.03,29.00,29.00,28.50,28.43,28.27,27.83,27.53,27.00,26.47,25.80,24.93,23.27,22.40,21.27,19.00,19.13,19.03,19.03,18.57,17.80,17.57,17.83,17.77,16.87,17.03,17.37,17.77,17.73,17.73,17.47,17.93,17.07,17.00,17.17,17.83,17.80,18.03,17.87,17.87,17.87,17.57,17.57,17.57,17.60,17.60,17.60,17.33,17.33,17.27,17.17,17.23,17.23,17.23,17.30,16.97,17.10,17.13,17.57,17.57,17.23,17.60,17.60,17.60,17.07,17.20,16.90,17.20,18.47,18.43,18.13,17.37,17.13,17.13,17.03,17.57,17.57,17.57,17.27,17.27,17.27,17.30,17.70,16.90
16.83,16.83,17.13,17.47,17.47,17.47,17.00,17.50,17.53,17.60,17.70,17.70,17.27,17.27,17.20,17.30,17.20,17.60,17.63,18.03,18.20,19.53,20.23,21.03,21.80,22.77,24.03,24.37,26.13,27.20,27.50,28.13,28.43,28.43,27.07,27.07,26.17,26.17,24.83,24.77,24.33,24.33,24.33,23.53,23.17,23.17,22.63,21.07,20.83,20.83,21.10,21.77,22.47,23.33,24.00,25.13,25.60,27.43,28.00,28.77,28.77,28.77,28.60,28.63,28.53,28.53,26.03,26.03,27.63,28.07,28.57,29.77,29.77,29.77,29.47,29.47,29.03,28.93,28.93,28.50,28.30,27.53,27.00,26.03,25.80,25.47,24.87,23.03,22.17,19.50,18.83,18.43,18.43,17.53,18.57,17.53,17.53,16.77,17.57,16.87,16.87,16.87,16.63,17.20,17.47,17.47,17.07,16.83,17.00,17.17,17.60,17.83,17.53,17.47,16.73,17.27,17.37,17.27,17.33,17.33,17.33,17.00,17.00,16.83,17.30,17.03,17.17,17.23,17.23,17.30,17.30,17.27,17.27,17.40,17.57,17.57,17.23,17.23,17.23,17.07,17.03,17.03,17.00,17.67,18.53,18.47,18.13,17.37,17.37,17.03,16.80,16.73,17.57,17.63,17.57,17.27,17.30,17.40,17.40,16.83
16.83,16.63,16.63,17.13,17.47,17.53,17.50,17.60,17.60,17.70,17.77,17.77,17.03,17.03,16.73,17.37,17.60,17.60,17.63,17.97,18.33,19.63,21.10,21.77,23.00,24.20,26.10,26.33,27.20,27.37,27.47,27.47,28.13,27.07,25.77,25.23,24.70,23.60,23.40,23.17,23.17,23.07,23.07,22.07,21.03,20.70,20.03,19.60,20.50,20.67,21.13,22.40,23.37,23.50,24.83,26.63,27.87,28.73,28.90,28.90,28.77,28.60,27.40,26.67,26.67,25.57,24.70,24.63,24.27,25.17,28.07,28.87,29.77,29.77,29.50,29.50,29.50,28.93,28.80,28.30,27.97,27.33,26.00,25.77,25.77,24.73,23.27,20.87,19.50,19.00,18.37,17.77,17.77,16.90,17.53,17.53,18.13,17.77,17.83,17.77,17.57,17.37,17.00,17.20,17.20,17.77,17.67,17.40,17.40,17.40,17.60,17.60,17.53,16.83,16.73,16.83,17.27,17.27,17.30,17.33,17.30,17.00,17.00,16.73,17.03,17.03,17.17,17.23,17.23,17.30,17.30,17.27,17.27,17.40,17.57,17.57,17.23,17.23,17.23,16.87,17.00,17.00,17.00,16.80,17.37,18.13,18.13,17.27,18.27,17.57,16.83,16.83,17.57,17.57,17.27,17.27,17.30,17.30,17.27,16.83
16.83,16.60,16.63,16.67,17.50,17.60,17.60,17.60,17.27,17.57,17.70,18.00,17.07,17.03,16.73,17.30,17.30,17.60,17.90,18.13,18.97,20.53,21.77,22.00,24.20,26.10,26.37,26.97,27.03,27.13,27.13,27.13,25.80,25.70,25.00,23.60,23.10,23.10,22.97,22.97,22.73,21.90,19.60,18.80,18.80,19.20,19.20,19.40,20.50,21.30,22.47,23.33,24.67,25.77,26.83,28.73,29.40,29.40,29.40,28.90,28.60,27.17,26.27,25.30,24.70,23.90,23.73,23.30,21.93,21.93,24.37,26.47,28.87,29.43,29.47,29.47,29.50,28.80,28.77,28.20,27.37,26.03,25.27,24.53,24.40,23.03,20.57,19.50,18.93,17.30,17.30,17.10,16.83,16.83,17.13,17.53,17.87,17.87,17.77,17.77,17.37,17.10,17.00,17.20,16.73,16.73,16.73,16.73,17.60,17.40,17.70,17.53,17.53,17.30,16.83,16.83,16.83,16.67,16.80,17.00,17.23,17.03,17.00,16.73,16.73,16.97,17.03,17.13,17.10,17.13,17.10,17.00,17.00,17.27,17.40,17.40,17.23,17.20,17.20,16.87,16.90,16.90,17.27,17.37,17.37,17.27,17.57,17.27,17.53,17.53,17.53,17.33,17.33,16.93,16.83,16.77,17.30,17.30,17.30,17.27
17.27,17.27,17.03,16.97,17.33,17.60,17.60,17.30,17.30,17.37,17.57,17.60,17.37,17.07,17.07,17.47,17.53,17.83,17.93,18.13,18.97,20.70,21.77,23.60,25.47,26.10,26.37,26.10,26.27,26.27,25.30,25.07,23.93,23.70,23.43,22.90,21.83,21.00,20.17,20.17,19.90,18.53,18.53,18.23,18.23,18.67,19.60,20.50,22.13,22.47,23.07,24.03,25.77,27.90,28.97,29.43,29.40,28.90,28.07,28.00,27.13,25.80,25.27,24.30,23.53,22.83,22.83,20.40,20.37,21.20,21.80,25.17,27.87,29.20,29.43,29.47,29.23,28.77,28.20,27.87,26.17,24.93,24.63,24.33,22.80,20.87,19.07,18.53,17.97,17.30,17.30,17.00,16.83,16.83,17.13,17.73,17.83,17.77,17.63,17.37,17.10,17.00,17.00,17.50,16.73,16.73,17.10,17.40,17.43,17.30,17.30,17.30,17.70,17.03,17.30,17.03,17.43,16.67,17.03,17.23,17.33,17.23,17.03,17.00,17.40,16.97,16.97,16.97,17.10,17.13,17.30,17.00,16.87,17.00,17.00,17.40,17.20,17.20,17.20,16.90,16.90,16.90,17.27,17.37,16.83,16.83,17.00,17.00,17.10,17.53,17.57,17.57,17.57,17.33,16.93,16.93,17.27,17.30,17.30,17.27
17.13,17.27,17.57,16.97,17.03,17.20,17.27,17.27,17.27,17.37,17.43,17.43,17.37,17.07,17.07,17.37,17.17,17.63,17.87,18.07,18.67,20.53,21.40,23.43,25.47,25.83,25.50,25.07,24.67,24.27,24.00,23.70,23.00,22.43,20.90,20.90,20.53,20.13,18.93,18.83,18.83,18.00,18.00,17.70,19.03,19.33,19.93,21.57,22.47,23.17,24.03,25.73,27.90,28.60,28.97,28.97,28.90,28.07,27.27,27.00,25.27,24.77,24.30,22.30,22.30,21.47,20.37,19.27,19.27,19.97,21.20,24.07,25.70,27.87,29.20,29.37,29.00,28.43,28.20,26.60,25.20,24.67,23.43,22.70,20.50,18.70,17.97,17.80,17.47,17.00,17.00,17.00,16.80,16.73,17.13,17.13,17.57,17.27,17.23,16.73,16.37,16.37,17.03,17.03,16.83,16.73,17.07,17.07,17.27,17.27,17.27,16.93,17.13,17.13,17.30,17.03,17.43,17.07,17.27,17.23,17.43,17.43,17.43,17.33,17.80,17.33,16.90,16.70,16.90,17.10,17.10,17.30,17.00,17.40,17.00,17.00,17.20,17.20,17.20,17.17,16.90,17.23,17.23,17.50,16.83,16.57,17.00,17.10,17.57,17.53,17.60,17.57,17.33,16.73,16.73,16.77,17.27,17.30,17.30,17.17
17.27,17.27,17.03,17.03,17.03,17.33,17.20,17.53,17.30,17.43,17.07,17.07,17.37,17.37,17.37,17.37,17.47,17.47,17.87,17.93,18.47,19.10,20.67,23.20,23.43,25.10,24.43,23.37,23.03,22.80,22.20,22.03,22.03,20.47,19.30,19.23,19.07,18.37,18.30,18.30,18.13,17.77,18.53,19.03,19.77,20.40,21.00,22.87,23.30,24.27,25.30,27.63,28.53,28.60,28.73,28.67,27.83,27.27,27.00,24.73,24.27,23.37,22.67,22.13,20.53,20.40,18.43,18.43,19.27,19.97,20.83,23.00,25.17,28.03,28.63,28.63,28.60,28.27,27.17,26.20,24.67,24.53,22.67,20.37,18.87,18.20,17.80,17.47,17.33,17.00,16.93,16.93,16.73,16.70,17.13,17.13,17.53,17.13,17.13,16.73,16.73,16.30,16.73,16.73,17.10,16.87,17.10,17.07,17.27,17.20,17.00,16.93,17.13,17.20,17.20,17.03,17.03,16.70,17.07,17.07,17.40,17.40,17.40,17.27,17.40,17.27,16.83,16.70,16.83,17.40,17.40,17.50,16.90,17.53,17.40,17.77,17.20,17.23,17.20,17.23,16.50,17.33,17.23,17.43,16.83,16.57,16.57,17.00,17.60,17.60,17.57,17.47,17.27,17.27,16.77,17.27,17.27,17.37,17.37,17.17
17.30,17.30,16.83,17.33,17.20,17.53,17.20,17.53,17.43,17.53,17.43,16.87,17.37,17.37,17.37,17.17,17.13,17.10,17.10,17.10,17.67,18.33,18.80,20.00,23.03,23.20,23.03,22.30,22.20,21.80,21.70,21.57,20.30,19.30,18.93,18.13,17.10,17.10,17.60,17.90,18.07,17.77,19.03,20.13,20.63,21.57,22.50,23.30,23.90,25.73,27.63,28.03,28.43,27.70,27.70,26.87,27.00,26.10,23.90,23.80,23.07,22.67,22.13,20.43,18.60,17.97,17.90,18.33,19.27,19.97,20.60,23.00,25.17,28.10,28.63,28.33,28.27,27.17,26.50,24.90,23.60,22.67,20.37,18.73,18.20,17.87,17.87,17.47,17.17,16.93,16.93,16.93,17.30,16.63,16.63,16.50,17.27,17.27,17.27,17.13,17.33,16.73,17.20,16.87,17.20,16.87,17.30,17.00,17.00,17.20,17.20,17.20,17.13,17.20,17.03,16.50,16.50,16.67,16.87,16.90,17.20,17.03,17.07,17.07,17.27,16.73,16.70,16.70,16.67,16.90,16.67,17.40,16.90,17.53,16.90,16.90,16.90,16.77,16.77,17.23,16.50,17.33,17.20,17.20,16.83,16.83,17.17,17.30,17.50,17.50,17.37,16.90,16.90,16.90,16.77,16.77,17.03,17.17,17.17,16.77
17.30,17.07,16.83,17.33,17.33,17.53,17.23,17.53,16.73,16.87,16.87,16.87,17.50,17.50,17.37,16.17,16.90,16.23,16.63,16.63,16.63,16.90,17.67,18.80,19.07,22.27,21.30,21.30,21.00,20.77,18.73,18.57,18.50,18.50,18.13,17.23,17.23,17.47,17.90,17.70,17.70,17.77,20.13,21.07,21.83,22.87,23.30,23.90,25.83,28.00,28.03,28.03,27.93,27.27,27.00,26.10,26.07,23.60,23.27,22.70,22.67,19.57,19.40,18.73,18.07,17.57,17.67,17.90,19.43,20.47,22.37,24.13,25.33,28.50,28.57,28.03,27.33,26.50,25.60,24.33,23.17,21.37,18.87,18.73,18.37,17.50,17.50,17.27,17.23,17.17,17.23,17.10,17.43,17.10,16.90,16.50,17.27,17.40,17.40,17.40,17.43,16.73,17.20,16.73,17.23,17.47,17.30,16.87,16.90,17.10,17.13,17.20,17.17,17.20,17.17,16.53,16.53,16.53,16.67,16.87,17.00,16.83,16.73,15.97,16.10,16.67,16.73,16.90,16.83,16.90,16.67,17.17,17.10,17.10,16.90,16.90,16.87,16.77,16.77,17.23,17.30,17.30,17.30,17.33,17.17,17.17,16.83,17.30,17.30,17.60,17.50,17.37,17.30,17.30,17.23,16.77,16.80,17.03,17.27,17.57
17.07,16.83,16.83,16.83,16.97,17.33,17.20,17.03,16.97,16.97,16.97,16.87,17.37,16.87,17.13,16.60,16.90,16.23,16.63,16.53,16.53,16.37,16.63,18.17,18.37,18.17,19.13,19.40,19.13,18.73,17.83,17.77,17.30,17.70,17.70,17.67,17.47,17.60,17.93,17.93,18.07,21.07,21.27,21.83,22.50,23.37,25.13,26.97,27.70,28.03,28.03,27.93,27.03,26.30,25.47,24.80,23.27,22.80,22.67,21.20,19.17,18.80,18.73,17.97,17.70,17.57,17.67,19.10,20.00,22.00,22.80,24.50,25.97,28.50,28.50,28.03,26.50,25.97,24.33,23.33,22.30,20.13,18.73,17.10,17.10,17.50,17.53,17.53,17.27,17.23,17.23,17.23,17.43,17.10,16.90,16.50,16.77,17.03,17.33,17.33,17.23,16.30,17.23,16.87,17.40,17.40,17.13,16.67,16.77,16.90,17.10,17.10,17.07,16.93,16.53,16.53,16.53,16.60,16.90,16.97,17.00,16.73,16.73,16.37,16.10,16.97,16.77,16.90,16.77,16.70,16.40,16.47,16.87,16.80,16.90,16.70,16.87,16.43,16.87,17.13,17.30,17.13,17.17,17.20,17.33,17.37,17.30,17.30,17.30,17.50,17.50,17.37,17.73,16.63,16.63,16.33,16.43,16.77,16.77,16.77
16.97,16.83,16.83,16.87,17.23,17.30,17.20,17.03,16.97,17.03,17.20,17.10,17.10,16.60,16.47,16.47,16.47,16.83,16.83,16.83,16.53,16.37,17.10,17.20,17.73,17.73,17.73,18.33,17.97,17.83,17.27,17.13,17.13,17.30,17.70,17.70,18.27,18.37,18.40,20.37,21.27,21.30,22.10,22.50,23.77,25.37,27.27,27.80,27.80,27.93,27.70,26.67,26.13,24.80,23.80,23.43,22.80,22.07,21.20,18.70,18.70,18.13,18.13,17.70,17.57,17.50,17.93,19.57,20.47,22.00,22.80,25.33,27.13,28.50,28.03,26.93,26.43,25.20,23.33,22.53,21.13,19.10,18.17,17.10,17.50,17.50,17.50,17.53,17.27,17.23,17.10,17.10,16.77,17.10,17.10,16.90,16.77,16.63,16.77,16.30,16.57,16.57,16.60,16.60,17.40,16.40,17.13,16.23,16.73,16.73,16.77,17.07,16.87,16.93,16.77,16.90,16.60,16.60,16.97,16.97,17.00,16.57,16.57,16.37,16.10,17.83,16.97,17.67,16.97,16.97,16.97,16.87,17.17,17.10,17.10,16.60,16.87,16.70,16.70,17.13,17.30,17.13,17.00,17.17,17.37,17.50,17.20,17.30,16.97,17.50,17.50,17.50,17.73,16.63,16.73,16.40,16.43,16.43,16.93,17.27
16.93,16.87,16.87,16.87,17.30,17.30,17.30,17.20,16.97,17.03,17.40,17.40,17.10,16.60,16.53,16.53,16.57,16.57,16.83,16.83,16.77,16.77,17.10,17.07,17.07,17.27,17.27,17.80,17.23,17.47,17.13,17.13,17.27,17.40,17.70,18.20,18.40,18.70,20.47,20.67,22.10,22.97,23.10,23.17,26.13,27.50,27.80,27.80,27.60,27.33,26.63,25.83,24.47,23.80,23.43,22.80,22.07,21.00,18.37,18.13,17.83,17.53,17.57,17.57,17.53,17.70,19.10,19.67,21.70,22.50,23.87,26.93,27.33,28.73,27.60,26.93,25.97,24.77,23.20,22.00,19.73,18.87,17.83,17.10,17.10,18.27,17.80,17.53,16.83,16.83,16.73,16.77,16.73,17.17,17.17,17.10,16.67,16.63,16.57,16.77,16.77,16.77,17.50,17.53,17.43,16.40,17.40,16.23,16.73,16.73,17.07,17.07,16.47,16.47,16.13,16.90,16.53,17.00,17.10,17.10,17.10,16.57,16.67,16.37,16.97,17.57,17.37,17.37,16.97,16.97,16.97,16.87,16.87,16.60,16.60,16.60,16.93,16.67,16.67,16.67,17.13,16.67,16.67,17.00,17.27,17.37,17.20,17.20,16.90,16.90,16.97,16.27,16.63,16.20,16.73,16.40,16.40,16.27,16.43,17.03
16.93,16.87,16.87,16.87,17.30,17.30,17.30,16.97,16.97,16.97,17.40,17.53,17.53,17.07,16.53,16.53,16.57,16.57,16.67,16.83,17.10,17.13,17.13,17.07,17.07,16.90,17.30,17.77,17.23,17.47,17.27,17.40,17.40,17.40,17.47,18.47,18.73,20.53,20.97,21.10,23.00,23.17,24.17,26.70,27.27,28.07,27.27,26.97,26.47,25.10,24.73,24.40,23.10,23.07,22.23,20.70,19.30,18.37,18.13,17.83,17.40,17.47,17.40,17.57,17.53,17.80,18.93,21.10,21.70,22.70,24.43,27.23,27.60,28.43,27.33,26.67,25.10,23.63,22.20,20.03,19.10,17.83,17.47,16.97,17.40,17.80,17.50,17.37,16.70,16.83,16.83,17.03,17.03,17.37,17.20,17.17,16.97,16.97,16.57,16.97,16.77,16.77,16.57,17.07,17.43,17.07,17.43,16.23,16.47,16.80,17.13,17.30,16.47,16.47,15.63,16.77,16.30,16.80,17.10,17.30,17.10,16.67,16.67,16.57,17.13,17.20,17.37,17.37,17.23,17.13,17.20,17.40,17.47,16.93,16.60,16.93,16.93,17.13,16.70,16.67,17.77,16.83,16.83,17.00,17.03,17.27,16.67,16.60,16.47,16.90,17.07,17.07,17.23,17.03,17.00,16.73,16.57,16.40,16.93,17.03
16.93,16.87,16.80,16.67,16.80,16.47,17.27,16.47,16.13,16.40,17.40,17.53,17.53,17.07,16.77,16.97,16.97,16.77,16.77,16.77,16.77,16.27,16.77,16.90,17.07,16.90,17.27,17.30,17.13,17.13,17.13,17.40,17.43,17.47,18.20,18.90,21.10,21.10,21.13,23.00,23.67,24.27,26.80,27.63,27.83,28.07,26.47,25.97,24.70,23.80,23.27,23.07,22.20,21.30,19.77,18.40,17.83,17.93,17.83,17.47,17.07,17.10,17.10,17.10,17.53,17.80,18.93,21.17,21.70,22.97,25.40,27.23,27.33,27.33,27.27,25.27,24.53,22.33,21.97,19.90,18.87,17.47,17.30,16.90,16.83,17.37,17.37,16.83,16.70,16.83,16.83,17.03,17.57,17.37,17.17,16.97,16.63,16.97,17.17,17.17,16.97,16.77,16.47,17.07,17.43,17.07,16.47,15.97,16.47,16.80,17.13,17.30,17.07,16.77,16.40,16.60,16.40,16.80,17.30,17.60,16.67,16.37,16.57,16.77,17.13,17.07,17.20,17.07,17.23,17.13,17.20,17.13,16.60,16.60,16.60,16.87,16.93,17.13,17.33,17.07,17.47,16.67,16.83,17.03,17.10,17.03,16.67,16.77,16.77,16.47,17.03,17.03,17.03,16.50,16.57,16.57,16.57,16.27,17.03,17.03
17.10,16.87,16.67,16.67,16.67,16.47,17.20,16.47,16.40,16.40,16.40,17.20,16.53,16.33,16.53,16.90,16.90,16.77,16.77,17.00,17.00,17.00,17.00,17.27,17.27,16.90,17.27,17.30,17.20,17.13,17.17,17.27,17.40,17.57,18.90,20.47,21.10,21.13,23.53,23.83,25.10,26.80,27.30,27.50,27.30,26.17,25.00,24.07,23.80,23.27,22.20,22.00,20.80,19.77,18.40,17.83,17.63,17.73,17.90,17.47,17.17,17.43,17.43,17.10,17.63,18.30,19.73,21.10,21.97,23.43,25.90,27.17,27.27,27.17,26.57,24.57,23.83,22.20,20.33,19.43,17.50,17.37,16.90,16.53,16.53,16.53,16.80,16.80,16.70,16.70,16.90,17.07,17.70,17.37,17.20,17.03,16.63,16.80,16.80,16.97,16.37,16.20,16.13,16.20,16.47,17.07,16.90,16.00,16.47,16.43,16.90,17.30,17.30,16.77,16.57,16.57,16.53,16.80,17.30,17.30,16.43,16.10,16.87,16.93,17.20,17.20,17.20,17.07,17.27,17.23,17.20,16.63,16.63,16.70,16.70,16.87,17.57,17.50,17.47,17.23,17.47,16.90,17.10,17.10,17.10,17.17,16.67,16.53,16.53,16.57,17.07,17.07,17.17,16.77,16.77,16.77,16.73,17.13,17.03,17.03
17.10,16.97,16.87,16.83,16.83,16.83,17.20,16.63,16.63,16.50,16.63,16.63,16.27,15.90,15.90,16.70,16.90,17.03,17.03,17.00,16.83,16.83,16.80,16.90,17.27,17.30,17.37,17.20,17.13,16.83,16.93,16.60,17.37,18.50,18.90,20.70,21.60,23.27,23.77,25.73,27.00,27.10,27.20,26.70,26.17,24.13,23.80,23.33,22.63,22.40,20.90,19.03,17.73,17.73,17.73,17.60,17.23,17.43,17.43,17.17,17.43,17.43,17.43,17.00,17.00,18.90,20.40,21.43,22.20,23.87,26.40,26.93,27.17,26.57,24.73,23.97,22.43,21.70,19.53,17.93,17.37,16.90,16.83,16.83,16.67,16.67,16.80,16.97,16.80,16.40,16.60,16.90,17.53,17.03,17.10,17.10,17.23,16.80,16.80,16.80,16.33,16.33,16.13,16.10,16.20,16.77,17.43,16.00,16.03,16.03,16.57,16.47,16.80,16.77,16.77,16.53,16.43,16.43,16.43,17.10,17.07,16.87,16.93,16.93,17.57,17.47,17.30,17.07,17.27,17.07,16.63,16.40,16.40,16.30,16.53,16.87,17.33,17.23,17.23,17.10,16.90,16.90,17.10,17.23,17.40,17.40,17.17,17.00,16.57,16.57,17.17,17.17,17.00,16.50,16.77,16.73,16.63,16.23,17.13,17.40
16.57,16.63,16.63,16.70,16.83,17.07,17.20,16.70,16.63,16.50,16.60,16.27,16.27,16.20,16.53,16.70,16.43,16.43,16.53,17.00,17.00,16.90,16.90,16.90,16.90,17.37,17.37,17.20,16.83,16.30,16.60,16.60,17.10,18.63,18.87,20.47,21.60,23.77,25.43,26.00,27.00,26.47,26.47,24.77,24.03,23.80,22.87,22.63,21.27,20.47,18.43,17.67,17.60,17.60,17.03,17.03,17.03,17.23,17.23,17.17,17.43,17.43,17.43,17.00,18.20,19.10,20.97,21.80,23.27,24.90,26.40,27.10,26.57,25.73,24.27,22.90,21.90,20.53,18.27,17.90,17.37,16.93,16.83,16.83,16.97,16.97,16.93,16.80,16.80,16.73,16.90,17.07,17.07,17.07,17.10,17.23,17.60,17.37,16.80,16.33,16.67,16.60,16.60,16.10,16.10,16.77,17.07,16.93,16.47,16.47,16.57,16.57,16.77,16.77,16.77,16.53,16.53,16.53,16.73,17.10,17.10,17.07,17.40,17.40,17.40,17.27,17.20,17.20,17.27,17.07,17.07,16.63,16.40,16.30,16.47,17.07,17.33,17.07,16.90,16.73,16.73,16.73,16.70,17.23,17.40,17.40,17.00,16.53,16.53,17.03,17.50,17.53,17.00,17.00,16.77,16.77,16.63,17.23,17.17,17.17
16.53,16.53,16.63,16.70,17.07,17.07,17.40,16.87,16.53,16.53,16.63,17.00,17.00,16.37,16.83,16.83,16.30,16.67,16.90,17.13,16.83,16.83,16.80,16.90,17.20,17.63,17.37,17.10,16.20,16.30,16.60,16.73,17.03,18.57,18.73,20.43,21.60,23.27,25.07,25.73,25.33,25.20,24.00,24.00,23.37,22.87,22.40,20.47,20.03,18.43,17.33,17.23,17.40,17.40,16.57,16.70,17.03,17.23,16.93,16.93,16.80,17.30,17.30,17.30,18.23,20.57,21.27,21.90,23.27,25.20,26.50,27.10,26.40,24.73,22.93,22.43,21.23,19.40,17.93,17.90,17.37,16.83,16.83,16.97,16.67,16.97,16.93,16.93,16.93,17.03,17.03,16.90,16.90,16.40,16.40,17.10,17.50,17.37,17.47,16.33,17.17,16.90,17.47,17.47,16.73,16.77,17.07,17.30,16.93,16.73,16.63,16.63,16.63,16.47,16.83,16.33,16.43,16.43,16.73,17.10,17.07,17.10,17.40,17.40,16.87,17.17,17.20,17.20,16.93,16.53,16.73,16.40,16.37,16.37,16.47,16.93,16.90,16.53,16.67,16.67,16.73,16.70,16.70,16.80,16.80,17.40,17.00,17.03,17.03,17.50,17.50,17.43,17.00,17.13,16.63,16.63,16.63,17.23,17.17,17.07
16.53,16.53,16.63,16.70,16.90,16.90,17.40,17.40,16.70,16.57,16.60,16.60,16.30,16.83,17.00,16.83,16.43,16.60,16.83,16.73,16.93,16.97,16.97,17.00,16.90,17.60,16.90,16.97,16.27,16.73,16.73,16.73,17.00,17.10,18.57,18.63,20.63,22.20,24.23,24.50,23.53,23.40,23.40,23.00,22.43,21.10,20.10,19.43,18.07,17.23,17.20,17.03,17.40,16.93,16.93,16.70,16.70,16.93,16.93,17.00,16.77,16.77,17.30,18.20,18.57,20.97,21.60,23.17,25.10,26.33,27.40,26.87,25.80,23.87,22.90,22.17,20.97,18.83,18.03,17.53,17.23,17.00,17.23,17.00,16.63,17.00,16.93,16.80,16.80,17.03,16.90,16.90,16.90,16.90,16.40,16.40,17.20,17.33,17.33,16.90,16.93,16.93,17.47,17.47,17.23,17.07,16.83,17.07,16.87,16.90,16.87,16.90,16.87,16.77,16.60,16.20,16.00,16.73,17.03,17.30,17.03,17.03,17.40,16.90,16.87,16.90,17.20,17.20,16.53,16.47,16.83,17.10,16.73,16.47,16.93,16.93,16.90,16.57,16.73,16.67,16.73,16.70,16.70,16.67,16.57,17.10,16.40,16.70,16.70,17.50,17.10,17.10,16.77,17.13,16.30,16.40,16.40,17.17,17.03,16.63
16.43,16.43,15.90,16.90,16.90,16.90,17.50,17.40,17.40,17.10,17.40,17.73,16.40,16.40,16.40,16.43,16.43,16.60,16.67,16.67,16.67,17.00,17.00,17.33,17.20,17.00,16.97,17.00,16.97,16.67,16.53,16.53,16.63,17.03,17.40,18.33,18.60,20.63,22.07,22.63,22.63,22.20,22.43,20.90,20.63,19.50,18.07,17.60,17.20,17.03,17.20,17.03,17.03,16.67,16.80,16.80,16.87,17.30,16.80,16.80,16.40,16.53,16.90,17.90,19.77,21.17,21.27,24.50,26.17,26.57,26.57,26.13,24.80,23.10,22.17,21.23,18.53,17.70,17.53,17.43,17.23,16.90,17.23,16.77,16.63,16.77,16.80,16.80,16.80,17.10,16.90,17.13,16.90,16.90,16.40,16.40,16.77,16.33,16.77,16.93,17.17,17.17,17.23,17.47,17.23,17.23,16.83,17.23,16.87,16.90,17.23,17.27,17.03,16.60,16.60,16.00,16.00,16.00,17.03,17.30,17.03,17.03,16.93,16.90,16.87,16.90,17.20,17.20,16.93,16.53,16.73,16.73,16.37,16.83,16.83,16.83,16.67,17.13,17.43,16.67,16.67,16.60,16.73,16.67,16.60,17.10,17.10,17.37,16.70,16.70,16.50,16.53,16.83,16.83,16.53,16.10,16.40,16.80,16.77,16.63
16.43,16.93,16.93,16.93,16.60,16.60,17.33,16.53,16.53,16.53,16.60,16.57,16.30,16.23,16.40,17.07,16.83,16.83,16.83,16.60,16.83,17.00,17.00,17.00,16.87,16.77,16.90,17.00,17.07,16.67,16.27,16.23,16.33,16.63,17.13,17.43,17.93,18.10,20.40,20.40,20.43,20.43,20.43,19.47,18.70,17.93,17.37,16.83,16.83,16.83,17.20,17.03,16.90,16.67,16.87,17.20,17.30,17.30,16.80,16.73,16.40,16.53,17.90,18.83,21.13,21.17,23.17,26.13,26.37,26.83,26.57,25.80,23.90,22.67,21.87,19.00,18.03,17.43,17.57,17.43,17.73,17.03,17.03,16.77,16.77,16.77,17.23,16.80,16.80,16.60,16.60,16.80,17.40,17.13,16.90,16.37,16.37,16.20,16.67,17.33,17.17,17.07,16.80,16.87,16.87,16.87,16.83,15.90,16.27,16.60,17.23,17.30,17.23,16.90,16.60,15.83,15.83,15.83,16.77,17.30,17.30,16.93,16.93,16.90,16.90,16.90,17.00,17.00,16.93,17.03,17.10,17.10,17.53,17.20,17.20,17.20,17.47,17.47,17.47,17.37,16.83,16.43,16.73,16.73,17.50,17.10,16.67,17.00,16.63,16.70,16.50,16.83,16.83,16.77,16.47,16.37,16.10,16.07,16.17,16.63
16.43,16.43,16.43,16.93,17.17,17.43,17.43,17.33,16.53,16.93,17.10,17.27,16.40,16.27,16.40,17.07,17.07,17.03,16.83,16.67,16.63,16.90,16.90,17.33,16.87,17.00,16.90,17.50,17.33,16.77,16.53,16.30,16.33,17.07,17.23,17.43,17.73,17.80,17.93,18.63,18.87,19.07,18.87,17.87,16.87,16.73,16.87,16.83,16.83,16.83,17.10,17.10,16.67,16.43,16.43,17.20,17.30,17.30,16.80,16.73,16.73,17.23,17.90,18.90,20.70,21.17,24.00,26.37,26.63,26.77,26.17,24.10,23.37,21.87,20.20,18.03,16.90,16.73,17.57,17.77,17.73,16.87,16.57,16.60,16.60,16.60,16.80,17.00,16.80,16.60,16.60,16.80,16.90,16.90,16.57,16.47,16.37,16.20,16.43,16.47,17.07,16.90,16.70,16.87,16.73,16.50,16.47,15.93,16.27,16.60,17.23,17.23,17.03,16.77,16.43,16.20,16.20,16.00,16.67,17.03,17.10,17.03,17.03,17.03,16.73,16.70,16.60,16.60,16.27,17.03,17.17,17.20,17.20,17.20,17.20,17.20,17.47,16.33,16.87,16.83,16.20,16.20,16.73,17.50,17.40,16.93,16.67,17.07,17.00,17.00,16.83,17.07,17.07,16.83,16.47,16.37,16.53,16.10,16.17,16.77
16.10,15.97,16.43,17.00,17.30,17.30,17.30,17.27,16.93,16.97,16.97,16.60,16.27,16.27,17.07,17.33,17.43,17.07,16.97,16.67,16.63,16.90,17.10,17.10,16.87,17.23,16.90,17.50,17.60,17.33,16.30,16.30,16.67,16.80,16.80,17.23,17.37,17.60,17.67,17.60,17.53,17.53,17.03,16.73,16.73,16.73,16.90,16.87,16.87,17.13,17.13,17.13,16.43,16.27,16.33,16.90,16.90,16.90,16.73,16.73,16.73,17.53,18.83,20.30,20.70,22.03,24.07,26.47,26.77,26.77,25.07,23.80,22.97,21.87,19.37,18.07,17.10,16.73,17.10,17.03,16.77,16.57,16.30,16.30,16.30,16.37,17.33,17.20,17.20,16.97,16.60,16.80,16.80,17.13,16.77,16.57,16.37,16.00,16.43,16.47,16.70,16.70,16.70,16.73,16.73,16.50,16.50,16.23,16.70,16.70,16.83,16.77,16.77,16.73,16.43,16.20,15.83,15.83,16.27,16.70,17.10,17.10,17.03,16.87,16.73,16.73,16.60,16.27,16.13,17.17,17.53,17.53,17.57,17.60,17.60,17.73,17.53,16.33,16.33,16.33,16.83,17.20,17.37,17.50,17.13,16.93,16.67,17.07,17.07,17.13,17.80,17.23,17.23,16.93,16.93,16.93,16.93,16.77,16.17,16.77
15.97,15.97,16.43,17.13,17.33,17.30,17.30,17.13,16.93,16.97,17.27,17.27,16.27,16.27,17.07,17.60,17.87,17.07,16.97,16.63,16.33,16.63,16.90,17.10,17.10,17.23,17.23,17.60,17.60,16.77,16.60,16.67,17.07,16.67,16.60,16.63,16.73,17.17,17.43,17.43,17.43,16.97,16.97,16.03,16.03,16.30,16.67,16.90,16.87,17.03,17.10,17.13,16.27,16.27,16.27,16.90,16.90,16.90,17.37,17.47,17.23,17.53,19.43,20.43,20.70,22.03,25.37,26.63,26.77,25.23,23.80,23.37,22.33,19.47,18.53,16.90,16.53,16.63,17.10,17.20,16.77,16.57,16.50,16.30,16.17,16.10,16.10,17.00,17.00,16.97,16.97,17.20,17.20,16.77,16.57,17.10,16.57,16.20,16.23,16.43,16.53,16.53,16.87,17.03,17.03,16.47,16.47,16.23,16.83,16.87,16.87,16.87,16.97,16.73,16.60,16.30,16.67,16.67,16.47,16.70,17.03,17.10,17.03,16.87,16.73,16.60,16.57,16.57,16.27,17.17,17.20,17.20,17.00,17.63,17.00,17.83,17.53,17.40,16.87,16.50,16.67,17.07,17.37,17.40,17.13,16.87,16.93,17.17,17.37,17.67,17.67,17.23,17.23,16.93,17.40,16.93,16.93,16.77,16.77,17.50
16.10,16.30,17.13,16.97,17.30,17.13,17.13,16.90,16.67,16.90,17.40,17.40,17.00,16.43,16.97,17.13,17.23,17.23,17.07,16.33,16.13,16.53,17.10,17.23,17.10,17.17,17.17,17.23,17.37,16.97,16.87,16.67,16.87,16.60,16.17,16.53,16.53,16.77,16.90,16.90,17.43,16.57,16.90,16.07,16.90,16.93,16.67,16.90,16.87,17.03,17.17,16.97,16.07,16.07,16.07,16.30,16.93,16.93,17.37,17.30,17.30,17.83,20.27,20.47,21.90,24.30,25.67,26.63,26.63,23.93,23.57,22.37,20.63,18.90,18.07,17.13,17.10,17.10,16.77,17.03,16.77,16.63,16.53,16.33,16.33,16.33,16.93,17.07,17.20,17.07,16.97,17.20,17.20,17.27,17.17,17.10,16.40,16.13,16.13,16.23,16.07,16.13,16.63,16.93,16.93,16.63,16.63,16.97,17.33,16.97,16.87,16.87,17.47,17.23,16.73,16.30,16.53,16.53,17.13,17.00,17.00,16.87,16.87,16.47,16.97,16.97,16.97,16.70,16.70,17.53,17.57,17.53,17.00,17.00,16.87,17.83,17.53,17.53,17.40,17.33,17.20,17.20,17.13,17.07,16.87,16.77,16.77,17.27,17.40,17.80,17.80,17.77,17.23,17.03,17.23,16.93,16.77,16.77,16.77,16.77
16.13,16.30,17.13,16.63,17.17,16.77,17.13,16.70,16.67,16.50,16.50,16.50,16.83,16.83,17.60,17.13,17.13,17.13,17.23,16.53,16.13,16.13,16.07,16.97,17.03,17.03,17.17,16.73,16.63,16.60,16.60,16.77,16.87,16.33,15.83,15.97,16.20,16.77,16.20,16.67,16.67,16.67,16.73,16.73,16.90,16.67,16.50,16.53,16.73,16.97,16.97,16.80,16.07,16.30,16.30,16.93,16.97,16.93,17.30,16.37,17.30,17.83,20.27,20.83,22.30,24.93,25.67,25.67,24.77,23.37,22.60,21.40,18.90,18.53,16.80,16.53,16.47,16.63,16.63,17.20,16.60,16.60,16.53,16.50,16.40,16.47,16.53,16.93,17.07,16.97,16.80,16.80,16.80,16.77,16.43,16.47,16.40,16.37,16.23,16.23,16.07,16.07,16.53,16.93,17.23,17.07,17.07,16.97,17.33,16.87,17.43,17.23,17.47,17.07,16.87,16.53,16.87,17.00,17.17,17.00,16.87,16.67,16.67,16.47,16.80,16.80,17.07,16.97,16.37,16.97,16.30,16.83,16.80,16.83,16.87,17.03,17.40,17.53,17.53,17.40,17.23,17.00,17.07,17.07,17.10,16.87,17.00,17.10,17.13,17.40,17.13,17.67,17.23,17.23,17.10,17.10,17.10,16.77,16.67,16.67
16.13,16.13,16.47,16.47,16.77,16.63,16.77,16.87,16.87,16.87,17.03,17.00,17.00,16.83,16.83,16.83,16.83,16.83,16.83,16.83,16.63,16.13,16.10,16.97,16.97,16.73,16.10,16.10,16.43,16.50,16.63,16.50,16.77,16.33,15.83,15.83,15.97,16.77,16.20,15.97,16.13,16.67,16.73,16.73,16.60,16.43,16.33,16.50,16.53,16.67,17.10,16.97,16.37,16.23,16.03,16.30,16.50,16.50,16.50,16.07,17.47,17.63,19.93,21.90,22.40,25.03,25.13,25.03,23.50,22.87,22.27,20.17,18.87,17.90,16.80,16.80,17.13,17.13,16.63,16.67,16.60,16.60,16.60,16.53,16.53,16.53,16.93,16.53,16.97,16.97,16.97,16.80,16.80,16.77,16.40,16.43,15.97,16.37,16.00,16.23,15.73,15.97,16.53,16.63,16.93,16.93,17.07,17.07,17.33,16.60,16.60,16.63,16.93,16.77,16.53,15.97,15.73,16.33,17.00,17.00,16.83,16.63,16.57,16.47,17.10,17.13,17.13,16.97,16.37,15.93,16.37,16.80,16.80,17.10,17.10,16.63,16.63,17.03,17.53,17.40,16.70,17.00,17.23,17.23,17.00,16.77,16.77,16.53,17.10,17.40,17.13,17.67,17.23,17.23,16.53,16.83,16.53,16.97,16.57,16.57
16.10,16.10,16.20,16.60,16.63,16.63,17.07,17.07,17.07,16.87,17.03,16.17,17.53,16.83,17.87,17.07,17.07,16.83,16.83,16.83,16.83,16.37,16.10,16.37,16.93,16.93,16.93,16.63,16.63,16.50,16.27,16.27,16.63,16.43,16.43,16.30,16.57,16.57,16.40,16.40,16.40,16.73,16.70,16.60,16.60,16.43,16.50,16.50,16.53,16.53,16.53,16.60,16.47,16.47,16.23,16.50,16.50,16.50,16.50,16.37,17.47,17.63,19.20,22.30,22.40,23.47,24.77,23.30,22.90,22.27,20.33,19.93,17.93,16.10,16.10,16.10,16.63,16.63,16.63,16.53,16.53,16.67,16.60,16.60,16.33,16.40,16.53,16.27,16.97,16.97,17.07,17.07,16.20,16.43,15.97,16.43,15.97,17.17,16.93,16.77,16.23,16.23,16.53,16.53,16.83,16.50,16.93,16.93,16.13,16.13,16.37,16.60,16.90,16.37,16.10,16.07,16.07,16.33,16.53,16.67,16.83,16.67,16.63,16.33,16.80,17.23,17.23,16.97,16.37,16.17,16.17,16.17,16.80,17.13,17.13,17.03,17.00,17.00,16.70,16.70,16.70,16.70,17.00,17.00,16.93,16.77,16.50,16.43,15.87,17.13,16.90,16.90,16.57,16.40,16.37,16.13,17.10,16.97,16.57,16.57
15.57,15.97,16.20,16.20,16.60,16.43,16.83,16.87,17.00,16.87,17.23,17.53,17.73,16.67,16.50,16.50,17.07,17.07,16.83,16.83,16.57,16.37,16.37,16.37,16.93,16.93,16.70,16.93,16.63,16.40,16.27,16.27,16.37,16.43,16.43,16.43,16.57,16.67,16.57,16.43,16.73,17.10,16.70,16.43,16.60,16.43,16.33,16.17,16.73,16.50,16.53,16.50,16.47,16.47,16.23,16.37,16.37,16.37,17.20,17.33,17.47,17.47,18.57,19.93,22.37,22.70,23.10,22.87,22.67,20.33,20.13,18.10,16.67,16.57,16.57,16.13,16.77,16.70,16.83,16.67,16.67,16.93,16.93,16.33,16.33,16.30,16.30,16.27,16.97,17.07,17.07,16.67,16.20,16.83,16.43,16.43,15.97,16.93,16.93,16.67,16.63,16.37,16.53,15.53,16.17,16.50,16.57,16.87,17.40,17.07,16.53,16.90,16.90,16.47,16.10,16.10,16.07,16.33,16.33,16.50,16.60,16.60,16.63,16.20,16.83,17.10,17.10,16.53,16.33,16.03,16.17,16.37,17.03,17.10,17.13,17.00,17.00,16.50,16.50,16.50,16.70,16.70,16.87,16.93,16.87,16.93,16.77,16.43,15.87,16.60,16.67,16.90,16.90,16.83,16.37,15.80,15.80,16.93,16.57,16.43
16.50,16.50,16.60,16.60,16.60,16.60,16.97,16.47,17.00,16.73,17.07,17.07,17.53,17.33,16.93,16.93,16.93,17.23,17.13,16.50,16.50,16.50,16.37,16.17,16.70,16.97,16.93,17.23,16.93,16.93,16.27,16.37,16.37,16.37,16.43,16.43,16.57,16.53,16.43,16.53,16.73,16.73,16.37,16.40,16.70,16.70,16.50,16.17,16.53,16.53,16.73,16.50,16.47,16.57,16.60,16.60,16.43,16.40,16.67,17.07,17.07,17.30,17.40,18.57,20.87,21.47,22.67,22.27,20.33,19.93,18.07,17.83,16.67,16.63,16.57,16.10,16.13,16.53,16.87,16.87,16.47,16.47,16.43,16.33,16.33,16.53,16.53,16.20,16.10,17.07,16.67,16.67,16.23,17.07,16.50,16.50,16.93,16.93,16.93,16.67,16.63,16.63,16.63,15.53,15.73,16.47,16.50,16.20,16.87,17.47,17.47,17.07,17.07,16.47,16.10,16.10,16.07,16.53,16.33,16.40,16.40,16.53,16.53,16.20,16.47,16.50,16.53,16.37,16.33,16.23,16.47,16.63,16.47,16.73,16.73,16.73,17.00,16.53,16.80,16.70,17.00,16.70,16.70,16.80,16.87,16.93,16.70,16.47,16.43,16.43,16.30,16.90,16.90,16.60,15.80,16.57,16.77,16.77,16.43,16.20
16.50,16.60,16.60,16.60,16.77,16.77,16.83,16.47,16.47,16.33,16.83,16.73,16.83,16.93,16.93,17.13,16.60,16.60,16.37,16.37,16.50,16.57,16.57,16.57,16.70,16.93,16.93,16.93,16.53,16.53,16.20,16.40,16.37,16.37,16.10,16.20,16.43,16.53,16.53,16.53,16.73,16.73,16.40,16.70,16.70,16.70,16.17,16.17,16.50,16.73,16.90,15.97,16.13,16.57,16.67,16.57,16.37,16.37,16.67,17.20,16.93,16.93,17.10,17.47,18.17,20.47,20.47,19.73,17.50,17.30,17.10,17.30,16.67,16.63,16.57,16.07,16.07,16.13,16.70,16.27,16.47,16.47,16.47,16.40,16.57,17.07,16.57,16.20,16.10,16.97,16.67,16.67,16.93,17.07,17.07,16.77,16.93,16.77,16.77,16.67,16.63,16.50,16.07,15.73,16.47,16.60,16.77,16.57,16.87,17.47,17.57,17.40,17.40,16.13,16.07,16.13,16.13,16.50,16.10,16.33,16.40,16.53,16.53,16.43,16.50,16.50,16.50,16.37,16.53,16.63,16.63,16.63,16.83,16.60,16.60,16.60,16.90,16.53,17.33,16.80,17.23,16.70,16.87,16.80,16.93,16.97,17.10,17.10,16.67,16.43,16.30,16.30,17.00,17.53,16.93,16.93,16.93,16.77,16.20,15.83
16.50,16.60,16.87,16.77,16.87,16.77,16.90,16.60,16.60,16.33,16.73,16.57,16.60,16.93,17.33,17.33,16.27,16.37,16.37,16.50,16.50,16.67,16.77,16.67,16.77,17.20,17.20,16.93,16.80,16.80,16.53,16.37,16.37,16.03,15.80,15.80,16.60,16.60,16.53,16.53,16.87,16.90,16.87,16.83,16.73,16.70,16.50,16.50,16.67,16.67,16.90,15.97,16.73,16.57,16.57,16.43,15.93,16.40,16.40,16.90,16.23,16.23,16.23,17.10,17.47,17.47,17.67,17.40,17.40,16.97,16.97,16.60,16.43,16.43,15.70,15.77,15.97,16.23,16.23,16.23,16.27,16.27,16.40,16.10,16.50,17.07,16.60,16.60,16.00,16.10,16.27,16.93,16.93,16.97,16.97,16.77,16.63,16.13,16.13,16.30,16.67,16.50,16.50,16.30,17.23,17.53,17.23,16.57,16.77,17.10,17.47,16.90,16.13,16.07,16.07,16.30,16.30,16.30,15.93,16.10,16.80,16.57,16.63,16.53,16.50,16.50,16.50,16.70,16.70,16.80,16.63,16.63,16.77,16.73,16.73,16.70,16.70,15.53,15.53,16.17,16.63,16.43,16.63,16.23,16.93,16.93,17.30,17.13,16.67,15.87,15.87,15.97,17.00,17.10,17.30,16.93,17.03,16.57,16.30,16.03
16.20,16.20,16.53,16.77,16.87,16.77,16.90,16.73,16.60,16.07,16.13,16.57,16.57,16.57,16.93,16.37,16.07,16.27,16.37,16.37,16.30,16.67,16.97,16.77,16.97,16.77,17.20,16.47,16.80,16.57,16.37,15.97,16.37,16.03,15.80,15.80,16.60,16.97,16.60,16.50,16.90,17.27,16.87,16.83,16.83,17.07,17.03,16.83,16.83,16.67,16.10,15.80,16.10,16.57,15.93,15.93,15.87,16.90,16.90,16.90,16.27,15.83,15.83,16.03,16.13,16.40,16.40,16.50,16.50,16.47,16.13,16.43,16.37,16.37,15.70,15.97,16.37,16.40,16.23,16.23,16.20,16.53,16.40,16.10,16.40,16.50,16.60,16.60,16.10,16.70,16.93,16.70,16.93,16.77,16.97,16.83,16.67,16.10,16.13,17.47,17.47,16.50,16.30,16.30,17.47,17.63,17.53,17.10,16.83,16.90,16.90,16.90,16.13,16.13,16.50,16.83,16.30,16.30,16.10,16.10,16.87,16.77,16.77,16.57,16.53,16.50,16.50,16.50,16.70,16.93,16.87,16.83,16.83,16.77,16.77,16.50,16.77,16.70,16.30,16.30,16.60,16.60,16.63,16.70,16.93,16.93,17.13,17.10,16.67,16.33,15.97,15.97,17.00,17.30,17.53,17.30,17.03,16.80,16.30,16.30
15.37,15.77,16.37,16.87,16.87,16.00,16.13,16.37,16.37,16.37,16.67,16.67,16.50,16.50,16.37,16.30,15.97,16.30,16.80,17.00,17.00,17.17,17.17,16.97,17.03,17.03,16.40,16.37,16.80,16.80,16.77,16.03,16.37,16.03,16.37,16.37,16.53,16.60,16.13,16.33,16.50,16.63,16.50,16.53,16.73,16.97,17.07,17.03,16.83,16.73,16.70,16.73,16.57,16.03,15.93,16.70,16.83,17.07,16.83,16.60,16.33,16.37,15.83,15.77,15.90,16.03,15.97,16.40,16.50,16.40,16.07,16.13,16.13,16.20,15.77,16.20,16.37,16.53,16.37,16.53,16.20,16.53,16.23,16.03,16.40,16.50,16.60,16.17,16.60,16.17,16.97,16.43,16.43,16.43,16.70,16.67,16.67,16.10,16.67,16.53,17.47,16.53,16.77,16.77,16.77,16.63,16.63,16.93,16.93,17.10,17.20,17.17,16.53,16.70,16.70,16.93,16.40,16.23,15.70,16.40,16.87,16.77,16.57,16.43,16.13,16.43,16.30,16.47,16.50,16.80,16.90,16.90,16.77,16.77,16.77,16.50,16.20,16.03,15.33,16.30,16.40,16.27,16.27,16.27,16.50,16.67,17.10,17.10,16.83,16.47,16.23,16.30,16.93,17.10,17.17,16.73,16.77,16.77,16.80,17.27
16.90,15.77,15.77,15.77,16.87,16.00,16.13,16.37,16.37,16.37,16.67,16.67,16.50,16.47,16.50,16.37,16.80,16.80,17.00,16.93,16.93,16.87,17.23,17.10,17.10,16.97,16.37,16.13,16.07,16.13,16.77,15.97,16.77,16.50,16.50,16.37,16.37,15.97,15.97,16.13,16.50,16.63,16.50,16.37,16.60,16.97,17.07,17.07,16.87,16.83,16.73,16.83,16.10,16.03,16.03,16.97,17.17,17.10,17.07,16.60,16.37,16.60,16.83,17.00,16.13,16.27,16.13,16.40,16.40,16.37,16.13,16.43,16.43,16.20,16.13,16.20,16.40,16.40,16.03,16.53,16.23,16.73,16.53,16.70,16.70,16.50,16.60,16.50,16.77,16.70,16.77,16.43,16.43,16.43,16.67,16.67,16.67,16.63,16.67,16.63,17.30,16.53,16.53,16.90,16.77,16.63,16.37,16.87,16.87,16.87,17.30,17.17,16.77,16.53,16.40,16.70,16.40,16.73,16.23,16.23,16.23,16.43,16.43,16.13,16.10,16.10,15.93,16.30,16.43,16.53,16.93,17.13,17.13,16.63,16.63,16.57,16.63,16.20,16.43,16.40,16.43,16.40,16.27,16.27,16.37,16.50,16.67,16.97,17.10,17.13,16.83,16.33,16.93,17.30,17.17,17.00,16.77,17.00,17.00,17.27
17.10,16.37,16.37,15.97,16.30,16.10,16.30,16.33,16.33,16.37,16.73,16.73,16.73,16.77,16.90,16.77,16.80,16.80,17.03,16.93,16.87,16.17,16.17,16.27,17.03,16.97,16.07,16.13,16.13,16.80,16.87,16.80,16.80,16.80,16.50,16.83,16.30,15.90,15.90,15.97,16.63,17.00,17.00,16.30,16.30,16.57,16.60,17.07,16.87,16.77,16.73,16.83,16.70,16.20,16.03,16.20,17.17,17.10,17.00,16.50,16.37,16.37,16.83,16.80,16.63,16.27,16.27,16.37,16.40,16.37,16.63,16.63,16.43,16.20,15.87,16.20,15.70,15.77,15.77,16.00,15.67,16.73,16.23,16.73,16.70,16.50,16.50,16.50,17.13,16.77,16.60,16.43,16.43,16.70,16.67,16.67,16.67,16.70,16.70,16.53,16.53,16.53,16.73,16.77,16.77,16.63,16.57,16.57,16.87,17.60,17.33,17.10,16.73,16.70,16.40,16.40,16.40,16.73,16.23,16.10,16.00,16.00,16.43,16.23,16.10,15.93,15.93,16.30,16.43,16.37,16.37,16.57,17.13,16.63,16.63,16.63,17.30,16.33,16.43,16.40,16.43,16.40,16.27,16.37,16.37,16.67,16.97,17.13,17.13,17.33,17.33,17.47,17.50,17.50,17.10,16.97,16.97,17.23,17.23,17.23
17.17,17.17,16.67,16.10,16.30,16.30,16.33,16.33,15.93,15.93,16.07,16.47,16.93,17.03,17.10,17.03,16.90,17.03,17.03,16.80,16.77,16.27,16.77,16.77,16.57,16.57,16.13,16.63,16.13,16.27,16.93,16.93,16.93,16.80,16.57,16.67,16.30,15.80,15.80,15.90,17.07,17.10,17.07,16.13,16.10,16.13,16.57,16.57,16.33,16.27,16.27,16.83,16.50,16.50,16.20,16.83,16.97,16.97,17.00,16.77,16.97,16.40,16.80,16.63,16.80,16.63,16.80,16.37,16.37,16.37,16.63,16.63,16.50,16.50,16.50,16.53,17.07,16.00,15.77,15.67,15.67,16.73,16.73,16.73,16.47,16.50,17.33,17.23,16.77,16.60,16.27,16.27,16.43,16.83,16.43,16.33,16.70,16.70,16.70,16.37,16.53,16.73,16.73,16.23,16.03,16.37,16.37,16.37,16.20,16.93,16.77,16.73,16.43,16.67,16.30,16.30,16.30,16.73,16.90,16.23,16.23,16.00,16.87,16.70,16.23,16.10,16.17,16.17,16.43,16.37,17.13,16.57,16.63,16.57,16.63,16.63,17.00,17.30,16.43,16.43,16.47,17.17,17.17,17.17,16.97,16.97,17.67,17.67,17.23,17.23,17.33,17.50,17.87,17.97,17.87,17.50,17.50,17.90,17.37,17.23
17.17,17.17,17.30,16.67,16.53,16.53,16.33,16.33,15.93,15.93,16.73,16.73,16.73,17.03,17.10,17.10,16.80,16.80,17.10,17.10,16.83,16.77,16.30,16.77,16.53,16.53,16.37,16.63,16.63,17.00,17.00,16.93,16.93,16.80,16.57,16.80,16.30,16.30,15.90,16.67,16.77,16.83,16.33,16.13,16.03,16.03,15.93,16.03,16.23,16.27,16.27,16.50,16.50,16.50,16.50,16.73,16.97,16.77,16.97,16.50,16.47,16.27,16.37,16.40,16.63,16.53,16.87,16.87,16.37,16.90,16.37,16.63,15.87,16.07,16.37,16.37,16.00,15.90,15.77,15.67,16.00,16.80,16.90,16.80,16.50,16.77,17.07,17.03,16.90,16.57,16.27,16.57,16.43,16.43,16.20,16.33,16.90,16.73,16.20,16.13,16.37,16.57,16.57,16.03,16.00,16.20,16.37,16.37,16.37,16.93,16.43,16.73,16.43,16.73,16.67,15.77,15.63,16.10,16.73,16.70,16.33,16.00,16.70,16.23,16.23,15.80,16.67,16.17,16.53,16.17,16.33,16.20,16.57,16.57,17.00,16.63,16.63,16.63,16.47,16.47,16.47,16.93,16.93,17.17,17.43,17.67,17.67,17.70,17.23,16.97,17.23,17.53,18.37,18.20,18.17,17.50,17.90,18.07,17.90,17.90
15.83,15.63,16.67,16.67,16.67,16.63,16.63,16.63,15.93,15.93,16.80,16.80,16.80,16.33,17.03,17.00,16.70,17.33,17.33,17.17,16.97,16.97,16.90,16.90,16.67,16.67,16.53,16.63,16.57,16.57,15.77,16.40,17.10,17.10,16.80,16.67,16.13,16.67,16.67,16.83,16.67,16.77,16.23,16.20,16.13,16.13,16.00,16.00,16.00,16.00,15.83,16.07,16.17,16.67,16.83,16.83,16.83,16.77,16.77,16.63,16.63,16.43,16.43,16.40,16.37,15.90,15.90,16.87,16.37,17.00,16.30,16.30,16.13,16.13,16.50,16.07,16.00,15.77,15.77,15.67,16.33,16.80,16.90,16.50,16.70,17.07,17.33,17.03,16.90,15.80,16.27,16.57,16.43,16.43,16.20,16.20,16.13,16.13,16.13,16.13,16.57,16.57,16.57,16.30,16.23,16.23,16.20,16.13,16.07,16.13,16.50,16.50,16.17,16.33,16.10,15.53,15.37,15.53,16.73,16.73,16.77,16.20,16.50,16.20,16.30,16.17,16.30,15.80,16.53,16.53,16.60,16.20,16.57,17.00,17.00,16.47,16.23,16.23,16.33,16.93,16.93,16.97,16.97,17.63,17.63,17.70,17.10,17.73,17.40,17.40,17.23,17.67,18.20,18.17,18.17,18.07,18.07,18.27,18.50,18.77
15.83,15.77,15.77,15.63,16.47,16.47,16.47,16.43,16.20,16.20,16.83,16.83,16.53,16.20,16.53,17.00,17.00,17.13,16.83,17.07,16.27,16.90,16.57,16.90,16.57,16.67,16.37,16.57,16.57,16.47,15.87,16.30,17.33,17.13,16.97,16.80,16.57,16.87,16.87,16.87,16.67,16.57,16.33,16.47,16.27,16.07,16.07,16.00,16.63,16.67,16.77,16.67,16.17,16.17,16.37,16.50,16.37,16.60,16.40,16.47,16.27,16.43,16.43,16.43,15.90,15.90,15.90,16.87,16.37,16.37,16.13,16.13,16.13,16.07,16.07,15.90,15.90,15.33,16.17,15.90,16.33,16.33,16.90,16.70,16.70,16.77,16.90,16.90,16.90,16.60,16.63,16.60,16.63,15.90,16.00,15.90,16.00,16.13,16.20,16.20,16.57,16.57,16.57,16.53,16.53,16.53,16.27,16.20,16.13,16.63,16.63,17.07,16.33,16.17,15.87,15.87,15.73,16.43,16.47,16.63,16.40,16.20,16.20,16.50,16.30,16.30,16.13,15.97,15.93,15.47,15.93,15.63,16.20,17.00,16.47,16.43,16.27,16.23,16.63,16.93,17.13,17.33,17.57,17.63,17.63,17.13,17.10,17.73,17.40,17.40,17.40,17.53,18.13,18.53,18.53,18.07,18.07,18.20,18.13,17.90
15.83,15.83,15.77,15.53,15.53,15.53,16.43,16.07,16.07,16.07,17.43,17.43,16.53,16.43,16.53,17.00,17.00,17.13,16.23,16.23,16.23,16.27,16.57,16.57,16.57,16.67,17.20,17.20,17.23,16.47,16.30,16.30,17.87,17.87,16.97,16.90,16.73,16.73,17.30,16.87,16.87,16.97,16.97,16.97,16.47,16.27,16.27,16.07,16.63,16.67,17.03,16.67,14.80,15.67,15.67,15.67,16.17,16.60,16.17,16.60,16.27,17.47,16.43,16.60,15.87,15.40,15.40,15.97,16.03,16.07,16.07,16.13,16.13,16.13,16.13,15.37,16.27,15.33,17.07,15.50,16.13,16.13,16.13,16.70,16.13,16.70,16.90,16.37,16.90,16.60,16.63,16.60,16.63,16.67,16.30,15.90,16.13,16.13,16.40,16.40,17.70,16.80,16.80,16.80,17.40,17.40,16.27,16.27,16.27,16.83,16.83,17.13,16.50,16.17,15.87,16.10,15.87,16.43,16.43,16.63,16.40,16.00,16.00,16.53,16.53,16.53,16.13,15.97,15.93,15.47,15.93,15.63,16.20,16.47,16.43,16.43,16.27,16.10,16.90,17.33,17.70,17.70,18.17,18.17,18.40,17.13,17.13,17.93,17.90,17.40,17.40,17.53,17.53,18.53,18.53,18.20,17.83,18.27,18.33,18.33
