16.17,16.47,16.70,17.43,17.43,17.43,17.60,17.77,17.77,17.77,18.80,18.80,18.63,18.60,18.63,19.20,19.30,18.73,18.93,18.73,18.50,19.07,18.03,19.07,19.00,19.77,19.77,19.17,18.77,18.77,19.13,19.83,20.53,21.23,21.77,23.00,23.97,23.97,23.33,23.33,23.33,24.50,23.70,24.40,23.70,23.67,23.67,23.57,23.73,23.60,24.60,24.43,24.23,23.73,23.73,24.10,24.10,24.10,24.37,24.37,24.60,24.43,24.83,26.13,26.27,26.63,25.97,25.40,25.40,24.73,24.87,24.73,24.73,23.93,24.47,23.93,22.27,21.93,21.33,20.50,19.50,19.50,19.50,18.67,18.67,20.30,20.30,19.23,19.23,19.27,19.27,18.87,18.60,18.87,19.43,18.43,18.87,18.93,18.93,18.93,18.93,19.07,19.10,19.10,19.37,19.17,18.80,19.17,18.73,19.13,18.97,19.13,19.23,19.33,19.63,19.63,18.90,18.87,19.70,19.77,19.70,18.33,19.10,19.10,19.50,18.63,18.20,18.20,18.60,18.60,18.37,18.37,18.03,19.57,19.00,18.77,18.67,18.67,18.43,18.60,18.53,18.43,18.43,18.43,18.83,18.57,18.60,18.57,18.33,18.33,18.70,18.30,18.70,18.03,18.00,18.00,18.00,17.13,17.13,18.27
16.73,16.73,17.03,17.43,17.43,17.43,18.00,17.77,18.00,17.77,18.13,18.27,18.63,18.63,18.63,18.77,18.93,18.93,19.07,18.73,18.37,18.50,18.03,18.57,18.47,19.03,19.07,19.03,18.77,18.97,19.20,20.53,20.87,21.50,22.00,23.00,23.97,23.90,23.50,23.50,23.70,24.47,23.70,24.23,23.70,23.80,23.80,23.73,23.73,23.60,23.57,24.23,24.17,24.17,23.80,24.10,24.10,23.90,24.33,24.43,24.47,24.43,24.37,24.87,26.27,26.53,25.97,25.40,25.07,24.87,25.03,24.73,24.47,23.93,23.93,23.20,21.97,21.60,20.50,19.63,19.50,19.40,19.00,18.67,19.00,19.27,19.27,18.87,19.03,18.93,18.60,18.37,18.20,18.43,18.43,19.20,18.93,19.03,18.93,18.93,18.60,18.67,18.67,18.67,18.80,18.77,18.80,19.17,19.17,18.57,18.57,18.50,18.93,18.93,18.93,19.07,18.87,18.87,19.07,19.63,19.07,18.50,18.70,18.70,19.50,18.90,18.40,18.20,18.10,18.60,18.37,18.37,18.03,19.00,18.77,18.67,18.43,18.47,18.47,18.60,18.53,18.53,18.43,18.43,18.23,18.43,18.43,18.43,18.17,18.17,18.50,18.50,18.63,17.97,18.00,17.97,17.87,17.13,17.13,17.37
16.77,16.80,17.67,17.40,17.43,17.43,18.10,17.60,18.23,18.13,18.13,17.97,18.27,18.57,18.50,18.57,18.77,19.07,19.07,19.00,18.50,18.50,18.10,18.30,18.47,18.87,19.03,18.97,18.97,19.20,19.77,20.87,21.50,21.93,23.37,23.67,24.27,23.97,24.07,24.07,24.20,24.47,24.60,24.53,24.07,24.20,24.07,24.07,23.73,23.73,23.53,23.50,23.50,24.13,24.03,24.03,24.27,23.90,23.90,24.43,24.43,24.43,23.97,24.60,24.73,25.90,25.90,25.13,24.87,24.87,24.87,24.73,24.30,24.00,23.43,23.03,21.80,20.83,19.63,19.00,19.47,19.43,19.20,19.00,19.00,18.87,18.97,18.87,18.63,18.47,18.47,18.37,18.27,18.37,18.43,19.20,19.20,19.03,18.57,18.57,18.60,18.73,18.67,18.67,18.80,18.80,18.93,18.93,18.70,18.40,18.50,18.40,18.27,18.27,18.77,18.77,18.77,18.50,18.73,19.07,19.17,18.70,18.70,18.67,18.67,18.40,18.40,18.10,18.10,18.47,18.07,18.03,17.83,18.23,18.23,18.43,18.43,18.47,18.47,18.53,18.53,18.60,18.60,18.60,18.07,18.23,18.43,18.43,18.07,18.07,18.17,18.63,18.03,17.77,17.97,17.87,17.87,17.00,17.37,17.37
16.80,16.80,17.70,17.67,18.10,17.73,18.20,17.47,18.23,17.83,18.13,17.97,18.27,18.97,18.50,18.77,18.77,19.07,19.13,19.07,19.07,18.37,18.33,18.33,18.57,18.77,18.77,18.97,19.20,19.73,20.67,20.93,21.87,23.37,24.20,24.47,24.67,24.27,24.43,24.43,24.43,24.47,24.60,24.53,24.23,24.10,24.07,24.00,23.87,23.73,23.50,23.23,23.80,24.03,24.13,24.03,24.03,23.80,23.67,23.67,23.73,24.47,24.27,24.63,24.43,24.73,24.43,24.57,24.73,25.07,25.10,25.10,24.50,24.00,23.43,22.40,20.90,20.30,18.97,18.97,18.97,19.20,19.20,19.20,19.27,18.90,18.90,18.90,18.63,18.63,18.47,18.63,19.03,19.03,18.90,19.17,19.47,19.10,18.07,18.07,18.73,18.87,18.73,18.67,18.17,18.53,18.73,18.73,18.70,18.40,18.50,19.20,18.27,18.27,18.13,18.77,18.50,18.50,19.07,18.73,19.07,18.70,18.67,18.27,18.27,18.33,18.90,18.90,18.83,18.47,18.47,18.37,18.37,18.40,18.23,18.23,18.23,18.47,18.57,19.17,18.73,18.67,18.03,18.60,17.83,17.57,17.93,17.93,17.93,18.07,18.17,18.90,18.63,17.97,17.97,17.97,17.87,17.10,17.37,17.37
18.03,16.80,16.80,16.93,18.07,17.47,18.07,17.97,18.27,18.30,18.60,18.60,18.77,19.13,18.50,18.60,18.60,18.97,18.97,19.00,19.20,18.47,18.33,18.47,18.83,18.87,18.83,19.20,19.50,20.07,20.70,21.87,23.73,23.93,24.67,24.73,25.03,25.03,24.90,24.43,24.43,24.83,25.10,24.60,24.47,24.10,23.30,23.30,23.70,23.87,23.50,23.50,24.03,24.03,24.13,24.03,24.03,23.80,23.80,23.90,23.73,24.33,24.27,24.63,24.43,24.43,24.33,24.57,24.57,24.57,24.73,24.50,24.50,24.00,23.73,23.03,20.63,20.23,19.00,19.27,19.27,19.27,19.43,18.87,18.87,18.87,18.90,18.97,18.97,18.63,18.77,18.83,19.03,18.83,18.73,18.57,18.90,18.40,18.57,18.57,18.87,18.87,18.73,18.20,18.30,18.73,18.93,18.93,18.23,18.23,18.87,19.23,18.87,19.20,18.33,18.50,18.50,18.47,18.73,18.47,19.17,18.70,19.00,18.23,18.33,18.33,18.93,18.93,18.77,18.53,18.53,18.53,18.33,18.40,18.23,18.23,18.07,18.07,18.67,19.17,18.73,18.60,18.40,18.67,18.70,18.47,17.90,17.57,17.90,18.07,18.13,19.00,18.90,18.40,17.83,17.83,17.30,17.10,18.07,18.07
17.27,16.80,16.77,17.23,17.37,17.37,18.07,18.27,18.47,19.13,19.13,19.27,19.27,19.30,18.60,18.67,18.60,18.83,18.93,18.93,19.03,18.33,18.47,18.80,18.83,18.80,18.77,19.20,20.00,20.57,21.57,22.50,23.93,24.73,24.87,24.73,25.07,25.07,25.20,24.90,24.43,24.60,25.33,25.17,24.53,24.10,22.97,22.97,23.30,23.33,23.87,24.07,24.10,24.03,24.17,23.90,23.80,23.67,23.80,23.77,23.57,23.57,24.17,24.40,24.33,24.33,24.10,24.20,24.57,24.57,24.57,24.50,24.50,23.93,23.73,22.27,20.27,19.13,18.73,19.27,19.00,19.00,19.00,18.87,19.37,18.50,18.53,18.50,18.50,18.60,18.63,18.63,18.83,19.17,18.90,18.47,18.77,18.70,18.77,18.97,18.97,18.73,18.53,18.20,18.07,18.07,18.43,18.73,18.03,18.00,18.87,19.20,18.93,19.20,18.93,19.07,19.17,19.17,19.33,18.37,19.20,18.87,19.00,18.67,18.40,18.67,18.93,18.93,18.77,18.53,18.53,18.73,18.73,18.87,18.20,17.77,17.77,18.07,18.67,19.17,18.83,18.40,18.17,18.17,18.13,18.13,17.87,17.57,17.90,18.13,18.13,18.53,18.13,18.40,18.13,18.33,17.67,17.70,17.90,18.10
17.50,17.50,16.77,17.23,17.23,17.80,18.07,18.40,18.70,19.13,19.13,19.27,19.13,18.67,18.60,18.67,18.60,18.27,18.17,18.97,19.03,18.47,18.47,19.17,19.17,19.07,19.07,19.27,20.47,21.53,22.03,22.83,23.93,24.67,24.87,25.03,25.13,25.20,25.27,25.30,25.27,25.57,25.53,25.33,24.80,23.77,23.20,23.20,23.23,23.33,24.17,24.47,24.47,24.30,24.17,23.87,23.57,23.87,24.07,24.20,24.03,24.03,23.63,24.40,24.33,24.33,24.13,24.20,24.43,24.57,24.50,24.47,24.23,23.83,23.23,22.93,20.23,19.60,19.13,18.80,18.80,19.00,19.03,19.03,18.93,18.53,18.50,18.03,17.87,18.40,18.60,18.53,18.53,18.73,18.67,18.47,18.60,18.63,18.77,18.70,18.57,18.53,18.53,18.57,18.53,18.17,18.30,18.17,18.23,18.23,18.40,18.93,18.87,18.93,18.93,19.07,19.17,18.30,19.20,18.20,19.20,18.67,18.87,18.67,18.67,18.67,18.67,18.67,18.33,18.33,18.33,18.50,18.50,18.47,18.20,18.20,18.27,18.50,18.67,18.70,18.70,18.03,18.17,18.17,18.80,18.37,18.07,17.87,18.13,18.17,18.13,18.10,18.10,18.13,18.07,17.83,17.67,17.70,18.10,18.13
17.50,17.73,17.70,17.23,17.23,17.90,18.70,18.70,18.67,18.67,19.13,19.27,19.27,18.83,18.67,18.70,18.63,18.47,19.03,19.03,19.03,18.60,19.07,19.30,19.70,19.30,19.27,19.57,20.57,21.57,22.23,23.87,24.40,24.87,24.93,25.13,25.27,25.40,25.40,25.70,25.67,25.80,25.53,25.17,24.80,24.20,23.20,23.20,23.23,23.53,24.07,24.47,24.47,24.20,24.20,23.87,23.87,24.20,24.20,24.07,24.03,24.03,24.03,24.40,23.97,23.97,23.97,24.07,24.27,24.43,24.43,24.23,24.07,23.83,23.60,22.93,19.67,19.27,19.27,19.40,18.80,18.80,19.03,19.43,19.03,18.93,18.93,18.40,17.87,18.20,18.10,18.40,18.53,19.13,19.13,18.67,18.67,18.63,18.70,18.63,18.57,18.57,18.57,18.67,18.53,18.17,18.17,18.17,18.03,18.00,18.40,18.93,18.67,18.80,18.67,18.93,19.07,19.10,19.20,19.20,19.20,18.67,18.67,18.67,18.40,18.00,18.37,18.37,18.27,18.17,18.43,18.83,18.83,18.60,18.47,18.40,18.40,18.50,18.63,18.63,18.37,17.87,17.83,17.83,18.13,18.13,17.97,18.07,18.17,18.83,18.23,18.10,18.03,18.13,18.07,17.73,17.70,18.10,18.30,18.33
18.07,18.07,17.70,17.70,17.57,18.27,18.40,18.27,18.30,18.43,18.67,18.67,18.83,18.83,19.10,19.10,18.83,18.70,19.10,19.10,19.03,19.00,19.03,19.30,19.30,19.57,20.00,20.53,20.67,21.93,22.67,24.40,24.87,25.23,25.33,25.47,25.73,25.73,25.40,25.40,25.47,25.80,25.33,25.13,24.97,24.20,23.50,23.20,23.20,24.00,23.70,24.30,24.63,24.63,24.20,23.87,24.37,24.37,24.20,24.07,24.07,24.07,24.07,24.50,23.97,24.13,24.13,24.27,24.40,24.07,24.27,24.07,24.07,23.40,23.07,22.83,20.87,19.67,19.67,19.50,19.50,18.80,18.70,19.03,19.03,18.93,18.87,17.93,17.87,17.93,18.07,18.53,18.90,19.07,18.67,18.67,18.67,18.63,18.57,18.57,18.53,18.63,19.00,18.67,18.67,18.67,18.57,18.20,18.10,18.23,18.47,19.37,18.87,18.80,18.23,18.23,18.70,18.93,18.93,19.10,18.80,18.67,18.67,18.57,18.57,18.40,18.37,18.30,18.30,18.43,18.43,18.83,18.73,18.73,18.73,19.03,18.63,18.53,18.53,18.53,18.00,17.83,17.83,18.03,18.50,17.97,17.97,18.07,18.83,18.83,18.23,18.23,18.03,18.23,18.07,18.07,18.07,18.30,18.33,18.33
18.07,18.33,17.73,18.33,17.80,18.23,18.27,18.27,18.30,18.43,18.67,18.77,19.20,19.07,19.10,19.07,18.83,18.83,19.23,19.23,19.00,18.77,18.77,18.87,18.97,19.57,20.53,20.77,21.80,22.40,23.90,25.10,25.23,25.23,25.53,25.73,25.73,25.73,25.47,25.40,25.40,25.43,25.13,25.13,25.00,24.97,23.50,23.50,23.37,24.07,23.47,23.70,24.20,24.30,24.33,24.13,24.33,24.57,24.93,24.47,24.27,24.07,24.07,24.60,24.60,24.43,24.40,24.40,24.50,24.00,23.90,23.60,23.87,23.40,22.83,22.50,21.07,20.07,19.57,19.57,19.50,18.70,18.47,18.47,19.03,18.87,18.60,18.57,17.93,18.10,17.93,18.50,19.00,19.00,18.30,18.30,18.43,17.57,17.70,18.10,18.23,18.23,18.23,18.63,18.67,18.67,18.57,18.20,18.10,18.10,19.03,19.37,19.07,18.80,18.33,18.53,19.07,19.07,18.93,18.93,18.67,18.67,18.43,18.70,18.60,18.60,18.30,18.27,18.27,18.23,18.23,18.63,18.63,18.63,18.60,18.60,18.23,18.23,18.23,18.37,18.37,18.00,17.83,17.90,17.97,17.97,17.97,18.07,18.07,18.07,18.30,18.30,18.03,18.13,18.03,18.27,18.30,18.57,18.30,17.10
18.83,18.33,18.23,18.23,18.23,18.23,18.27,18.63,18.63,18.43,18.43,18.37,18.77,18.77,19.20,19.07,19.00,18.83,19.00,18.97,18.87,18.77,18.77,18.57,18.63,19.13,20.77,21.53,22.40,23.93,25.10,25.23,25.37,25.53,25.80,25.87,25.80,25.73,25.73,25.47,25.03,25.40,25.40,25.40,25.00,24.53,23.57,23.57,23.70,24.17,23.70,24.23,24.27,24.23,24.07,23.70,24.10,24.10,24.03,24.40,24.27,24.27,23.93,24.33,24.50,24.50,24.43,24.40,24.40,24.00,23.93,23.90,23.87,23.03,22.77,22.03,21.20,19.57,18.97,19.40,18.97,18.70,18.47,18.33,18.60,18.60,18.50,17.93,17.93,17.93,17.93,18.03,18.17,18.17,18.17,18.30,18.33,17.87,17.77,18.10,18.10,18.23,18.23,18.30,18.30,18.70,18.70,18.70,18.23,18.10,19.03,19.10,19.10,18.87,18.43,18.43,18.70,18.80,18.80,18.80,18.67,18.73,18.70,18.70,18.57,18.80,18.60,18.30,18.17,18.13,18.13,18.13,18.50,18.63,18.73,18.97,18.27,18.23,17.97,18.07,18.07,18.20,17.90,18.20,18.43,18.23,18.23,18.23,18.07,17.97,17.97,18.30,18.23,18.13,18.13,18.30,18.43,18.63,17.53,16.57
18.83,18.43,18.23,18.23,18.23,18.23,18.37,18.93,18.93,18.03,18.37,18.37,19.20,18.77,19.20,18.67,18.60,18.60,19.17,19.17,18.87,18.77,18.77,18.63,19.13,19.97,21.50,21.97,23.47,25.03,25.53,26.07,26.07,26.23,26.23,26.23,26.17,26.17,26.33,25.83,25.53,25.43,25.40,24.87,24.87,24.20,24.10,24.10,24.10,24.33,24.27,24.27,24.27,23.77,24.07,23.57,24.07,24.03,24.10,24.40,24.40,24.17,24.17,24.30,24.47,24.43,24.43,24.00,24.23,23.93,23.93,23.93,24.07,23.60,22.77,22.03,21.20,19.57,18.87,18.87,18.53,18.53,18.70,18.70,18.63,18.57,18.50,18.50,18.43,18.43,18.43,18.27,18.17,18.03,18.17,18.17,18.33,17.87,17.87,18.10,18.50,18.23,17.87,17.87,18.13,18.13,18.13,18.70,18.73,18.73,18.07,18.97,19.07,18.97,18.80,18.53,18.53,18.47,18.80,18.80,18.80,18.83,18.70,18.70,18.30,18.67,18.33,18.20,18.10,18.13,18.23,18.33,18.47,18.23,18.23,18.17,18.17,18.17,17.97,18.77,18.77,18.77,18.17,18.33,18.43,18.33,17.80,17.80,17.80,18.07,18.77,18.77,17.67,17.67,18.13,18.30,18.33,18.33,17.70,17.53
18.43,18.43,18.40,18.23,18.60,18.63,19.27,19.47,19.00,18.03,18.37,18.27,18.37,18.37,18.73,18.73,18.73,18.90,19.17,19.17,18.90,18.87,18.90,19.67,19.97,21.30,21.93,22.97,24.97,25.23,26.33,26.87,26.87,26.97,26.67,26.40,26.40,26.13,26.33,25.83,25.53,25.23,25.23,24.87,24.87,24.07,24.10,24.20,24.53,24.63,25.00,24.27,24.53,24.23,24.23,23.77,24.10,24.10,24.27,24.33,24.03,24.00,24.17,24.17,24.47,24.30,24.30,23.97,23.80,23.73,23.93,24.20,24.20,23.20,22.63,21.73,20.77,20.37,18.87,18.70,18.47,18.53,18.63,18.63,18.33,18.13,18.33,18.50,18.43,17.63,18.27,18.03,18.17,17.97,17.97,17.90,17.87,18.00,18.00,18.17,18.50,18.50,18.30,18.13,18.07,17.70,18.07,18.70,18.73,18.73,17.70,18.00,18.10,18.97,18.80,18.47,18.47,18.60,18.80,18.80,18.80,18.97,18.83,18.30,18.30,18.33,18.33,18.20,18.17,18.10,18.23,18.33,18.43,18.23,18.23,18.23,18.17,17.70,17.63,18.20,18.17,18.17,17.87,18.20,18.33,18.33,18.00,18.00,17.80,17.97,17.97,17.97,17.67,17.67,18.30,18.30,18.13,18.13,17.97,18.43
18.43,18.40,18.40,18.63,18.63,18.63,18.93,18.83,18.93,17.70,19.00,18.63,18.33,18.33,18.73,18.77,18.73,18.90,19.17,19.30,19.33,19.87,20.97,21.17,21.30,21.73,22.60,24.97,25.03,26.33,27.10,27.10,27.10,27.80,27.80,27.17,26.67,26.07,26.07,25.07,25.23,24.87,24.93,24.87,24.93,24.07,24.07,24.17,24.40,24.53,25.00,24.03,24.60,24.30,24.63,24.30,24.47,24.47,24.50,24.33,24.00,24.00,24.17,24.17,24.43,24.27,24.27,23.40,23.40,23.23,23.33,23.53,23.97,23.20,22.40,21.73,20.77,20.37,18.87,18.53,18.23,18.13,18.27,18.57,18.23,17.93,18.13,18.67,18.67,18.63,18.63,18.07,18.07,17.97,17.93,17.90,17.73,18.13,18.50,18.50,18.53,18.50,18.50,18.23,18.13,18.00,17.77,18.73,18.73,18.73,17.67,17.90,18.00,18.10,18.57,18.60,18.60,18.67,18.80,18.80,18.57,18.27,18.10,18.83,18.33,18.33,18.20,17.93,17.93,17.93,18.23,18.43,18.43,18.37,18.23,18.17,18.23,18.23,18.20,18.67,18.20,18.17,17.87,17.97,18.07,18.33,18.50,18.07,18.07,18.07,18.67,17.67,17.47,17.43,18.30,18.17,17.93,17.67,17.97,18.03
18.80,18.93,18.93,18.83,18.73,18.73,19.20,19.10,19.20,19.00,19.03,19.00,18.37,18.53,18.73,18.97,19.13,19.37,19.73,20.10,20.10,20.97,21.77,22.23,22.23,23.03,24.97,25.30,26.27,27.33,27.37,27.80,28.73,28.50,27.80,27.37,27.20,26.13,26.10,25.07,25.03,24.80,24.93,24.93,24.93,24.20,24.07,24.17,24.17,23.80,23.80,23.83,24.03,24.30,24.63,24.47,24.47,24.47,24.33,24.33,23.93,23.87,24.00,24.17,24.43,24.17,24.27,22.97,23.40,23.33,23.33,23.53,23.53,23.20,21.87,21.40,21.00,19.63,18.53,18.53,18.43,18.23,18.27,18.13,18.23,17.93,18.67,18.77,18.67,18.63,18.47,18.07,18.03,18.07,17.97,18.13,17.73,17.87,18.17,18.50,18.63,18.63,18.73,18.40,18.27,18.00,18.27,18.73,19.10,18.73,18.40,17.90,17.90,17.90,17.90,18.17,18.40,18.77,18.80,18.73,18.57,18.07,18.10,18.10,18.13,17.70,17.70,17.73,17.87,17.87,18.23,18.43,18.43,18.43,18.37,17.70,18.23,18.23,17.70,17.70,18.13,18.13,17.97,18.07,18.10,18.17,18.17,18.07,18.07,18.07,17.87,17.67,17.67,17.47,17.63,18.13,18.13,18.03,18.03,18.03
18.80,18.80,18.90,18.63,18.73,18.83,19.33,19.17,19.20,19.17,19.30,19.30,18.63,18.67,18.97,19.13,19.77,20.13,20.73,20.73,20.80,21.60,22.23,22.97,23.60,24.23,25.30,26.27,27.33,27.40,27.77,28.20,28.97,28.73,28.50,27.47,27.77,27.70,27.33,26.20,25.73,25.67,25.67,25.50,24.97,24.97,24.17,23.80,23.57,23.47,23.33,23.40,23.83,24.03,24.27,23.90,23.90,23.90,24.07,24.07,24.07,23.87,23.93,23.87,24.43,23.80,23.80,23.70,23.70,23.40,23.80,23.63,23.53,22.40,21.40,21.00,19.63,18.57,17.80,18.43,18.43,18.57,18.57,18.57,18.70,18.23,18.70,18.60,18.60,18.63,18.47,18.57,18.07,18.57,18.50,18.37,17.73,17.87,18.13,18.63,18.63,18.63,18.40,18.23,18.27,18.50,18.50,18.73,18.17,18.47,18.40,18.40,18.40,17.87,17.90,17.90,18.40,18.43,18.77,18.73,18.73,18.27,18.40,18.10,18.10,17.70,17.90,17.77,17.90,18.00,18.43,18.67,18.43,18.40,17.97,17.97,18.37,18.67,18.37,18.67,18.20,18.70,18.20,18.70,18.07,18.17,17.63,18.00,18.00,18.00,18.37,18.57,18.10,18.10,17.63,18.17,18.17,18.03,18.03,18.03
18.80,19.73,20.03,19.17,19.17,19.40,19.97,19.40,19.67,20.20,20.20,20.40,20.00,20.00,19.77,19.83,21.27,21.17,21.27,21.60,21.90,22.53,23.00,24.50,24.50,25.60,26.33,27.37,27.40,27.77,28.20,28.67,28.97,28.97,28.67,28.23,28.23,28.23,27.93,27.40,26.63,26.37,25.67,24.90,24.77,24.90,24.77,23.80,23.70,23.70,23.47,23.40,23.40,23.63,23.30,23.70,23.90,23.90,23.90,23.90,24.17,24.17,24.77,24.33,24.60,24.20,24.10,24.10,23.77,23.80,24.10,24.10,23.63,22.00,20.43,20.37,18.80,18.57,17.80,18.57,18.70,19.07,19.07,18.93,18.70,18.67,18.70,18.20,18.47,18.47,18.47,18.63,18.57,18.57,18.37,18.37,17.97,17.97,18.33,18.73,18.73,18.73,18.40,18.17,18.17,18.27,18.53,18.60,18.60,18.70,18.47,18.43,17.77,17.87,17.87,17.90,17.93,18.23,18.43,18.67,18.73,18.00,18.00,17.93,18.00,17.97,17.97,17.97,18.00,18.43,18.63,19.03,19.03,19.03,17.93,17.93,17.93,18.07,18.37,18.73,18.87,19.17,18.90,18.93,18.70,18.17,17.63,17.90,18.00,18.00,18.37,18.57,18.10,18.10,18.10,18.40,18.33,18.33,18.03,17.77
19.73,20.27,20.23,20.23,20.50,20.63,20.63,20.83,20.93,20.93,20.93,21.33,21.33,21.70,21.70,21.70,21.70,21.70,21.97,23.37,23.53,23.53,24.50,25.63,26.33,27.17,27.27,27.40,27.77,28.20,28.23,28.67,28.73,28.73,28.67,28.53,28.37,28.37,28.37,27.93,27.40,26.63,26.30,25.50,24.90,24.77,23.93,23.80,23.80,23.57,23.33,23.33,23.40,23.40,23.30,23.87,23.87,23.87,23.63,24.17,24.63,24.63,24.77,24.33,24.33,24.23,24.20,24.20,23.80,23.87,24.13,24.13,23.43,22.07,20.40,19.23,18.83,18.67,18.80,18.63,18.70,19.07,19.10,19.03,18.50,18.47,18.47,17.87,17.87,17.87,18.47,19.33,19.33,18.60,18.43,17.97,17.97,18.50,18.50,19.10,18.73,18.73,18.57,18.17,18.17,18.43,18.43,18.43,18.17,18.37,18.37,17.77,17.67,17.77,17.87,17.93,18.23,18.23,18.37,18.53,18.93,18.67,18.00,17.93,17.53,17.97,18.03,18.17,18.17,18.43,18.43,18.60,18.43,17.93,17.57,17.93,17.97,18.80,18.73,18.87,18.67,18.90,18.67,18.07,18.07,18.07,17.93,17.90,17.93,17.90,18.87,18.57,18.57,18.10,18.20,18.47,18.20,18.60,17.87,17.77
20.47,21.07,21.07,21.07,21.17,21.50,21.73,22.07,22.07,22.07,21.33,21.87,21.87,22.13,22.27,22.13,21.97,22.47,23.77,24.40,24.40,26.10,26.10,26.67,27.33,27.33,28.00,28.17,28.20,28.33,28.43,28.87,28.87,28.73,28.70,28.80,28.80,28.47,28.47,28.33,27.97,27.63,26.37,25.53,25.53,24.77,24.53,23.97,23.93,23.80,23.43,23.53,23.67,24.00,23.70,23.87,23.87,23.87,24.07,24.60,24.70,24.63,24.50,24.33,24.30,24.30,24.30,24.27,24.10,23.87,23.77,24.50,23.43,22.07,20.73,19.47,18.83,18.57,18.80,18.63,18.80,18.80,18.80,18.07,18.13,18.13,18.47,18.13,18.13,17.93,18.20,18.87,19.07,18.43,18.43,18.37,18.40,18.40,18.50,18.50,18.60,18.73,18.63,18.63,18.63,18.43,18.43,18.43,18.37,18.37,17.93,17.93,17.77,17.90,17.90,17.93,18.23,18.33,18.53,18.53,18.67,18.00,17.93,17.93,17.93,18.13,18.30,18.43,18.77,18.77,18.63,18.60,18.03,17.93,17.80,17.93,17.93,17.93,18.60,18.60,18.60,18.63,18.63,18.07,18.07,17.67,17.63,17.63,18.47,18.47,18.93,17.87,18.73,17.67,18.20,18.20,18.20,18.43,18.23,18.23
21.67,21.67,21.70,22.10,22.13,22.13,23.10,23.10,22.67,22.60,22.67,22.67,22.67,23.53,23.60,24.33,24.33,25.43,25.83,26.13,26.13,26.13,26.67,26.73,27.73,27.60,28.07,28.00,28.57,28.43,28.43,28.93,29.17,28.87,28.70,28.27,28.37,28.37,28.47,28.47,28.60,28.53,27.63,26.60,25.63,25.57,25.03,24.53,24.47,24.47,23.53,24.13,24.00,24.13,24.00,23.77,23.77,23.77,24.07,24.23,24.27,24.43,24.43,24.43,24.30,24.63,24.63,24.40,24.23,24.03,24.03,24.37,23.43,22.20,20.73,19.60,19.20,18.67,18.67,18.67,18.80,19.13,18.80,18.07,18.13,18.47,18.47,18.53,17.93,17.93,18.10,18.60,18.60,18.43,18.43,18.57,18.57,18.57,18.60,18.60,18.47,18.30,18.63,18.63,18.63,18.43,18.30,18.40,17.93,17.93,17.50,17.93,18.07,18.07,17.90,17.93,18.07,18.33,18.53,18.53,18.73,18.33,18.20,17.57,17.53,17.97,18.13,18.30,18.07,18.17,18.07,18.10,17.90,17.60,17.50,17.93,18.10,18.37,18.37,18.03,18.50,18.50,18.37,18.07,18.07,18.07,17.67,17.63,17.67,18.07,18.97,18.07,19.13,17.73,18.20,18.20,18.43,18.77,18.37,18.37
22.30,22.63,22.70,23.20,23.40,23.40,23.57,23.63,24.00,24.30,24.33,24.33,23.87,25.20,25.53,25.53,25.47,25.83,26.77,26.77,27.17,26.73,26.93,27.57,28.03,28.07,28.57,28.90,28.90,28.67,29.43,29.17,29.23,28.97,29.03,28.87,28.87,28.70,28.70,28.90,29.00,29.00,28.60,27.77,27.43,25.97,25.67,25.20,25.60,25.20,24.83,24.70,24.13,24.43,24.13,23.77,23.77,24.07,24.07,24.23,23.93,24.27,24.40,24.47,24.63,24.67,25.20,25.23,24.73,24.30,24.13,24.37,24.37,22.63,20.73,19.47,19.47,18.67,18.67,18.67,18.80,18.80,18.63,18.37,18.37,18.57,18.57,18.53,18.20,18.20,18.20,18.10,18.10,18.17,18.90,18.77,18.40,18.40,18.60,18.83,18.30,18.30,18.50,18.50,18.50,18.43,18.43,18.43,18.03,17.93,17.50,17.93,18.13,18.13,18.07,18.07,18.73,18.53,18.57,18.53,18.57,17.57,17.97,17.97,18.00,17.97,18.07,18.40,18.07,18.10,18.03,18.03,17.60,17.60,17.90,18.40,18.10,17.93,17.63,17.77,17.90,18.50,18.50,18.37,18.27,17.97,17.67,17.67,17.80,17.90,18.67,18.07,18.73,17.87,18.73,18.33,18.43,18.43,18.23,18.23
23.23,23.23,23.23,23.60,23.93,24.37,24.37,25.03,25.20,25.23,25.77,25.77,26.33,26.47,26.33,26.07,25.60,26.20,26.77,27.17,27.30,27.80,27.70,27.70,27.80,28.07,28.33,28.57,28.57,28.70,29.43,29.17,29.23,28.97,29.03,28.87,28.87,28.77,28.77,29.00,29.00,29.30,29.00,28.87,28.27,28.17,25.97,25.93,26.53,26.27,25.60,25.17,24.73,24.43,24.43,24.43,24.33,24.33,23.93,23.57,23.57,24.23,24.67,24.83,24.83,24.83,25.33,25.33,25.23,24.30,24.30,24.40,24.40,22.73,20.73,19.47,19.47,19.17,18.87,18.60,18.60,18.63,18.63,18.37,18.37,18.73,18.83,18.43,17.73,17.63,17.83,17.83,18.20,18.60,18.90,18.30,17.77,18.40,18.47,18.83,18.30,18.03,18.30,18.37,18.10,17.97,18.53,18.53,18.27,18.03,17.93,18.07,18.07,17.90,17.83,17.83,17.80,18.07,18.33,18.33,18.57,17.50,17.97,18.00,18.10,17.53,17.47,17.53,17.93,18.00,18.00,17.37,17.53,17.90,17.90,18.10,18.37,18.37,17.70,17.77,17.80,18.37,18.37,18.37,18.40,18.60,18.63,17.90,17.80,18.07,18.43,18.30,18.30,18.23,19.23,18.77,18.77,18.13,18.10,17.97
24.47,24.23,24.23,24.63,24.80,25.03,25.20,25.50,25.60,25.60,25.93,26.43,26.47,26.53,26.87,26.87,26.90,27.37,27.17,27.63,27.30,27.63,27.53,27.90,27.90,28.07,28.33,28.70,28.93,29.03,29.57,29.03,29.03,28.97,29.03,28.87,28.83,28.83,28.80,29.23,29.17,29.63,29.37,29.30,28.87,28.80,28.80,28.53,28.23,27.03,26.83,26.30,26.30,26.30,25.13,25.00,24.97,24.47,24.47,23.93,23.93,24.67,24.93,24.93,25.03,25.63,25.63,25.77,25.40,24.53,24.40,24.53,24.53,23.00,21.47,19.47,19.47,19.17,18.87,18.33,18.33,18.57,18.33,18.60,18.57,18.73,18.77,18.23,17.63,17.63,18.20,17.87,17.87,17.87,18.03,17.87,17.27,18.40,18.47,18.90,18.37,18.03,18.10,18.50,18.23,17.93,17.93,17.73,18.13,18.13,18.27,18.20,18.13,17.83,17.83,18.13,18.73,18.13,18.33,18.07,17.53,17.53,17.97,18.00,18.10,18.00,17.47,17.47,17.50,17.57,17.57,17.37,17.37,17.53,18.17,18.40,18.67,17.70,17.60,17.77,17.83,17.90,18.43,18.67,18.43,18.40,18.40,18.17,18.00,18.00,18.43,18.30,18.23,18.03,18.33,18.27,18.27,18.13,17.97,17.00
24.63,24.80,24.80,24.87,25.17,25.73,25.80,25.60,25.53,25.53,25.77,26.43,26.53,26.87,26.90,26.90,27.20,27.37,27.20,27.63,27.83,27.83,27.83,28.13,28.20,28.47,28.33,28.47,28.70,28.70,29.03,29.03,29.03,28.97,28.83,28.83,28.83,29.40,29.03,29.30,29.03,29.33,29.77,29.77,29.53,29.53,29.53,29.50,28.53,28.53,28.40,28.67,27.43,26.63,26.50,25.97,25.67,25.63,25.63,25.63,25.37,25.37,25.37,25.40,25.63,25.63,25.63,25.77,25.27,25.27,24.53,24.83,24.53,23.83,21.77,19.40,19.27,18.40,17.90,17.77,18.30,18.30,18.33,18.33,18.93,19.27,18.90,18.23,17.77,17.63,17.83,17.87,17.90,18.20,18.03,18.03,17.50,18.30,18.40,18.40,18.03,17.80,17.77,18.23,18.23,17.93,17.93,17.73,18.27,18.27,18.30,18.10,18.10,17.80,18.37,18.13,17.97,17.97,18.33,18.33,17.53,17.50,17.83,18.10,18.17,18.17,17.47,17.47,17.47,17.97,17.97,17.93,17.93,18.17,18.23,18.23,18.67,17.97,17.83,17.83,17.83,17.90,17.87,18.67,18.40,18.40,18.37,18.27,18.00,17.97,18.00,17.83,18.03,18.03,18.27,18.23,18.23,18.13,17.97,17.97
25.30,25.10,25.03,25.03,25.13,25.73,25.73,25.73,25.53,25.53,25.93,26.53,26.97,27.00,27.00,27.27,27.40,27.77,27.77,27.70,27.70,27.60,27.60,27.90,28.20,28.63,28.63,29.00,29.10,29.10,29.13,29.13,29.07,29.07,29.03,29.27,29.03,29.40,29.20,29.63,29.33,29.80,29.80,29.60,29.53,29.73,30.07,30.10,30.10,29.37,29.37,29.43,28.90,28.67,27.30,26.87,26.87,26.20,27.03,26.43,26.43,26.27,26.27,26.17,26.03,26.97,26.97,26.97,26.50,26.00,25.67,25.57,25.43,24.40,22.90,20.27,19.40,18.40,17.90,18.30,18.30,18.43,18.30,18.30,18.53,18.53,18.63,18.10,17.93,17.73,17.90,18.13,18.13,18.13,17.87,17.97,17.97,17.97,18.20,18.37,18.37,18.63,18.63,18.63,18.40,18.23,17.90,17.73,17.73,18.37,18.37,17.87,18.03,18.17,18.37,18.47,18.60,17.97,19.00,18.33,18.33,17.60,17.83,17.83,18.13,18.17,18.13,18.13,17.20,17.57,17.57,17.57,17.70,18.17,18.27,18.27,18.23,17.47,17.83,17.83,17.87,17.90,18.43,18.90,18.77,18.63,18.37,18.17,17.97,17.83,17.97,17.63,17.63,17.23,18.07,18.23,18.23,18.23,17.80,17.73
25.30,25.30,25.00,25.07,25.13,25.80,25.73,25.80,25.97,26.30,25.97,26.67,27.00,27.30,27.00,26.93,27.27,27.40,27.57,27.70,27.70,27.60,27.77,28.27,28.43,28.83,28.63,29.07,29.10,29.10,29.13,29.43,29.30,29.30,29.23,29.73,29.40,29.40,29.40,29.87,29.60,29.80,29.80,29.77,29.77,29.97,30.50,30.57,30.83,30.57,30.27,30.27,29.80,29.80,28.47,27.80,27.80,27.80,28.07,27.37,27.10,26.70,26.93,26.70,26.93,27.07,27.33,27.07,26.97,26.93,26.73,26.40,25.70,25.43,22.90,20.50,19.40,18.77,18.50,18.77,18.50,18.30,18.27,18.27,18.53,18.57,18.63,18.10,17.93,17.83,17.90,18.13,18.13,18.20,17.53,18.20,17.53,17.97,17.27,17.80,18.23,18.60,17.77,17.83,18.40,18.40,17.90,17.77,18.23,18.23,17.77,17.77,17.97,18.17,18.17,18.33,18.33,18.53,18.53,18.47,18.33,17.60,17.83,17.97,18.13,18.00,18.00,18.13,17.73,17.73,17.67,17.67,17.93,18.50,18.60,18.23,18.23,17.97,17.97,17.97,18.00,18.13,18.73,18.43,18.43,18.37,17.90,17.90,17.97,18.00,17.97,17.83,17.83,18.07,18.23,18.23,18.17,18.03,18.03,18.20
25.10,25.23,25.10,25.23,25.13,25.67,25.70,26.23,26.23,26.30,26.67,26.70,26.80,27.50,27.50,26.63,26.63,27.40,27.53,27.53,27.57,27.60,27.77,28.27,28.43,28.57,28.53,28.87,28.87,29.10,29.50,29.67,29.50,29.30,29.90,29.90,29.90,29.73,29.70,30.07,29.87,30.30,29.80,29.80,29.80,30.80,31.03,31.03,31.07,31.13,30.43,30.53,30.53,30.33,29.53,29.20,28.47,28.73,28.73,28.63,28.23,28.17,27.80,27.63,27.73,27.73,27.93,27.93,27.33,27.23,26.93,26.73,26.40,25.70,23.47,21.27,19.63,19.13,18.67,18.97,18.67,18.80,18.27,18.43,18.53,18.57,18.53,18.50,18.10,18.43,18.27,18.13,18.07,18.13,17.53,18.27,17.53,18.17,17.23,17.70,17.73,18.23,17.60,17.60,18.13,18.13,18.13,18.23,18.23,18.33,17.87,18.10,17.97,18.03,17.97,18.13,18.03,18.53,18.13,18.37,18.37,18.33,18.20,18.20,18.20,18.13,19.03,18.57,17.73,17.57,17.57,17.23,17.70,18.37,18.60,18.23,17.77,17.63,17.63,18.13,18.37,18.40,18.73,18.40,18.83,18.43,17.90,17.87,17.87,18.00,18.00,18.00,18.07,18.07,18.23,18.20,18.23,18.03,18.17,18.20
24.60,24.97,24.73,25.60,25.30,25.67,25.70,26.23,26.17,26.17,26.07,25.67,25.67,26.17,26.63,26.20,26.20,26.20,27.43,27.17,27.17,27.17,27.93,28.27,28.43,28.53,28.53,28.70,28.70,28.87,29.50,29.53,29.60,29.97,30.13,29.97,30.07,30.07,30.20,30.20,30.07,30.20,30.03,30.57,30.57,30.80,30.93,31.07,31.07,31.60,30.53,30.57,30.57,30.57,30.10,29.87,29.80,29.80,29.80,29.40,28.63,28.63,28.67,28.83,28.57,28.50,28.53,28.10,27.93,27.77,27.23,26.53,26.40,25.70,23.33,21.27,19.40,19.13,18.97,19.13,18.60,18.60,18.53,18.53,18.53,18.80,18.90,18.93,18.50,18.50,18.27,18.27,18.27,18.47,18.57,18.27,17.57,18.17,17.70,18.60,18.23,17.73,17.70,17.60,18.13,18.13,18.13,18.07,18.23,18.23,17.77,17.77,17.73,17.73,17.73,17.67,17.93,18.03,18.13,18.23,18.23,18.20,18.50,18.20,18.77,17.97,18.00,18.00,17.73,17.63,17.67,18.10,18.40,18.37,18.33,18.23,17.83,17.77,17.63,18.13,18.37,18.40,18.27,18.27,17.90,17.90,17.87,17.73,17.63,17.63,18.00,18.07,18.30,18.20,18.20,17.90,18.17,18.03,18.17,18.20
24.03,24.47,24.47,25.13,25.13,25.13,25.30,25.40,25.57,25.57,25.57,25.47,25.13,25.67,25.73,25.83,25.33,25.83,25.33,25.90,25.40,26.30,26.30,27.93,27.93,28.50,28.57,28.70,28.77,29.53,29.53,29.53,29.60,30.03,30.13,29.97,30.10,30.07,30.10,30.20,30.30,30.83,31.00,31.13,31.13,31.13,30.80,30.80,30.73,31.13,31.03,31.13,31.03,31.03,30.60,30.10,30.10,30.17,30.10,29.53,29.13,29.13,29.13,28.97,28.77,28.57,28.53,28.50,28.20,28.10,27.77,27.60,26.40,25.90,23.33,20.07,19.40,19.17,18.67,18.40,18.20,18.60,18.77,18.77,18.50,18.50,18.90,18.90,18.50,18.50,18.43,18.47,18.47,18.47,18.40,17.90,17.67,17.90,18.17,18.43,18.20,18.10,18.00,17.80,18.00,18.13,18.13,18.40,18.07,18.07,17.53,17.53,17.37,17.73,17.73,17.30,17.47,18.03,18.23,18.23,17.97,18.20,18.23,18.53,18.77,18.10,17.83,17.70,17.63,17.90,18.07,18.10,18.10,18.17,18.17,18.33,17.97,17.63,17.63,18.10,18.87,18.87,18.27,18.27,19.13,19.10,18.67,17.87,17.87,17.63,18.07,18.23,18.33,18.30,17.90,17.73,17.80,17.80,18.17,18.17
22.13,23.83,23.87,24.03,24.03,24.60,24.60,24.60,25.23,24.57,24.23,24.50,24.23,24.50,25.00,25.00,25.00,24.13,24.27,24.13,24.27,25.00,25.40,25.90,26.40,27.60,27.83,28.70,28.70,29.33,29.53,29.53,29.90,29.90,29.90,29.70,30.07,29.83,29.87,29.87,29.87,30.83,30.90,31.13,31.13,31.13,30.43,30.70,30.73,31.53,31.23,31.57,31.03,31.13,30.97,30.23,30.20,30.47,30.47,29.67,29.50,29.37,29.13,28.97,28.77,28.97,28.50,28.50,28.43,28.23,27.87,27.60,26.40,24.67,21.80,19.70,19.40,19.17,18.40,18.37,18.20,18.60,18.60,18.50,18.23,18.40,18.90,18.90,18.33,18.13,18.13,18.47,18.50,18.47,18.13,17.90,17.83,18.33,18.43,18.80,18.80,18.10,18.07,17.80,18.00,17.87,17.87,17.93,18.07,18.07,17.77,17.77,18.50,17.97,17.47,17.30,17.43,17.37,17.70,17.97,17.70,17.93,17.93,18.03,18.10,17.83,17.70,17.47,17.50,17.63,17.63,18.10,18.10,18.23,17.97,18.17,18.03,18.10,17.63,17.80,17.80,18.27,18.67,18.67,18.80,19.10,18.77,18.33,18.07,18.07,18.07,18.23,18.23,18.33,17.73,17.90,17.73,18.30,18.17,18.30
21.73,22.13,22.33,23.47,22.83,23.47,23.87,23.90,23.43,22.90,22.90,22.90,23.33,22.33,23.47,23.83,23.83,23.77,23.63,23.53,23.53,23.53,24.00,24.77,25.20,26.30,27.63,28.83,29.03,29.73,29.87,29.43,29.43,29.30,29.70,29.70,30.10,30.10,29.90,29.87,29.90,30.83,30.90,31.00,31.13,30.47,30.47,30.70,31.07,31.53,31.23,31.07,31.03,31.03,30.57,30.53,30.47,30.47,30.10,29.67,29.50,29.20,29.13,29.20,28.77,28.27,28.17,28.27,28.23,28.23,27.70,27.60,26.27,24.90,21.80,19.70,19.63,19.50,18.83,18.83,18.20,18.57,18.57,18.57,18.23,18.23,18.80,18.80,18.17,18.13,18.23,18.33,18.40,18.40,18.10,18.10,18.10,18.43,18.43,18.43,18.17,18.10,18.07,18.10,18.43,18.47,18.47,18.40,17.93,17.93,17.53,18.10,18.10,17.97,17.97,17.43,17.43,17.37,17.70,18.27,17.70,17.60,17.53,18.03,18.10,18.53,18.10,17.70,17.47,17.50,17.50,17.50,18.10,18.23,18.17,18.10,17.97,18.03,17.93,17.80,17.80,18.10,18.67,18.67,18.80,19.10,18.67,18.53,18.33,18.33,18.07,18.33,17.80,17.90,17.90,17.90,17.73,18.83,18.53,18.53
21.30,21.73,21.73,21.63,21.53,21.63,21.80,22.57,22.33,21.97,21.77,21.50,21.53,21.53,21.53,20.83,20.83,21.67,21.67,21.07,20.87,20.47,21.40,22.50,23.30,25.20,25.80,27.83,28.23,29.03,29.33,29.33,29.47,29.30,29.47,29.90,30.17,30.50,30.17,29.90,29.90,30.67,30.90,31.17,31.33,30.53,30.53,30.73,31.23,31.53,31.20,30.73,30.70,30.70,30.57,30.57,30.53,30.50,30.47,30.13,29.57,29.33,29.27,29.27,29.27,28.87,28.50,28.27,28.43,28.27,27.70,27.33,26.17,24.90,21.80,19.77,19.63,19.13,18.90,18.90,18.90,18.20,18.20,18.23,18.23,18.57,18.93,19.10,18.00,18.00,18.00,18.13,18.47,18.47,18.03,18.00,18.10,18.43,18.43,18.43,18.07,18.07,17.57,18.43,18.47,18.77,18.47,17.93,17.93,17.93,18.50,18.50,18.43,18.10,18.40,17.57,18.40,17.37,18.10,18.33,18.33,17.53,17.50,17.77,17.77,18.00,18.00,18.00,17.50,17.50,17.50,17.50,18.10,18.37,18.23,18.10,17.93,18.10,18.03,18.13,17.80,18.17,18.43,18.27,18.17,18.10,18.30,18.30,18.23,18.23,18.33,18.33,17.80,17.83,17.90,18.50,18.50,18.83,18.17,17.73
19.47,20.17,20.60,20.60,20.13,20.13,20.37,20.37,20.30,20.30,20.63,20.63,20.57,20.17,20.03,20.03,18.97,19.10,19.63,19.63,19.90,19.90,20.23,21.23,22.33,22.93,25.20,25.80,28.23,28.73,28.93,29.23,29.47,29.27,29.47,29.43,30.17,30.50,30.17,30.13,30.17,30.90,31.13,30.90,30.90,30.73,30.73,31.07,31.60,31.57,31.20,30.73,31.07,30.27,30.57,30.63,30.63,30.50,30.13,29.60,29.43,29.00,29.20,29.27,29.53,29.37,29.10,28.27,28.27,28.27,27.63,27.40,26.17,25.07,22.43,20.00,19.63,18.73,18.90,18.73,18.20,18.20,18.20,18.57,18.57,18.57,18.57,18.93,18.80,18.00,18.00,18.03,18.10,18.03,18.03,18.00,18.10,18.43,18.43,18.57,18.50,18.50,18.10,18.43,18.47,19.00,18.63,18.63,18.93,18.50,17.83,18.10,18.10,18.37,18.37,17.77,18.40,17.77,18.53,18.33,18.53,17.90,17.53,17.77,17.77,17.77,17.70,17.70,17.70,17.57,17.57,17.57,17.77,18.10,18.20,18.20,17.93,18.13,18.13,18.13,17.83,18.17,18.43,18.43,18.27,18.10,18.30,18.53,18.73,18.37,18.37,18.33,17.83,17.83,18.50,18.53,18.50,18.50,17.77,17.73
19.43,19.43,19.47,19.20,19.20,18.97,18.97,18.40,18.40,18.30,19.33,19.73,19.73,19.73,19.10,18.67,18.63,18.73,18.97,19.10,19.63,19.80,19.73,20.20,20.07,21.47,22.47,25.67,26.87,28.13,28.73,29.23,29.50,29.47,29.47,29.43,30.03,30.03,29.83,29.73,29.73,30.23,30.53,30.60,30.83,30.83,30.83,31.50,31.60,31.57,31.20,30.93,31.23,30.97,30.97,30.83,30.53,30.07,29.70,29.70,29.43,29.33,29.30,29.43,29.43,29.10,29.10,28.67,28.53,28.00,27.80,27.40,26.07,25.63,22.43,19.77,19.60,18.43,18.73,18.53,18.53,18.50,18.10,18.50,18.23,18.57,18.37,18.70,18.37,18.37,18.10,18.00,18.33,18.33,18.33,18.00,18.00,18.30,18.30,18.90,18.57,18.47,18.30,18.47,18.70,18.70,18.63,18.37,18.93,18.93,17.93,17.93,18.43,18.70,18.37,17.77,17.77,17.77,18.10,18.33,18.53,18.00,17.97,17.77,17.77,17.77,17.77,17.83,17.87,17.87,18.13,18.10,18.10,18.10,18.20,18.20,18.23,18.23,18.23,18.13,17.83,18.17,18.77,18.60,18.60,18.17,17.77,18.03,18.37,18.07,18.37,18.23,18.23,18.23,18.50,18.60,18.40,18.37,17.77,17.77
19.27,18.63,18.30,18.30,18.40,18.40,18.40,18.40,18.30,18.30,18.83,18.93,18.93,19.50,19.23,18.90,18.63,18.73,18.73,18.93,19.37,19.37,19.43,19.97,19.43,20.07,20.07,22.27,26.27,27.10,28.73,29.50,29.90,29.50,29.50,29.43,29.57,29.83,29.83,29.83,30.17,30.17,30.50,30.60,30.77,30.83,31.07,31.77,31.77,31.60,31.23,30.93,31.60,31.60,30.97,30.83,30.63,30.07,29.70,29.70,29.33,29.30,29.20,29.97,29.97,29.50,29.37,28.67,27.87,27.87,27.80,27.63,26.20,26.00,22.63,20.00,18.87,18.37,18.37,18.53,18.53,18.77,17.53,18.50,17.93,18.23,17.90,17.87,17.87,18.33,18.33,18.10,18.33,18.43,18.43,18.93,18.80,18.37,18.30,18.50,18.50,18.50,18.50,18.57,18.83,18.70,18.73,18.63,19.07,19.00,18.50,18.47,18.37,18.47,18.03,18.00,17.77,17.77,18.20,18.20,19.17,18.00,17.97,17.53,17.70,17.77,18.30,18.67,18.30,18.27,18.27,18.53,18.67,18.53,18.27,18.20,18.23,17.67,18.23,17.73,17.73,18.17,18.43,18.60,18.60,18.57,18.27,18.27,18.27,18.03,18.33,18.23,18.33,18.23,18.47,18.40,18.37,18.37,18.37,18.37
18.60,18.60,18.30,18.20,18.20,18.40,18.40,18.40,18.30,18.30,18.30,18.67,18.47,18.67,18.47,18.50,18.37,18.50,18.63,18.93,19.03,19.03,19.47,19.47,19.43,19.77,19.33,20.43,22.27,26.50,28.30,29.50,29.83,29.90,29.50,29.50,30.00,30.00,30.07,30.07,30.07,30.17,30.17,30.53,30.77,31.50,31.50,31.77,31.37,31.93,31.23,30.93,30.97,31.70,30.97,30.73,30.13,30.07,29.80,29.80,29.30,29.30,29.43,29.97,29.97,29.47,29.10,28.30,28.03,27.90,27.87,27.77,26.60,26.10,22.80,20.33,18.87,18.37,18.37,18.50,18.50,18.83,18.53,18.77,18.23,18.40,18.23,17.87,17.50,17.30,18.17,18.33,18.33,18.43,18.43,18.93,18.80,18.70,18.10,18.57,18.57,18.57,18.57,18.57,18.70,18.37,18.37,18.33,18.73,18.77,18.50,18.50,18.70,18.70,18.47,18.00,18.03,18.33,18.50,18.33,18.20,18.17,17.87,17.53,17.63,17.80,18.30,18.67,18.30,18.27,18.07,18.53,18.67,18.70,18.67,17.93,17.53,17.67,17.97,17.97,17.97,18.40,18.17,18.43,18.57,18.57,18.27,18.27,18.03,18.03,17.97,17.90,17.80,17.80,18.47,18.37,18.27,17.67,18.07,18.07
18.60,18.60,18.20,18.17,18.17,18.23,18.23,18.67,18.30,18.47,18.43,18.67,18.23,18.43,18.43,18.50,18.23,18.23,18.50,19.07,19.07,19.10,19.10,19.47,18.97,19.20,19.20,19.70,21.80,23.83,28.30,28.73,29.53,29.53,29.53,29.17,30.00,29.73,30.43,30.37,30.27,30.27,30.27,30.60,31.00,31.30,31.33,31.57,31.33,31.57,31.23,31.20,31.10,31.33,31.10,31.00,30.73,30.63,30.47,30.03,29.23,29.23,29.23,29.67,29.50,29.47,29.10,28.80,28.67,28.40,28.40,27.90,26.93,26.10,23.27,20.60,18.87,18.30,18.10,18.10,17.43,18.50,18.40,18.77,17.93,18.40,17.93,17.93,17.30,17.27,17.73,18.20,18.50,18.50,18.33,18.20,18.70,18.70,18.73,18.57,18.73,18.73,18.73,18.33,18.87,18.33,18.13,18.13,18.77,19.10,18.77,18.77,19.00,19.03,18.97,18.47,18.47,18.33,18.50,18.33,18.20,18.17,18.13,17.63,17.63,17.80,18.10,18.10,17.57,17.57,18.07,18.27,18.57,18.70,18.27,17.93,17.87,17.93,17.97,18.37,18.40,18.43,18.93,19.30,18.93,18.77,18.57,18.50,18.27,18.20,17.97,17.13,17.80,17.80,17.97,17.57,17.57,17.67,17.97,18.07
18.23,18.23,18.23,17.97,17.93,18.00,18.23,18.67,18.57,18.47,18.43,18.47,18.67,18.67,18.50,18.43,18.30,18.30,18.77,18.77,18.77,18.43,19.10,19.57,18.97,18.97,18.97,19.70,20.20,22.20,25.07,28.53,28.73,29.07,29.53,29.57,30.00,29.73,30.07,30.23,30.23,30.27,30.43,31.13,31.23,31.30,31.33,31.43,31.33,31.37,31.23,31.20,30.83,30.87,31.00,30.87,30.73,30.63,30.47,30.03,29.47,29.43,29.23,29.43,29.37,29.33,29.10,28.73,28.67,28.53,28.60,28.27,26.93,26.00,23.37,20.60,18.90,18.57,18.13,18.50,18.30,18.40,18.40,18.80,18.80,18.90,18.90,18.60,17.93,17.87,17.80,18.13,18.20,18.33,18.33,18.20,18.40,18.40,18.73,18.73,18.90,18.67,18.00,18.00,18.17,18.37,18.37,18.37,18.87,18.87,18.77,18.77,19.00,19.03,18.97,18.57,18.13,18.13,18.33,18.50,18.50,18.63,18.63,18.13,17.93,17.93,17.97,17.97,17.57,17.87,18.07,18.07,18.27,17.77,17.60,17.60,17.87,18.00,18.13,18.27,18.37,18.40,18.70,19.50,19.10,18.93,18.57,18.30,18.30,18.20,17.70,17.70,17.80,17.83,17.87,17.97,17.60,17.60,17.67,17.97
18.23,18.23,18.23,17.77,18.43,18.23,18.23,18.23,18.67,18.57,18.57,18.70,18.67,18.53,18.67,18.67,18.67,18.77,18.77,18.77,18.43,18.33,18.87,19.57,18.90,18.87,18.83,19.40,19.70,21.80,24.90,28.43,28.60,28.87,29.40,29.57,29.70,29.67,29.90,30.23,30.23,30.23,30.53,31.13,31.13,31.23,31.23,31.43,31.23,31.23,31.20,31.20,30.83,30.03,30.17,30.23,30.30,30.30,30.30,29.93,29.47,29.23,28.87,28.97,29.13,29.13,28.97,28.97,28.60,28.40,28.40,27.83,27.33,26.20,24.67,21.43,18.93,18.83,18.37,18.13,18.23,18.30,18.40,18.80,18.80,18.70,18.67,18.17,17.90,17.87,17.80,17.97,18.13,18.30,18.33,18.30,18.53,18.53,18.73,18.73,18.77,18.33,17.97,18.00,18.57,18.57,18.57,18.77,19.03,19.03,18.73,18.73,18.73,18.77,18.77,18.57,18.33,18.93,18.57,18.93,18.60,18.63,18.63,18.33,18.03,18.03,18.03,18.37,17.97,18.37,18.27,18.07,18.07,17.77,17.73,18.00,18.20,18.13,18.13,17.97,18.27,18.17,18.43,19.43,19.43,19.10,18.57,18.20,18.20,17.70,17.87,18.13,18.20,17.83,17.87,17.97,18.20,17.97,17.97,18.27
17.83,18.23,18.23,18.33,18.43,18.33,18.23,18.07,18.57,18.57,18.57,18.47,18.53,18.53,18.67,18.67,18.67,18.77,18.77,18.63,18.37,18.33,18.87,19.57,19.17,18.87,18.83,19.40,19.43,20.07,24.23,27.37,28.87,29.40,29.57,29.70,29.63,29.70,29.63,29.73,30.17,30.23,30.27,30.97,31.10,31.23,31.43,31.53,31.40,31.20,31.20,30.83,30.83,30.70,30.17,30.23,30.23,30.23,30.30,29.93,29.83,29.23,28.97,28.97,28.97,28.97,28.97,28.73,27.93,27.93,27.83,27.47,27.33,26.87,25.23,21.53,20.00,18.83,18.40,18.20,18.30,18.30,18.50,18.50,18.67,18.67,18.70,18.60,17.90,17.87,17.87,17.97,18.07,18.30,18.30,18.53,18.70,18.73,18.73,18.67,17.97,17.97,17.97,18.00,18.57,18.57,18.93,18.93,18.93,18.60,18.37,17.93,17.93,18.40,18.40,18.77,19.00,19.27,18.93,18.93,18.93,19.13,18.63,18.33,18.03,18.03,18.03,18.13,18.13,18.83,18.83,18.07,18.57,18.07,18.53,18.20,18.60,18.20,17.90,17.87,18.17,18.17,18.17,18.70,18.83,18.83,18.30,17.77,18.30,17.70,18.13,18.13,18.37,17.83,18.37,18.23,18.23,18.00,18.00,18.23
17.50,17.83,17.83,18.33,18.33,18.07,18.03,18.07,18.33,18.33,18.60,18.17,18.53,17.97,18.53,18.67,18.50,18.63,18.57,18.63,18.37,19.33,18.87,19.17,18.83,18.60,18.40,18.57,19.43,20.53,22.70,26.93,28.87,29.40,29.67,29.70,29.70,29.73,29.73,29.90,29.73,30.23,30.27,30.93,30.97,31.10,31.27,31.40,31.07,31.07,30.87,30.80,30.70,30.03,30.17,30.03,30.03,30.03,30.30,30.33,29.50,29.23,28.97,28.87,28.67,28.67,28.67,28.27,27.93,27.93,27.60,27.40,27.33,26.87,26.43,24.57,20.33,19.47,18.40,18.20,18.23,18.50,18.67,18.67,18.80,18.80,18.67,17.90,17.90,17.90,18.07,18.07,17.97,18.10,18.10,18.53,18.73,19.03,19.03,18.73,17.90,17.90,17.97,18.20,18.57,18.57,18.87,18.67,18.67,18.60,18.60,17.93,18.40,19.20,19.20,19.20,19.20,19.27,19.20,19.13,19.13,19.13,18.63,18.33,18.13,18.13,18.13,18.13,18.13,18.50,18.50,18.40,18.07,18.07,18.53,18.20,18.60,17.87,17.87,17.80,17.90,18.17,18.17,18.87,18.83,18.83,18.83,17.77,17.87,17.70,17.87,17.87,18.37,18.23,18.37,17.80,18.20,18.00,18.00,17.57
17.47,17.83,18.30,18.33,18.33,18.10,18.20,18.33,18.30,18.30,18.17,18.17,18.23,18.80,18.80,18.80,18.50,18.80,18.63,18.63,18.27,19.33,18.27,18.60,18.50,18.60,18.60,18.60,18.60,20.07,22.03,24.77,28.20,29.83,30.03,29.43,29.50,29.73,30.00,30.30,30.27,30.23,30.27,30.93,31.10,31.20,31.20,31.20,31.07,31.07,30.33,30.70,30.70,30.70,30.70,30.67,30.03,30.03,29.93,29.93,29.50,29.47,29.30,29.17,28.63,28.43,28.63,28.17,28.03,27.93,27.60,27.47,27.40,27.17,26.43,25.20,21.73,19.70,18.43,18.33,18.40,18.67,18.77,18.77,18.80,18.90,18.80,18.70,18.17,18.53,18.87,18.87,18.50,18.50,18.10,18.60,17.90,18.97,17.87,17.90,17.90,18.07,18.07,18.23,18.30,18.53,18.87,18.43,18.37,18.27,18.27,17.93,17.93,18.40,19.20,19.20,19.20,19.03,19.20,18.97,19.20,18.57,18.47,18.30,18.27,18.13,18.03,17.80,18.33,18.43,18.50,18.40,17.67,18.03,18.07,18.63,18.70,17.80,17.80,17.80,18.23,18.23,18.07,18.07,17.70,17.80,18.47,18.47,18.30,17.50,17.87,18.10,18.23,18.37,18.37,17.80,17.80,17.77,18.00,18.23
17.47,18.10,18.57,18.17,18.17,18.10,18.50,19.03,19.17,18.33,18.23,18.23,18.60,18.80,18.80,18.80,18.63,18.80,18.73,19.07,18.53,18.53,18.27,18.60,18.50,18.60,18.60,18.73,18.73,21.10,22.03,24.77,27.43,28.77,29.37,29.37,29.73,30.23,30.30,30.47,30.47,30.53,30.53,30.93,31.00,31.10,31.10,30.97,30.73,30.97,30.13,30.13,30.33,30.33,30.50,29.97,29.90,29.87,29.80,29.50,29.30,29.30,29.17,28.70,28.40,28.37,28.43,28.27,28.27,27.93,27.60,27.67,27.40,27.17,26.47,26.27,22.17,20.27,18.73,18.43,18.73,18.73,18.77,18.77,18.80,18.90,18.70,18.70,18.17,18.13,18.13,18.80,18.50,18.50,17.90,18.53,17.57,17.63,17.63,18.27,18.20,18.20,17.90,18.07,18.27,18.30,18.43,18.43,18.43,18.37,19.10,18.27,18.13,18.80,19.20,19.20,19.03,18.97,18.97,18.97,18.90,18.47,18.33,18.30,18.30,18.17,18.33,18.33,18.43,18.43,18.57,18.90,18.23,17.93,18.03,18.03,18.63,17.77,18.87,18.07,18.07,18.07,18.30,18.23,17.80,17.80,18.20,18.87,18.47,18.20,18.10,18.20,18.23,18.23,18.20,17.80,17.53,17.53,17.57,18.27
18.13,18.13,18.53,18.33,18.37,18.33,18.50,19.00,19.00,18.77,18.77,18.23,18.63,18.27,18.27,18.63,18.70,18.83,18.87,18.87,18.53,18.27,18.53,18.60,18.60,18.97,19.10,19.40,19.40,20.00,22.03,24.90,27.43,29.27,29.63,29.70,29.70,30.10,30.23,30.30,30.53,30.53,30.53,30.73,30.73,30.97,30.10,30.73,30.73,30.80,30.03,30.13,30.33,30.53,30.50,30.43,29.80,29.80,29.70,29.47,29.30,29.17,29.30,28.53,28.43,28.37,28.43,28.17,28.30,27.60,27.47,27.63,27.40,27.27,26.70,26.47,23.30,21.47,19.70,18.73,18.73,19.10,18.77,18.73,18.30,18.30,18.53,18.70,18.57,18.57,18.43,18.70,18.50,18.50,17.97,18.53,17.70,17.70,17.70,18.27,18.20,18.23,18.17,17.90,17.90,18.27,18.43,18.43,18.33,18.27,18.33,18.37,18.37,18.60,18.60,18.80,18.57,18.97,18.97,18.90,18.17,18.20,18.20,18.30,18.13,18.17,18.13,18.33,18.43,18.43,18.57,19.00,18.40,18.23,18.40,18.63,18.77,18.93,18.30,18.30,18.07,18.07,18.07,18.23,18.07,18.23,18.27,18.43,18.43,18.67,18.20,18.20,18.10,18.23,18.37,18.43,17.53,17.53,18.07,18.27
18.30,18.30,18.53,18.33,18.33,17.83,18.37,19.00,19.07,18.37,18.93,18.37,18.70,18.27,18.40,18.50,18.50,18.70,18.77,18.87,18.73,18.60,18.60,18.77,18.77,19.03,19.40,19.47,20.00,20.33,22.33,25.57,27.20,29.27,29.63,29.80,29.90,30.30,30.60,30.60,30.53,30.70,30.53,30.53,30.10,30.10,30.00,30.10,30.73,30.80,30.20,29.90,29.90,29.97,30.47,30.00,29.80,29.70,29.57,29.43,28.57,28.53,28.53,28.53,28.50,28.40,28.50,28.90,28.30,27.63,27.63,27.73,27.27,27.47,26.70,26.63,24.60,22.43,20.67,19.90,19.07,19.07,18.73,18.40,18.23,18.27,18.27,18.53,18.53,18.43,18.13,18.43,18.50,18.27,17.80,18.53,18.53,18.53,18.27,18.27,18.17,18.07,17.97,17.43,18.27,18.37,18.27,18.37,18.33,18.73,18.37,18.37,18.37,18.60,18.60,18.57,18.57,18.57,18.23,18.23,18.17,18.47,17.93,17.97,17.93,18.17,18.17,18.33,17.73,18.00,18.03,18.47,18.40,18.23,18.23,18.23,18.17,18.17,18.30,18.07,18.07,18.20,18.30,18.37,18.23,18.23,18.27,18.27,18.43,18.47,18.47,18.33,17.77,18.20,18.37,18.37,18.37,18.03,18.03,18.07
18.30,18.30,18.30,18.33,18.37,17.83,18.80,17.87,18.87,17.93,18.63,17.83,18.37,18.37,18.40,18.40,18.40,18.77,18.90,18.90,19.20,18.60,18.70,18.77,18.77,19.03,19.40,19.50,19.53,20.00,22.33,25.57,27.20,29.30,29.70,29.90,29.90,30.03,30.30,30.63,30.63,30.70,30.37,30.37,30.10,30.00,29.60,29.60,29.90,30.30,30.20,30.20,29.77,30.23,29.80,30.00,29.73,29.73,29.53,29.53,29.10,28.53,29.07,28.53,28.53,28.50,28.40,27.97,27.47,27.60,27.47,27.73,27.20,27.27,26.90,26.70,25.00,23.50,20.87,19.93,19.07,19.00,19.00,18.83,18.73,18.30,18.13,18.27,18.13,18.43,18.43,18.43,18.70,18.60,18.60,18.73,18.73,18.53,18.53,18.30,18.13,18.07,18.13,18.13,18.13,18.50,18.37,18.37,18.33,18.60,18.37,18.30,18.37,18.60,18.73,18.57,18.57,18.57,18.60,18.07,18.07,18.03,17.67,18.03,17.33,17.97,17.33,17.53,17.57,17.73,18.03,18.03,18.03,18.23,18.23,18.40,18.33,18.40,18.33,18.33,18.20,18.20,18.00,18.10,18.10,18.27,18.53,18.27,18.30,18.30,18.13,18.33,18.37,18.80,18.37,18.37,18.30,18.17,18.03,17.37
18.30,18.07,18.27,18.27,18.43,17.83,17.83,17.87,17.93,17.93,17.93,17.83,17.87,18.37,18.40,18.47,18.13,18.47,18.77,19.13,19.20,19.00,18.77,18.80,18.80,19.27,19.60,19.70,19.60,20.33,22.93,25.73,28.03,29.27,29.40,29.90,29.90,29.50,30.53,30.53,30.00,30.00,30.00,30.10,29.93,29.80,29.40,29.50,29.90,30.30,30.30,29.63,29.63,29.77,29.77,30.40,29.73,29.53,29.43,28.73,28.60,28.53,28.53,28.80,28.80,28.83,28.40,28.07,27.27,27.40,27.20,27.73,27.20,27.37,26.83,26.83,25.70,24.77,22.43,20.73,19.07,18.83,18.70,18.70,18.83,18.63,18.43,18.43,18.13,18.00,18.00,17.83,18.27,18.10,18.10,18.10,18.00,18.33,18.73,18.47,18.13,18.13,18.40,18.40,18.13,18.13,18.20,18.37,18.40,18.60,18.57,18.30,17.87,18.73,19.20,18.43,17.93,17.93,18.07,18.00,17.83,17.67,17.67,18.03,17.97,17.97,17.33,17.47,17.57,18.00,18.07,18.23,18.03,18.23,17.83,18.23,18.30,18.33,18.33,18.23,18.20,18.20,18.00,17.87,18.10,18.23,18.53,17.70,17.70,17.70,18.13,18.33,18.53,18.53,18.07,17.93,17.93,18.17,17.70,17.37
17.80,18.07,18.27,18.40,18.43,18.40,18.80,18.67,17.93,17.93,17.60,17.83,17.87,18.37,18.37,18.47,18.13,18.47,18.90,18.93,19.20,19.13,19.00,18.97,18.97,19.27,19.13,19.60,19.60,21.73,23.03,25.83,28.07,29.03,29.37,29.57,29.53,29.47,29.50,29.50,29.53,29.43,30.37,30.37,30.37,29.80,29.50,29.20,29.70,29.83,29.83,29.83,29.70,30.07,29.77,30.07,29.53,29.23,28.70,28.67,28.60,28.60,28.53,29.00,28.50,28.80,28.40,27.97,27.80,27.80,27.80,27.90,27.77,27.63,27.20,26.90,26.23,25.20,24.67,21.47,19.93,18.90,18.83,18.63,18.63,18.83,19.20,19.20,18.50,18.30,18.20,17.83,17.90,18.40,18.60,18.60,18.33,18.33,18.30,18.30,18.20,18.27,18.13,18.13,17.67,17.97,18.20,18.20,18.33,18.53,18.53,18.53,18.67,18.73,18.73,17.93,17.93,17.93,18.43,18.20,17.83,18.00,18.03,18.27,18.03,18.03,18.03,17.63,18.00,18.03,18.37,18.40,18.23,18.43,17.97,18.50,18.30,18.33,18.30,18.40,18.43,18.43,18.00,17.87,18.20,18.60,18.60,18.00,17.70,18.00,18.53,18.53,18.53,18.63,18.63,18.07,17.93,17.93,17.57,17.30
17.80,18.07,18.37,18.60,18.43,18.40,18.17,18.67,18.57,18.53,18.20,18.20,18.63,18.90,18.90,18.53,18.33,18.47,18.77,18.77,19.00,19.13,19.33,19.50,19.27,19.27,19.13,19.47,19.73,21.80,24.00,26.90,28.03,28.67,29.33,29.33,29.33,29.23,29.47,29.53,29.53,29.53,29.60,29.80,29.80,29.80,29.90,30.10,29.90,29.70,29.70,29.63,29.63,29.80,29.80,30.00,29.60,28.70,28.67,28.67,28.53,28.50,28.50,28.80,28.50,28.43,28.43,28.07,27.93,27.80,27.80,28.37,28.37,27.63,27.60,26.97,26.37,26.07,25.20,24.30,20.77,19.93,18.87,18.63,18.63,18.83,19.20,19.20,18.50,18.30,17.90,17.90,18.30,18.40,18.50,18.80,18.80,18.80,18.23,18.47,18.27,18.27,18.13,18.13,18.50,17.97,17.97,17.87,17.87,18.13,18.13,18.53,17.93,18.67,17.87,17.93,17.93,17.93,17.97,18.20,18.53,18.27,18.30,18.27,18.03,17.93,18.03,18.00,18.30,18.30,18.40,18.40,18.40,17.97,17.97,18.50,18.33,18.30,17.87,17.50,17.90,18.43,18.50,18.40,18.50,18.60,18.37,17.87,17.87,18.00,18.53,18.37,18.37,18.27,18.27,18.07,17.93,17.93,17.70,17.70
17.73,18.63,18.60,18.60,18.33,18.40,18.33,18.73,18.57,18.57,18.57,18.53,18.63,18.63,18.63,18.53,18.33,18.97,18.97,18.77,18.53,19.27,19.60,19.63,19.60,19.10,18.93,19.50,20.13,21.73,24.20,26.90,28.07,28.67,29.33,29.33,29.33,29.43,29.47,29.97,29.73,29.60,28.93,29.60,29.33,29.33,29.33,29.90,29.90,29.83,30.07,30.07,29.80,29.80,29.87,29.93,29.20,29.20,28.67,28.87,28.50,28.30,28.30,29.10,28.43,28.33,28.33,28.30,27.93,27.80,27.80,28.37,28.47,27.77,27.60,27.10,26.53,26.23,26.07,24.30,23.03,20.40,19.67,19.47,18.97,18.53,18.00,18.30,18.47,18.47,17.97,18.30,18.50,18.57,18.57,19.10,18.80,18.80,19.00,19.00,18.27,18.03,17.50,17.90,17.63,17.97,17.97,17.97,18.13,18.17,18.53,18.97,18.67,18.20,18.20,17.83,18.00,18.00,18.20,18.33,18.50,18.50,18.47,17.70,17.20,17.63,17.93,18.17,18.27,17.73,17.73,17.57,17.97,17.93,17.97,18.33,18.40,18.40,17.80,17.80,17.90,18.43,18.50,18.40,18.20,18.37,18.37,18.03,18.00,18.00,18.63,18.37,18.37,17.97,18.27,17.97,18.13,17.73,17.50,17.27
17.50,18.63,18.63,18.63,18.33,18.87,18.13,18.30,18.13,18.57,18.57,18.53,18.17,18.53,18.53,18.33,18.47,18.83,18.97,18.53,18.53,18.40,19.43,19.63,19.60,19.50,19.50,19.53,20.10,21.80,24.37,26.90,28.13,28.67,28.97,29.27,29.33,29.30,29.20,29.20,29.13,29.10,28.70,28.70,28.73,29.07,29.33,29.90,30.00,30.03,30.07,29.77,29.77,29.77,29.80,29.73,29.20,29.20,28.87,29.13,28.87,28.63,28.63,28.67,28.67,28.40,28.33,28.30,27.83,27.63,27.83,27.83,28.37,27.83,27.57,27.27,26.97,26.37,26.23,24.63,24.07,22.77,20.00,19.53,19.40,19.23,18.87,18.80,18.47,18.30,17.97,17.97,18.53,18.53,18.53,18.33,18.23,18.23,18.67,19.00,18.83,18.40,18.03,18.03,18.50,18.03,18.83,18.17,18.63,18.63,18.63,18.63,18.20,18.20,17.83,17.83,18.00,18.00,17.97,18.33,18.47,18.50,18.37,18.00,17.20,17.93,17.93,18.27,18.27,18.10,17.93,17.63,17.57,17.57,17.67,17.93,18.40,17.80,17.70,17.70,17.70,17.90,17.93,18.50,18.37,18.37,18.10,17.87,17.83,17.83,17.90,18.10,18.37,17.47,17.60,17.73,17.83,18.13,18.03,18.03
18.23,18.57,18.63,18.17,17.87,17.87,17.63,17.77,18.13,18.30,18.17,18.10,17.83,18.30,18.33,18.43,18.43,18.83,18.97,18.87,19.07,18.27,19.37,19.63,19.37,19.63,19.63,19.70,20.13,23.17,24.20,27.20,28.00,28.17,28.63,28.97,29.17,29.17,29.07,29.07,29.03,28.90,28.70,28.73,29.07,29.10,29.13,29.27,30.00,30.03,29.83,29.73,29.70,29.70,29.47,29.47,28.53,29.20,28.87,29.27,28.87,29.13,28.63,28.67,28.50,28.40,28.30,28.30,27.83,27.60,27.60,27.60,27.90,27.83,27.43,27.27,27.27,27.07,26.43,26.10,24.60,23.33,22.07,19.67,19.67,19.53,18.87,18.80,18.63,18.47,18.30,18.17,18.83,19.27,18.93,18.23,18.13,18.33,18.83,19.10,18.83,18.40,18.47,17.90,18.23,18.03,18.40,18.17,18.63,18.63,18.63,18.63,18.20,18.27,17.67,17.50,17.67,18.33,18.33,18.33,18.27,18.47,18.13,18.00,18.00,18.03,18.17,18.17,17.73,17.73,17.73,18.03,18.10,18.23,18.40,17.93,17.90,17.90,17.80,17.80,17.70,17.83,17.90,17.93,17.93,18.03,18.10,18.10,18.03,18.03,18.50,18.10,18.50,17.97,18.10,17.97,18.30,18.23,17.83,17.20
18.30,18.30,18.53,17.87,17.63,17.57,17.57,17.97,18.30,18.33,18.17,18.17,18.17,18.30,18.33,18.40,18.43,18.47,18.87,18.87,19.20,19.07,19.37,19.37,19.37,19.70,19.70,20.30,20.47,23.17,23.77,27.27,28.03,28.13,28.17,28.63,28.80,29.17,29.03,28.83,28.83,28.90,28.90,28.73,28.73,29.07,29.07,29.27,29.27,29.27,29.30,28.97,28.93,28.90,28.53,28.53,28.47,29.33,29.13,29.27,28.77,28.63,28.30,28.30,28.30,28.53,28.53,28.17,27.60,27.60,28.07,28.07,27.90,27.43,27.43,27.43,27.37,26.97,26.50,26.40,26.10,24.60,22.80,21.07,20.13,19.77,18.87,19.33,18.63,18.30,18.30,18.30,18.83,18.93,18.93,18.37,18.37,18.30,18.67,18.83,18.83,18.77,18.50,18.23,18.47,18.23,18.77,18.40,18.53,18.43,17.67,17.67,17.30,18.27,17.47,17.67,17.67,17.70,17.87,18.40,17.87,18.27,18.20,18.13,18.37,18.37,18.40,17.97,17.27,17.93,18.10,18.10,18.20,18.20,18.50,18.20,18.20,17.90,17.77,17.77,17.83,17.83,17.93,18.20,18.20,17.77,17.70,17.83,17.83,17.97,18.10,17.60,18.03,18.03,18.10,18.30,18.30,18.23,17.83,17.17
18.23,18.23,18.27,17.87,17.70,17.33,17.50,17.97,18.33,18.33,18.10,18.10,18.10,17.83,17.90,18.37,18.37,18.03,18.50,18.83,19.20,18.83,19.30,19.27,19.13,19.13,20.30,20.47,20.93,22.20,23.77,28.00,28.13,28.17,28.57,28.57,28.63,29.07,29.07,28.57,28.57,28.53,28.90,28.90,28.90,29.07,29.03,29.17,29.03,29.47,29.30,28.97,28.73,28.73,28.53,28.87,29.60,29.60,29.27,29.20,28.40,28.40,28.30,28.30,27.67,28.17,28.17,28.17,26.87,26.87,27.33,27.60,27.33,27.20,27.40,27.57,27.40,26.97,26.67,26.53,26.40,26.30,24.60,22.07,21.07,20.13,18.63,18.53,18.63,18.27,18.30,18.73,18.77,18.77,18.50,18.37,18.03,18.30,18.77,19.03,19.17,18.17,18.47,18.23,18.77,18.40,18.77,17.83,18.40,17.77,17.67,17.67,17.73,17.80,17.73,17.70,17.67,17.70,18.53,18.53,18.27,18.27,18.13,18.13,18.00,18.40,18.40,17.97,17.23,17.70,18.10,18.23,18.23,18.23,18.50,18.37,18.63,18.20,17.77,17.77,17.70,17.90,18.20,18.23,18.20,18.10,17.77,17.97,17.77,17.97,18.60,17.87,18.03,18.03,18.53,18.67,18.70,18.17,17.43,17.17
17.93,18.30,18.53,18.53,18.27,17.97,17.97,18.30,18.33,18.33,17.80,17.87,17.87,17.70,17.90,17.90,18.37,18.37,18.50,18.50,18.83,19.30,19.67,19.73,19.73,19.93,19.93,20.40,21.40,22.20,25.67,28.13,28.43,28.43,28.70,28.57,28.80,28.90,29.07,28.57,28.33,28.10,28.90,28.43,28.73,28.73,29.03,29.30,29.17,29.47,29.47,29.07,28.93,28.87,28.63,28.47,28.50,29.00,29.00,29.00,28.40,28.37,28.17,28.17,28.17,28.17,27.53,26.87,26.07,25.57,25.77,26.17,27.07,27.07,27.10,27.57,27.40,26.97,26.90,26.80,26.80,26.30,25.43,23.57,21.93,20.63,19.87,18.63,18.63,18.27,18.30,18.57,18.57,18.37,18.30,18.37,18.03,18.30,18.07,18.60,18.60,18.60,18.27,18.27,18.27,18.27,18.77,18.57,18.53,17.77,17.63,17.63,17.47,17.73,17.73,17.70,17.67,17.70,18.53,18.53,18.40,18.20,17.87,17.93,17.93,18.40,18.47,18.40,17.80,17.80,19.00,18.83,18.60,17.93,18.20,18.20,18.37,17.97,17.60,17.77,17.93,17.93,18.07,18.30,18.67,18.23,18.10,17.97,17.77,17.83,17.83,18.20,18.03,17.87,18.03,18.17,18.17,17.43,17.43,17.33
17.93,17.93,18.53,18.53,18.53,18.07,18.30,18.80,18.60,17.93,17.80,17.80,17.63,17.70,17.90,18.10,18.23,18.60,18.50,18.50,18.50,18.83,19.40,19.27,19.20,19.93,19.93,20.40,21.40,22.20,25.70,27.93,28.40,28.70,28.70,28.47,28.23,28.23,29.37,29.37,28.33,28.10,28.33,28.20,28.73,28.73,29.03,29.30,29.43,29.47,29.47,29.20,29.07,29.07,28.87,28.87,28.93,28.80,28.80,28.70,28.40,28.40,28.33,28.37,28.30,28.17,27.10,25.83,24.93,24.37,24.37,25.23,25.70,25.87,26.47,27.57,27.23,27.23,26.90,26.80,26.67,26.60,25.60,25.43,23.27,21.97,19.97,19.20,19.20,18.57,18.70,18.57,18.70,18.53,18.37,18.30,18.20,18.30,18.80,19.03,19.17,18.53,18.53,18.27,18.97,18.27,18.57,18.57,18.40,17.83,17.63,17.90,17.90,18.17,17.80,17.67,17.67,17.67,18.53,18.17,18.17,18.17,17.87,18.33,18.50,18.50,18.47,18.33,18.33,17.80,17.80,18.60,18.60,18.60,18.33,18.07,18.07,17.93,17.23,17.70,17.70,17.90,17.43,18.30,18.57,18.30,18.27,18.20,17.77,17.83,17.97,18.23,18.23,18.20,18.27,18.43,17.57,17.43,17.40,17.33
17.93,18.17,18.53,18.53,18.43,18.07,18.70,18.80,18.70,18.37,18.37,18.37,17.87,17.87,17.90,18.73,18.73,18.90,18.80,18.40,18.40,19.07,19.40,19.37,19.20,19.80,19.93,20.00,21.87,24.00,25.70,27.93,28.43,28.73,28.73,28.47,28.47,28.23,28.80,28.80,28.33,27.97,28.33,28.20,28.20,28.73,28.73,29.30,29.43,29.43,29.43,29.00,29.00,29.00,28.67,28.67,28.80,28.93,28.80,28.70,28.53,28.37,28.33,28.37,28.33,28.17,26.07,25.53,24.37,22.53,22.20,22.20,23.60,24.50,25.70,26.33,26.97,27.23,26.97,26.67,26.43,26.30,25.60,25.43,24.97,23.10,21.97,19.97,19.40,18.57,18.57,18.57,18.70,18.57,18.37,18.53,18.37,18.43,18.43,18.63,18.60,18.53,18.27,18.27,18.27,18.27,18.27,18.53,18.23,18.23,17.63,17.90,17.90,18.97,18.17,17.67,17.67,17.80,17.87,18.17,18.30,18.17,18.30,18.20,18.30,18.20,18.20,17.73,18.20,17.80,17.90,17.90,18.20,18.33,18.20,18.07,18.07,17.93,17.30,17.60,18.07,17.90,17.90,18.30,18.53,18.30,18.37,18.20,18.20,17.97,18.37,18.23,18.20,17.87,17.87,17.67,17.57,17.53,17.43,17.33
18.17,18.17,18.27,18.53,18.27,18.03,18.20,18.60,18.37,18.37,18.37,18.37,18.03,18.20,18.33,18.73,18.77,18.80,18.80,18.70,18.47,18.43,19.20,19.20,19.20,19.20,20.00,20.67,21.83,23.60,27.00,28.20,28.73,28.77,28.77,28.67,28.23,28.20,28.23,28.17,28.17,28.57,28.57,28.50,28.20,28.63,28.73,28.70,28.87,28.87,29.33,28.50,28.57,28.67,28.67,28.73,28.93,28.93,28.80,28.70,28.70,28.70,28.57,28.93,28.93,27.37,25.53,24.43,22.53,21.07,20.73,20.73,22.07,23.03,24.50,25.73,26.33,27.23,27.23,26.93,26.43,26.30,26.00,25.97,25.97,24.97,22.90,21.43,19.70,19.20,18.17,18.17,18.17,18.70,18.37,18.53,18.37,18.43,18.63,18.63,18.63,18.53,18.53,18.53,18.40,18.10,17.67,17.47,17.67,18.23,17.90,18.33,18.17,18.47,18.17,17.87,17.67,17.77,17.87,18.17,18.17,18.07,18.07,18.20,18.20,17.80,17.80,18.20,18.33,18.23,17.93,17.90,18.20,18.33,18.20,18.07,18.07,18.50,17.30,17.30,17.83,17.90,17.90,17.90,17.67,18.27,18.27,17.90,17.57,17.57,17.97,18.00,18.17,18.13,18.13,17.57,17.57,18.00,18.63,18.63
18.27,18.27,18.27,18.33,18.27,18.20,18.20,18.20,18.10,18.10,18.10,18.20,18.20,18.20,18.17,18.17,18.60,18.80,18.80,18.70,18.47,18.43,19.07,18.73,19.23,19.23,19.80,20.70,22.93,25.37,27.00,28.17,28.20,28.73,28.77,28.67,28.53,28.13,28.17,28.13,27.53,28.57,28.57,28.50,28.20,28.53,28.90,28.63,28.87,28.63,28.53,28.53,28.57,28.57,28.53,28.43,28.93,28.93,28.67,28.53,28.57,28.57,28.80,28.97,28.93,27.63,25.97,24.27,21.37,20.40,19.70,19.73,19.83,22.00,22.90,23.87,25.73,26.40,26.93,26.93,26.43,25.93,25.93,25.73,25.33,25.13,24.30,22.77,20.83,19.70,18.93,18.93,18.17,18.30,17.93,18.30,18.23,18.40,18.40,18.37,18.37,18.53,18.53,18.53,18.27,18.27,18.27,17.73,17.73,18.03,18.10,18.17,18.17,18.37,18.37,18.30,17.37,17.77,17.87,18.30,18.30,18.07,18.07,17.77,17.77,17.53,17.37,18.23,18.30,18.30,18.23,17.93,17.97,17.77,17.70,17.67,17.63,17.63,17.30,17.30,17.53,17.83,17.90,17.90,17.73,18.33,18.53,17.90,17.80,17.80,18.17,18.07,18.00,17.97,17.87,17.57,18.00,18.00,18.17,18.63
18.70,18.63,18.03,18.27,18.07,18.33,18.07,18.20,18.07,18.07,18.03,18.03,18.03,18.20,18.33,18.17,18.00,18.60,18.70,18.70,18.47,18.43,19.43,19.23,19.60,19.53,20.50,20.70,22.03,25.37,27.10,27.73,27.73,28.83,28.53,28.53,28.40,28.13,28.13,27.93,27.57,27.57,28.03,28.03,28.07,28.53,28.93,28.63,28.63,28.40,28.53,28.03,28.53,28.43,28.43,28.43,28.67,28.67,28.37,28.37,28.57,28.77,28.97,28.97,28.37,27.70,27.00,23.57,21.37,19.73,18.90,19.13,19.13,19.83,22.00,22.17,24.37,25.73,26.40,26.40,26.37,26.37,26.03,25.97,25.97,25.33,24.30,23.40,21.93,19.93,19.23,18.93,18.17,18.30,18.27,18.27,18.00,18.17,18.30,18.37,19.03,19.10,19.10,18.33,18.33,18.33,18.67,18.03,17.67,17.77,17.90,18.33,18.17,18.37,18.03,18.37,17.83,17.40,17.40,17.77,18.13,18.13,18.13,17.77,17.80,17.80,18.23,18.37,18.57,18.57,18.40,18.27,18.27,17.77,17.67,17.67,17.67,17.70,17.63,17.30,17.37,17.60,17.73,17.73,17.67,18.17,18.17,17.50,17.50,17.57,18.07,18.07,18.13,18.00,17.67,17.67,17.67,17.80,18.00,17.80
18.27,18.27,18.03,18.03,18.07,18.33,18.07,18.03,18.03,18.07,18.10,17.93,17.90,18.43,18.17,18.00,17.97,18.60,18.70,18.70,18.70,18.60,19.43,19.43,19.60,19.53,19.90,20.70,23.13,25.37,26.83,27.73,27.97,27.97,27.97,28.40,28.40,28.40,28.00,27.50,27.50,27.27,27.60,27.90,28.03,28.50,28.93,28.93,28.63,28.57,28.53,28.53,28.30,28.43,28.07,28.07,28.07,28.67,28.37,28.77,28.37,29.03,28.97,28.97,28.37,28.23,27.00,23.57,21.50,19.80,18.90,18.87,19.00,19.20,19.60,20.80,21.83,24.37,24.87,25.47,25.93,26.77,26.87,26.33,25.67,25.33,24.70,23.87,23.17,21.67,19.80,19.03,18.83,18.47,18.30,18.27,18.00,18.00,18.27,18.30,18.37,18.37,18.37,18.33,18.33,18.47,18.47,18.47,18.03,18.03,18.10,18.63,18.27,18.40,18.27,18.37,18.27,18.27,17.93,18.13,18.17,18.17,18.30,18.30,18.03,18.03,18.37,18.63,18.67,18.63,18.70,18.40,18.77,17.87,17.77,17.67,17.97,17.70,17.47,17.30,17.37,17.60,17.73,17.90,17.90,18.17,18.17,17.97,17.57,17.80,18.13,18.23,18.13,17.67,17.53,17.67,17.77,17.80,18.03,18.03
17.93,17.93,18.07,18.80,18.80,17.93,17.93,17.93,18.07,18.07,18.10,17.93,18.10,18.47,18.40,18.10,17.97,18.70,18.70,18.70,18.70,18.50,19.17,19.40,19.43,19.50,19.90,21.37,23.13,25.63,27.10,27.53,27.97,27.97,27.93,28.17,28.17,28.10,27.93,26.40,26.40,27.03,27.57,27.67,28.27,28.50,29.03,29.07,29.03,28.57,28.57,28.23,28.30,28.30,28.07,27.63,27.97,28.10,28.67,28.90,29.03,29.03,28.27,28.27,28.37,28.23,26.80,24.13,21.63,19.80,19.00,19.00,19.10,19.20,19.50,20.17,20.60,21.83,24.37,24.83,25.57,26.37,26.87,26.33,26.23,26.23,24.87,24.30,23.63,22.33,20.37,19.63,18.87,18.57,18.47,18.27,18.10,18.27,18.37,18.37,18.43,18.37,18.37,18.33,18.43,19.10,19.13,18.60,17.77,17.77,17.83,18.63,18.33,18.87,18.27,18.27,17.93,17.93,17.93,17.93,18.17,18.53,18.53,18.53,18.03,18.00,18.37,18.63,18.93,18.93,18.93,18.60,18.60,18.23,18.30,18.30,18.23,17.70,17.50,17.47,17.47,18.20,17.90,18.00,17.90,18.00,17.97,17.93,17.67,17.73,18.13,18.23,18.13,17.63,17.63,17.63,17.77,17.87,17.97,18.03
17.93,18.07,18.33,18.73,18.80,18.23,18.03,17.93,18.03,18.30,18.30,18.53,18.40,18.47,18.40,18.37,18.10,18.90,19.00,19.00,19.00,18.53,19.17,19.20,19.40,19.43,19.90,22.07,23.37,25.80,26.90,27.27,27.97,27.97,27.97,28.17,28.17,27.77,27.07,26.03,25.80,25.80,26.17,27.63,28.27,28.43,28.53,29.03,29.50,29.50,29.50,28.57,28.97,28.50,27.83,27.23,26.73,27.63,28.00,28.77,28.77,28.53,28.10,28.10,28.27,27.90,26.80,25.47,22.07,19.80,19.07,19.07,19.10,19.10,19.10,19.43,20.17,21.33,22.90,24.63,24.83,25.93,26.03,26.33,26.33,26.43,26.23,24.87,23.93,23.17,21.97,20.37,19.27,18.57,18.47,18.40,18.37,18.33,18.37,18.37,18.37,18.37,18.27,18.37,18.43,19.10,18.47,18.60,18.60,18.60,18.17,18.43,18.33,18.87,18.27,18.27,17.93,18.00,17.93,18.00,17.93,18.53,18.17,18.23,18.17,17.87,18.00,18.03,18.57,18.63,18.93,18.20,18.20,17.93,18.23,18.13,18.13,17.63,17.57,17.63,18.00,18.40,18.03,18.03,17.90,17.97,18.20,17.97,17.93,18.03,18.27,18.27,18.23,17.87,17.87,17.90,17.90,17.87,17.90,18.13
18.33,18.07,18.07,18.23,18.80,18.83,18.83,18.73,18.30,17.93,17.93,17.93,18.00,18.40,18.40,18.47,18.37,18.47,19.10,19.00,19.00,18.50,18.87,19.13,19.20,19.50,21.33,21.93,24.77,26.40,26.90,27.27,27.43,27.63,28.20,28.20,27.90,27.53,26.97,25.80,24.47,23.43,24.03,26.17,27.93,28.43,28.73,29.07,29.50,29.50,29.50,28.50,28.97,28.50,27.93,26.43,26.13,26.73,27.70,28.53,28.60,28.53,28.37,28.10,28.27,28.00,27.27,25.47,22.07,19.83,19.07,19.33,19.00,18.60,18.57,18.60,19.83,20.17,21.33,22.90,24.37,24.70,25.80,26.07,26.43,26.43,26.27,25.33,24.83,24.53,22.87,21.37,20.13,19.07,18.57,18.40,18.10,18.43,18.57,18.57,18.43,17.93,18.23,18.27,18.37,18.37,17.70,17.70,17.43,17.50,18.17,18.43,18.43,19.37,18.33,18.27,17.93,18.00,17.93,17.93,17.93,18.23,18.17,18.23,18.17,17.87,17.77,17.77,18.17,18.47,18.57,18.20,18.17,18.00,18.07,18.03,18.30,17.63,17.63,17.97,18.00,18.03,18.00,18.03,17.90,18.37,18.50,18.50,18.07,18.03,18.27,18.00,18.00,17.87,17.87,18.10,17.90,17.87,17.57,17.87
18.40,18.17,18.07,18.17,18.40,18.23,18.83,18.77,18.77,18.77,18.37,17.93,17.93,18.00,18.20,18.37,18.03,18.37,18.83,18.83,18.90,18.87,19.17,19.17,19.73,20.07,21.47,22.70,24.80,26.40,26.90,27.27,27.37,27.37,28.20,28.20,27.73,27.37,26.97,24.47,23.30,22.57,22.57,24.03,26.53,28.20,29.00,29.30,29.33,29.17,29.17,28.07,28.97,28.50,27.93,25.23,24.60,24.83,26.73,27.70,28.37,28.23,28.37,27.90,28.17,27.90,27.23,25.93,22.73,20.70,19.67,19.63,18.97,18.57,18.37,18.37,19.17,19.37,20.37,21.30,21.83,24.07,24.77,25.37,25.80,26.07,26.07,25.50,24.83,24.53,23.70,22.67,20.70,20.13,19.07,18.67,18.57,18.57,19.03,19.03,18.23,17.93,18.23,18.27,18.27,17.70,17.70,18.53,17.47,18.53,18.17,18.43,18.17,18.43,18.00,18.27,18.27,18.00,17.93,17.93,17.93,18.23,17.77,18.23,18.53,18.23,18.03,17.87,18.10,18.10,18.10,18.20,18.07,18.00,18.03,18.10,18.33,18.10,17.97,18.00,18.00,18.03,18.00,18.03,17.90,17.40,18.33,18.33,18.20,18.07,18.37,18.37,18.37,18.10,18.10,17.90,17.70,17.57,17.30,16.77
18.50,18.40,18.17,18.17,17.87,17.87,18.87,18.77,18.77,18.53,17.93,17.80,17.83,17.77,18.50,18.03,18.50,18.63,18.83,18.90,19.33,18.90,19.17,19.20,19.73,20.07,21.47,22.70,25.87,26.63,26.83,27.27,27.63,27.37,27.77,27.37,27.37,27.13,25.67,23.30,21.87,20.50,21.50,22.57,25.40,28.10,29.07,29.07,29.13,29.00,29.13,28.07,28.20,28.20,27.50,24.70,23.07,23.07,26.23,27.33,27.67,27.67,28.37,28.37,28.27,28.00,27.17,25.87,23.80,20.70,19.67,19.37,18.97,18.97,18.37,18.37,18.97,19.03,19.37,20.27,21.03,21.83,24.07,24.63,25.37,25.37,26.00,25.50,24.87,24.80,24.33,23.57,21.87,20.33,19.87,19.07,18.57,18.67,18.67,18.70,18.23,18.13,18.60,18.60,18.67,18.53,18.67,18.53,17.70,17.70,18.10,18.43,18.17,18.43,18.00,18.00,17.83,17.77,17.70,17.70,17.77,18.23,17.63,17.43,17.77,17.97,17.97,17.87,17.90,17.90,17.83,17.97,17.53,18.00,18.17,18.33,18.37,18.10,17.97,18.00,17.97,18.07,17.90,18.03,17.90,17.40,18.03,18.33,18.33,18.07,18.37,18.37,18.37,17.93,17.77,17.77,18.00,18.00,16.90,16.73
18.40,18.40,18.40,18.17,17.87,17.87,18.37,18.77,18.77,18.53,18.37,17.83,18.33,17.77,17.83,17.83,17.83,18.67,18.83,19.43,19.43,19.43,19.43,20.00,20.00,20.50,21.47,23.80,25.87,26.83,26.83,27.07,27.27,27.23,27.43,27.23,27.37,26.37,25.20,21.93,20.50,19.67,20.27,21.50,23.20,27.80,28.13,29.07,29.30,28.53,29.13,28.17,29.00,28.17,27.40,24.70,22.37,22.37,25.90,26.40,27.47,27.47,27.50,28.27,28.20,27.23,26.73,25.93,24.20,22.03,19.67,19.37,18.97,18.37,18.93,18.93,18.93,18.97,19.00,19.37,20.37,20.90,22.77,23.53,24.77,25.37,26.00,25.40,25.23,24.40,23.83,23.83,22.87,21.80,20.30,19.50,18.93,18.67,18.43,18.67,18.20,18.20,18.80,19.13,18.80,18.67,18.87,18.73,18.50,17.70,17.70,18.10,17.90,17.90,17.90,17.83,17.83,17.50,17.33,17.33,17.70,17.97,17.77,17.43,17.47,17.97,18.00,17.87,17.87,17.87,17.90,17.97,17.57,17.73,17.57,17.73,17.40,17.40,17.60,18.07,18.07,18.27,18.03,18.03,17.70,17.40,18.03,18.17,18.33,19.00,19.00,18.37,18.00,18.00,18.00,17.70,18.00,18.20,18.20,18.10
17.80,18.60,18.63,18.40,18.10,18.00,18.17,18.17,18.53,18.00,18.43,17.83,18.47,17.77,17.77,17.77,18.67,18.87,19.43,19.43,19.43,19.43,19.60,20.00,19.60,21.30,22.37,23.80,26.63,26.83,27.13,27.20,27.20,27.23,27.23,27.13,27.13,25.83,24.33,21.83,20.50,19.20,20.40,21.87,23.13,26.07,28.10,28.20,29.07,28.33,28.57,28.57,28.90,28.20,27.50,24.70,22.07,21.90,23.57,26.33,27.33,27.47,27.70,28.60,28.20,27.47,26.93,25.87,24.87,22.03,20.33,19.00,18.70,17.97,18.57,18.33,18.60,18.50,19.00,19.37,19.77,20.27,20.77,22.87,24.43,25.53,25.97,25.40,25.03,24.73,24.70,24.70,23.87,22.47,21.23,20.33,19.27,18.83,18.43,18.37,18.20,18.13,18.83,19.13,18.53,18.53,18.87,18.90,18.50,17.70,17.70,17.97,18.17,18.30,17.90,17.70,17.83,17.70,18.40,17.33,17.90,17.97,17.97,17.97,17.47,17.73,17.97,17.73,17.53,17.53,18.47,17.97,17.97,17.80,17.73,17.73,17.63,18.00,18.00,18.27,18.27,18.30,17.87,18.03,18.00,18.03,18.03,18.17,18.40,18.50,18.40,17.97,18.00,18.17,18.13,17.67,17.67,18.20,18.30,18.50
17.80,18.53,18.53,18.10,17.90,17.93,17.93,17.93,17.90,17.90,18.43,18.33,18.47,17.87,17.83,17.83,17.87,18.73,19.00,19.43,19.33,19.33,19.10,19.60,19.60,21.87,22.37,24.60,25.80,27.13,27.13,26.80,26.80,26.67,27.13,27.13,27.10,25.57,23.57,21.17,19.40,19.17,19.83,21.30,22.47,25.20,27.73,28.13,28.20,28.33,28.37,28.57,28.90,28.57,27.73,25.10,21.90,21.20,22.07,24.67,26.93,27.40,27.50,27.50,27.87,27.47,27.23,26.63,25.63,22.27,20.40,19.47,19.00,18.17,18.57,18.00,18.60,18.00,19.00,19.00,19.50,19.40,20.60,21.03,22.87,23.93,25.50,25.23,25.03,24.70,24.70,24.70,24.60,23.20,21.73,20.83,19.77,18.83,18.77,18.77,18.47,18.20,18.27,18.27,18.27,18.27,18.37,18.70,18.50,17.20,17.20,17.97,18.17,18.60,18.30,18.23,18.23,17.50,17.37,17.33,17.97,18.10,18.10,18.10,18.07,18.00,18.00,18.00,18.40,18.47,18.83,18.67,18.00,18.00,17.80,17.80,17.63,17.87,17.60,18.00,18.13,18.13,17.87,17.87,17.97,18.00,17.97,18.17,18.17,18.50,18.37,17.97,18.00,18.23,18.27,18.27,17.63,17.63,18.10,18.10
18.53,18.53,18.30,17.97,17.90,17.90,18.00,18.00,17.97,18.23,19.03,18.43,19.13,17.87,17.87,17.87,17.87,18.27,18.57,19.33,19.33,19.03,19.03,19.03,19.60,21.87,22.70,24.80,25.97,26.80,27.10,27.20,27.20,26.87,26.87,26.87,25.93,23.90,22.03,19.53,19.40,19.17,19.83,21.30,22.37,25.10,27.73,28.13,28.13,28.07,28.07,28.37,28.33,28.33,27.53,25.70,21.63,21.20,21.40,24.67,26.53,27.33,28.07,28.57,28.17,27.90,27.87,27.23,25.63,22.27,20.70,20.17,19.00,18.57,18.17,18.00,18.60,18.30,19.10,18.87,19.10,18.83,19.40,20.50,21.63,23.57,24.43,24.73,24.90,24.73,24.73,24.70,24.60,24.20,23.13,21.73,20.83,18.83,18.80,18.80,18.80,18.07,18.20,18.20,18.20,18.27,18.57,18.57,18.57,17.20,17.97,18.03,18.40,18.60,18.30,18.23,18.00,17.80,18.40,18.40,18.03,18.10,18.10,18.17,18.07,18.07,18.33,18.30,18.30,18.43,18.77,18.67,18.53,18.00,18.03,18.03,18.17,17.97,17.87,17.87,17.60,17.93,17.93,18.13,18.10,18.30,17.97,17.83,17.83,17.97,17.97,17.93,18.13,18.23,18.27,18.27,17.67,17.63,17.63,17.63
18.80,18.53,18.30,17.90,17.90,17.80,18.10,18.33,18.10,18.23,18.33,18.33,18.40,17.87,17.93,17.93,18.00,18.03,18.30,19.03,19.60,19.10,18.97,18.97,19.10,21.53,22.70,25.73,25.87,26.80,26.80,27.33,27.57,27.57,26.97,26.53,25.57,23.70,21.50,19.53,18.90,18.90,19.70,20.70,22.23,24.53,27.50,28.10,28.10,28.07,28.07,28.37,28.33,28.33,26.83,25.70,21.63,20.47,21.40,23.03,26.50,26.87,27.37,27.40,27.77,27.77,27.87,27.83,26.50,23.30,20.70,20.13,18.97,18.17,18.17,18.03,19.10,18.30,18.87,18.63,18.63,18.83,19.50,19.70,20.50,21.93,23.47,24.27,24.43,24.43,24.43,24.60,24.87,24.33,23.77,22.20,20.83,19.80,19.07,19.07,18.47,18.23,18.23,18.20,18.20,18.57,18.70,18.57,18.57,17.20,18.03,18.03,18.17,18.60,18.60,18.73,18.23,18.03,18.00,18.03,17.97,18.47,18.47,18.47,18.17,18.17,18.33,18.57,18.30,18.30,18.43,18.67,18.77,18.53,18.53,17.93,17.90,17.87,17.60,17.60,17.60,17.93,18.10,18.13,18.20,18.20,17.90,17.83,17.83,18.20,18.37,17.93,17.93,17.97,18.27,18.27,18.10,17.63,17.63,17.63
18.70,17.83,17.97,17.97,18.50,18.50,18.50,18.50,18.33,18.50,18.60,18.60,18.40,17.93,18.40,18.03,18.27,18.27,18.30,19.30,19.60,19.60,19.60,19.03,21.00,21.53,25.43,25.73,25.97,27.10,27.27,27.40,27.63,26.87,26.57,25.93,25.43,21.90,21.13,19.53,18.53,18.40,18.47,20.70,22.10,25.10,26.97,28.10,28.10,28.13,27.93,28.13,27.93,28.23,26.83,25.17,21.63,20.67,21.40,22.03,25.80,26.87,27.23,27.40,27.63,27.20,27.63,27.43,26.50,24.63,21.80,20.70,18.97,17.83,17.77,18.03,18.27,18.83,18.83,18.83,18.63,18.63,18.87,19.70,19.83,20.30,22.67,23.60,24.27,24.43,24.87,24.87,25.30,25.30,24.20,23.33,22.03,19.80,19.07,18.53,18.23,18.23,18.23,17.77,17.77,18.80,18.97,18.57,18.57,18.07,18.83,18.40,18.17,18.40,18.37,18.93,18.37,18.03,18.00,17.97,17.97,18.03,18.53,18.50,18.17,18.17,18.47,18.57,18.23,18.00,18.00,18.27,18.70,18.70,18.37,17.93,17.60,17.83,17.83,17.73,17.60,17.73,18.10,18.20,18.27,18.27,17.83,17.70,17.97,18.20,18.50,17.93,17.90,17.93,18.03,18.10,18.10,17.97,17.97,17.97
18.70,17.83,18.33,18.77,18.77,18.37,18.07,18.47,18.47,18.33,18.33,18.60,18.40,18.40,17.73,18.43,18.43,18.97,19.30,19.83,19.77,19.77,19.67,19.97,21.13,22.07,25.43,25.73,26.73,27.23,27.33,27.57,28.43,27.20,26.37,25.43,25.20,21.90,20.33,19.73,18.57,18.40,18.40,20.53,21.73,25.17,26.97,27.27,27.87,27.87,27.87,27.93,27.93,28.23,26.73,24.40,21.60,20.67,21.40,22.03,25.47,26.87,27.33,27.23,27.40,26.80,27.60,27.20,26.20,24.93,22.00,20.83,18.93,18.03,18.13,18.27,18.27,18.30,18.57,18.70,18.70,19.03,19.00,19.53,19.43,19.43,21.87,22.67,23.63,24.00,24.43,24.93,25.37,25.37,24.10,23.67,22.20,19.97,19.07,18.30,18.40,18.40,18.40,17.77,17.70,18.57,18.57,18.13,18.23,18.27,18.67,18.20,18.17,18.23,18.37,18.93,18.37,18.03,17.93,17.97,17.83,18.43,18.43,18.40,18.20,18.20,18.27,18.37,18.23,18.00,18.10,18.20,18.37,18.20,17.97,17.90,17.57,17.60,17.83,17.83,18.27,18.47,18.33,18.33,18.33,18.27,17.80,17.80,18.23,18.70,18.70,18.53,17.93,17.90,17.60,18.03,18.10,18.10,18.23,18.23
18.70,18.43,18.33,18.77,18.77,18.37,18.17,18.30,18.47,18.50,18.47,18.47,18.27,18.27,18.27,18.60,18.43,18.97,19.30,19.33,19.33,19.60,19.63,19.97,22.07,23.80,25.43,26.70,27.23,26.87,27.37,27.37,27.63,26.87,25.90,25.33,23.50,21.90,20.20,18.93,18.50,18.30,18.40,20.30,21.67,25.17,26.30,27.27,27.67,27.97,27.87,27.93,27.93,27.93,26.80,24.80,21.60,20.67,20.97,22.03,25.03,27.20,27.33,27.33,27.73,27.63,27.63,27.43,26.20,24.73,22.47,20.97,18.93,18.50,17.90,18.00,18.23,18.43,18.70,18.83,18.70,19.03,19.00,19.53,19.63,19.63,20.23,21.40,22.60,23.63,24.10,24.93,25.23,25.37,24.90,23.93,22.63,20.70,19.07,18.30,18.40,18.40,18.40,18.40,18.07,18.20,18.20,18.20,18.23,18.13,18.00,18.20,18.23,18.37,18.23,18.37,18.00,17.97,17.93,17.97,17.97,17.97,18.13,18.40,18.40,18.40,18.20,18.20,18.20,18.10,18.17,18.17,18.20,18.03,17.87,17.90,17.90,17.83,18.17,18.30,18.47,18.30,18.33,18.33,18.33,18.50,18.43,17.97,18.23,18.50,18.60,18.50,18.20,17.93,17.93,18.07,18.30,18.30,18.33,18.23
18.43,18.33,18.33,18.77,18.60,18.27,18.07,18.17,18.47,18.53,18.63,18.47,18.47,18.27,18.27,18.60,18.93,18.97,19.03,19.03,19.03,18.57,19.40,19.97,22.37,23.83,25.53,26.40,26.87,26.83,27.37,27.37,27.37,26.33,25.33,24.37,23.00,20.33,19.83,18.80,18.80,18.87,19.10,19.27,21.50,25.17,26.03,27.27,27.67,27.67,27.70,27.70,27.87,27.30,26.73,24.33,21.97,20.40,20.40,21.40,24.17,25.77,27.07,27.33,27.87,27.87,27.73,26.90,26.20,24.63,23.70,20.77,18.93,18.67,18.67,18.33,18.30,18.43,18.67,19.00,19.00,19.03,19.00,19.43,19.00,19.17,19.57,19.87,21.00,21.80,23.77,24.10,24.93,25.17,24.73,24.27,22.63,20.70,19.50,18.20,18.13,18.40,18.40,18.73,18.13,18.20,17.97,18.13,18.13,18.27,18.17,18.17,18.17,18.23,18.00,18.00,18.00,18.17,17.97,17.97,17.80,17.80,18.13,18.40,18.70,18.43,18.43,18.20,18.20,18.17,18.30,18.30,18.20,17.80,17.80,17.87,17.90,17.83,17.83,17.93,18.47,18.47,18.40,18.40,19.13,19.27,18.50,17.80,17.80,18.43,18.70,18.70,18.70,18.20,18.07,18.03,18.07,18.07,18.07,17.27
18.00,17.97,18.13,18.27,18.27,17.83,18.07,18.07,18.17,17.50,18.47,18.20,18.27,18.27,18.27,18.37,18.37,18.53,18.93,18.53,18.57,18.47,19.40,21.67,22.37,23.97,26.27,26.60,27.03,26.87,27.03,26.83,26.70,25.93,24.83,23.50,22.73,20.10,19.40,18.50,18.50,18.80,19.10,19.70,20.70,24.47,26.03,27.03,27.83,27.97,27.97,27.70,27.50,27.30,26.80,24.80,21.97,20.33,20.30,20.80,23.30,25.50,26.20,27.53,27.53,27.53,27.20,26.90,26.77,24.83,24.50,21.10,19.37,18.67,18.67,18.33,18.83,19.00,19.00,19.00,18.47,19.00,19.00,19.00,19.00,18.33,19.13,19.63,20.10,20.57,21.80,23.50,23.87,24.87,24.73,24.50,23.93,21.63,19.77,19.07,18.30,18.30,18.53,18.67,18.67,18.40,18.40,18.40,18.40,17.70,18.17,18.13,18.13,18.13,17.73,17.80,17.80,17.97,17.97,17.80,17.90,17.77,17.90,18.40,18.70,18.43,18.23,17.87,18.17,18.17,18.17,18.30,18.17,18.17,17.87,17.87,17.90,17.73,17.93,17.93,18.40,18.30,18.33,18.17,19.10,19.10,18.50,17.77,17.53,17.63,18.40,18.43,18.60,18.57,18.57,18.57,18.33,18.07,18.00,17.37
17.40,17.93,17.97,18.03,17.53,17.53,17.83,17.83,17.23,17.10,17.80,18.27,18.27,18.27,18.27,18.37,18.57,18.57,18.67,18.67,18.97,19.13,19.47,20.30,22.43,24.73,26.13,26.40,26.73,26.80,26.73,26.53,26.33,25.87,24.83,23.43,21.63,19.50,18.80,18.50,18.50,18.80,18.93,19.27,20.70,24.47,26.30,27.50,27.77,27.70,27.70,27.70,27.80,27.30,26.40,24.50,21.23,19.33,19.33,20.30,22.13,25.43,26.57,27.07,27.07,27.53,26.77,26.77,26.37,24.90,24.50,20.57,20.27,19.03,18.93,18.83,19.33,19.00,18.97,18.90,18.97,19.00,19.00,18.17,18.33,18.33,18.63,18.63,19.57,20.00,20.47,20.53,22.73,23.43,23.73,23.93,22.57,20.50,19.77,19.13,18.50,18.30,18.50,18.67,18.67,18.97,18.40,18.27,17.97,17.73,18.17,18.13,18.10,18.13,18.10,18.43,18.20,18.17,18.20,17.80,18.83,17.90,18.70,18.40,18.70,18.07,18.23,17.97,18.23,17.80,18.17,17.80,18.00,18.17,18.17,18.50,17.90,17.70,17.73,17.93,18.40,18.33,18.40,18.40,18.40,18.40,18.43,17.87,17.87,17.77,17.63,18.47,18.43,18.43,18.33,18.33,18.33,18.10,18.03,17.37
17.97,18.03,18.03,18.03,17.53,17.83,18.33,18.33,18.07,17.23,17.60,17.80,17.77,18.30,18.37,18.57,18.57,18.37,18.73,18.67,18.97,19.47,20.30,21.67,23.20,24.77,26.13,26.83,27.30,26.90,26.63,26.63,26.03,25.63,24.67,23.37,20.57,19.50,19.40,18.80,18.50,18.50,18.90,19.70,20.70,24.47,26.30,27.83,28.03,27.97,27.80,27.80,27.63,27.27,26.53,25.07,21.23,19.33,19.33,19.73,21.80,23.57,26.40,26.73,26.73,26.73,26.73,26.77,26.10,25.57,24.60,20.97,20.27,19.23,19.03,18.83,19.33,19.00,18.97,18.23,18.07,18.23,18.60,18.33,18.87,18.87,18.90,18.37,18.37,19.50,19.70,20.07,20.47,22.57,22.73,22.83,21.87,20.47,19.53,19.13,18.53,18.30,18.47,18.47,18.57,18.97,18.40,18.27,18.10,17.57,17.93,18.00,18.10,18.13,18.10,18.73,18.47,18.23,18.37,18.23,18.83,18.80,18.77,18.77,18.40,18.20,18.23,17.97,18.17,17.70,17.73,17.63,17.63,18.00,18.50,18.50,18.13,17.77,17.87,18.40,18.43,18.33,18.33,18.40,18.40,18.17,17.77,17.77,17.87,18.10,18.40,18.57,18.43,18.57,18.43,18.73,18.73,18.27,18.00,17.67
18.23,18.23,18.13,18.57,18.40,18.50,18.50,18.97,18.07,17.80,17.97,18.30,18.30,18.30,18.73,18.73,18.73,18.40,18.67,18.67,18.70,19.40,19.67,21.70,23.23,25.30,26.13,26.90,27.30,26.90,26.63,26.40,25.93,25.63,24.47,23.43,20.10,19.20,19.13,18.80,19.13,18.87,18.87,19.03,20.60,23.77,26.30,27.60,27.93,27.83,27.63,27.80,27.80,27.87,26.53,24.57,22.20,19.60,19.50,19.60,20.83,23.33,25.40,26.63,26.70,26.73,26.70,26.63,26.10,25.60,24.17,21.13,20.37,19.40,19.33,19.33,18.50,18.63,18.63,18.63,18.23,18.60,18.43,18.43,18.87,18.90,18.63,18.30,18.30,18.60,18.73,19.50,20.07,20.37,21.07,21.23,20.47,20.03,19.40,19.13,18.13,18.17,18.30,18.47,18.83,18.97,18.53,18.27,18.10,18.00,18.00,18.00,18.10,18.10,18.27,18.43,18.40,18.23,18.20,18.23,19.00,18.93,18.77,18.30,18.20,18.20,18.23,18.23,18.23,17.73,17.73,17.43,17.60,17.60,18.00,18.43,17.77,17.77,17.77,18.27,18.27,17.97,17.87,18.40,18.17,18.40,18.17,18.43,18.10,18.47,18.57,18.87,18.57,18.37,18.33,18.10,18.10,18.10,17.73,17.67
18.40,18.50,18.77,18.77,18.57,18.50,18.60,19.17,19.17,18.07,18.07,18.30,18.10,18.10,18.73,18.73,18.73,18.40,18.73,18.70,18.63,18.70,20.43,21.70,23.90,24.77,26.47,26.67,27.40,27.40,27.07,26.40,25.90,25.10,24.13,22.80,20.10,19.20,18.57,18.67,18.73,18.73,18.73,20.00,21.07,22.93,26.00,27.57,27.93,27.83,27.63,27.83,27.63,27.33,26.60,25.30,22.20,20.50,19.60,19.73,20.53,23.10,25.30,26.40,26.63,26.73,26.73,26.63,26.10,25.60,24.60,21.87,20.37,19.53,19.33,18.57,18.13,18.50,18.50,18.63,18.53,18.60,18.43,18.60,19.13,19.13,18.33,18.30,18.37,18.63,18.63,18.63,19.10,19.63,20.30,19.60,19.37,19.53,19.27,19.27,17.87,17.90,18.17,18.17,18.70,18.70,18.53,18.33,18.33,18.00,18.73,18.00,18.00,17.60,17.60,17.60,18.27,18.23,18.17,17.97,18.33,18.67,18.67,18.77,18.20,18.30,18.43,18.43,18.00,17.83,17.83,18.07,18.33,18.33,18.07,17.80,17.80,17.87,17.87,18.37,18.27,18.13,17.87,17.93,18.17,19.00,18.17,17.77,17.77,18.70,18.83,18.87,18.57,18.37,18.37,18.07,17.73,18.07,17.67,17.67
18.47,18.50,18.80,18.77,18.40,18.40,18.60,18.97,18.53,18.30,18.47,18.47,18.30,18.30,18.47,18.40,18.33,18.33,18.60,18.60,18.60,18.70,20.23,21.70,24.03,25.17,26.43,26.67,27.40,27.33,27.07,25.90,25.27,24.47,23.37,21.77,19.23,18.17,18.07,18.17,18.67,18.67,18.27,18.87,20.13,22.93,25.67,27.57,27.60,27.50,27.47,27.57,27.90,27.87,26.80,25.30,21.93,20.00,19.30,19.60,19.73,22.07,24.47,26.17,26.57,26.87,26.67,26.67,26.37,25.60,25.17,23.30,21.13,19.40,19.13,19.07,18.50,18.57,18.53,18.93,18.93,18.93,18.43,18.43,18.63,19.13,18.37,18.30,18.37,18.60,18.60,18.63,18.63,18.87,19.10,18.97,18.97,18.97,18.50,19.17,18.17,18.17,18.03,18.03,18.57,18.70,18.57,18.33,18.33,18.53,18.80,18.00,18.00,17.50,17.60,17.60,18.27,18.40,18.17,18.47,18.33,18.40,18.33,18.30,18.17,18.07,17.93,18.43,18.00,18.07,18.07,18.33,17.60,18.10,18.07,17.97,17.80,17.97,18.03,18.27,18.13,18.13,17.93,17.93,17.93,19.00,19.20,18.40,17.97,18.27,18.27,18.20,18.20,18.03,17.87,17.87,18.07,18.30,18.30,18.57
18.47,18.47,18.57,17.93,18.40,18.50,18.60,18.97,18.53,18.17,18.17,18.30,18.30,18.10,17.90,17.77,18.33,18.80,18.83,18.73,18.73,18.73,20.43,22.57,24.17,25.17,26.27,26.50,27.17,27.07,26.83,25.27,25.10,23.37,22.03,21.27,18.73,17.97,17.83,17.97,18.57,18.57,18.27,19.40,20.43,23.20,25.67,27.17,27.57,27.43,27.43,27.43,27.57,27.33,26.90,25.30,21.93,20.03,19.30,19.13,20.00,20.53,23.10,26.00,26.63,26.67,26.67,26.67,26.10,25.53,25.17,23.30,20.57,19.83,18.43,18.23,18.47,18.57,18.67,18.97,18.97,18.93,18.53,18.43,18.63,19.03,18.37,18.40,18.40,18.53,18.40,18.60,18.50,18.83,18.50,18.83,18.47,18.50,18.50,18.97,18.57,18.43,18.00,17.80,18.00,18.57,18.57,18.03,17.90,17.93,18.73,18.00,18.00,17.90,17.90,18.23,18.60,18.80,18.73,18.47,18.03,18.33,18.33,18.40,18.17,18.17,17.93,18.43,18.00,18.20,18.20,18.33,17.43,18.10,18.07,18.07,17.97,18.03,18.13,18.33,18.13,18.13,17.93,17.97,18.03,18.27,18.40,18.37,18.37,18.27,18.07,18.10,18.10,18.10,17.93,18.07,18.07,18.30,18.17,18.17
17.97,17.97,18.03,17.90,18.03,18.50,18.63,18.97,18.53,18.17,18.17,18.37,18.37,18.47,18.47,17.90,17.90,18.33,18.60,18.73,18.73,19.10,20.77,22.63,24.20,25.27,25.87,26.07,26.93,26.83,26.13,25.27,24.63,23.07,21.77,19.47,18.37,18.20,18.20,18.73,18.63,18.60,18.37,19.40,20.43,23.20,26.40,27.17,27.50,27.17,27.43,27.43,27.57,27.37,26.90,25.23,22.23,19.30,18.87,18.83,19.47,20.10,22.23,25.30,26.00,26.60,26.63,26.63,25.77,25.47,24.87,23.30,20.57,18.60,18.27,18.27,18.57,18.90,18.93,19.03,18.93,18.53,18.43,18.30,18.30,18.43,18.37,18.40,18.37,18.40,18.37,18.37,18.37,18.30,18.23,18.30,18.30,18.30,18.17,18.53,18.53,18.53,17.83,17.77,17.80,18.07,18.57,17.90,18.77,18.77,18.77,18.17,18.00,18.00,18.23,18.53,18.80,18.80,18.47,18.33,18.03,18.03,18.03,18.17,18.17,18.17,18.17,18.43,18.17,18.20,17.73,17.73,17.43,17.90,17.90,17.97,17.97,17.97,18.03,18.07,17.80,17.97,17.97,18.43,18.50,18.27,18.40,18.27,18.37,18.27,18.07,18.10,18.03,18.00,18.00,18.13,18.30,18.30,17.97,17.83
17.20,17.57,17.97,17.90,18.27,18.27,18.63,18.63,18.13,17.97,17.77,18.10,18.10,18.80,18.70,18.63,18.63,18.87,19.00,18.97,18.97,19.83,20.77,22.63,24.90,25.27,25.93,25.93,25.77,25.57,25.57,25.20,24.53,22.03,19.93,19.47,18.37,18.23,18.20,18.80,18.73,18.70,18.63,19.40,20.43,23.20,26.40,27.07,27.20,27.20,27.60,27.30,27.30,27.23,26.90,25.23,22.23,19.70,18.87,18.67,19.13,20.10,22.17,25.07,25.83,26.43,26.60,26.50,26.17,25.47,24.87,24.13,20.23,19.63,18.60,18.27,18.27,18.90,19.03,19.27,18.87,18.70,18.53,18.53,18.77,18.77,18.43,18.43,18.53,18.53,18.53,18.37,18.50,18.50,18.40,18.47,18.47,18.80,18.97,18.67,18.53,18.53,17.83,17.80,17.83,18.07,18.07,17.90,18.30,18.30,18.30,18.30,18.17,18.20,18.23,18.33,18.53,18.73,18.33,18.17,18.03,17.97,17.97,17.97,17.87,17.97,18.33,18.43,18.33,18.03,17.73,17.73,18.20,18.20,18.20,18.37,17.97,17.97,17.93,17.87,17.80,17.87,18.43,18.50,18.50,18.27,18.47,18.37,18.47,18.37,18.83,18.10,18.10,18.10,18.03,18.13,18.03,18.13,17.97,18.17
17.53,17.57,17.97,17.77,18.03,17.87,18.27,18.70,19.23,18.27,18.27,18.27,18.37,18.80,18.77,18.63,17.87,18.27,18.27,18.97,18.30,19.10,20.40,22.63,24.90,25.33,25.43,25.50,25.50,25.50,25.50,24.77,23.57,20.53,19.63,19.07,18.23,18.20,18.20,18.80,18.80,18.80,18.87,19.43,20.33,22.80,26.17,26.47,27.20,27.20,27.60,27.30,27.30,27.17,26.13,24.97,21.87,19.20,18.83,18.53,18.53,19.90,22.03,24.10,25.30,25.90,26.13,26.17,25.93,25.47,25.43,23.57,20.23,19.63,18.67,18.60,18.57,18.90,18.87,19.03,18.70,18.70,18.03,18.27,18.27,18.27,18.30,18.30,18.30,18.13,18.13,18.30,18.40,18.30,17.93,18.23,18.27,18.47,18.40,18.40,18.30,18.20,17.93,18.13,18.07,18.50,18.33,18.30,18.30,18.30,18.30,18.33,18.17,18.20,18.20,18.33,18.33,18.03,18.03,18.10,18.10,17.97,17.97,17.97,18.23,17.97,18.33,18.33,18.33,18.03,18.03,18.27,18.70,18.70,18.70,18.40,17.93,17.93,17.93,18.07,18.10,18.30,18.43,18.50,18.63,18.40,18.40,18.40,18.70,18.87,18.87,18.87,18.50,18.20,18.20,18.13,18.13,18.13,17.80,17.80
18.03,18.03,18.33,18.33,18.33,17.93,18.27,18.13,19.10,18.23,18.27,18.00,18.00,18.03,18.03,18.03,17.60,18.23,18.23,18.27,18.30,19.23,20.07,23.47,24.57,25.07,25.43,25.77,25.40,25.40,25.17,23.67,22.03,20.43,19.07,18.97,18.77,18.20,18.20,18.80,18.87,18.87,18.87,19.43,20.27,23.23,26.17,26.87,27.07,27.13,27.50,27.17,27.17,26.37,26.17,24.97,21.60,19.70,18.53,18.40,18.67,19.70,20.10,24.03,25.63,25.90,25.90,25.93,25.70,25.50,25.43,24.60,20.73,19.87,19.27,18.70,18.60,19.17,18.87,19.17,18.70,18.70,18.20,18.43,18.77,18.97,18.77,18.97,18.73,18.20,18.20,18.20,18.47,18.47,17.93,17.93,17.93,17.97,18.30,18.30,18.30,18.20,18.20,18.40,18.50,18.77,18.77,18.30,17.97,18.23,18.23,18.47,18.00,18.00,17.73,17.93,18.33,18.43,18.23,18.10,18.10,18.00,18.67,18.37,18.23,17.97,18.10,18.33,18.33,18.17,18.17,18.17,18.20,18.20,18.40,18.67,17.93,17.93,17.93,18.10,17.87,17.87,18.27,18.30,18.30,18.40,18.30,18.43,18.43,18.87,18.87,18.87,18.50,18.50,18.23,18.13,18.23,18.13,18.17,18.17
18.67,18.53,18.07,18.33,18.33,18.60,18.53,18.53,19.10,18.23,18.53,18.27,18.53,18.23,18.23,17.60,17.50,17.90,17.90,18.23,18.30,19.10,20.10,22.60,24.50,24.70,25.33,25.33,25.40,25.40,24.53,23.60,20.53,19.63,18.83,18.83,18.20,18.20,18.20,18.43,18.60,18.87,18.87,19.00,20.27,22.53,25.30,26.53,26.87,26.93,27.43,26.87,26.87,26.17,25.93,24.30,21.60,19.90,18.90,18.10,18.10,18.57,20.00,22.43,24.93,25.63,25.77,25.77,25.50,25.33,24.90,24.27,22.30,20.07,19.27,19.03,18.97,19.03,18.97,18.97,18.53,18.53,18.43,18.57,18.77,18.97,18.97,18.90,18.63,18.20,18.07,17.87,18.00,17.83,17.90,17.83,17.90,17.83,18.20,18.30,18.47,18.47,18.40,18.13,17.93,18.50,18.77,18.33,17.87,17.87,18.23,18.53,18.47,18.53,17.73,17.93,17.93,18.00,18.00,18.00,18.10,18.00,18.67,18.37,18.27,18.27,18.33,18.70,18.33,18.40,18.17,18.17,18.17,18.17,18.43,18.40,17.93,17.93,17.93,18.20,17.73,17.57,18.13,18.13,18.17,18.30,18.10,18.40,18.43,18.87,18.50,18.87,18.50,18.50,18.50,18.57,18.67,18.57,18.00,18.00
18.53,18.53,18.10,18.33,18.33,18.60,18.60,18.17,18.33,18.17,18.27,18.23,18.23,18.03,17.73,17.73,17.60,18.07,18.23,18.97,19.03,19.20,20.10,23.10,24.50,24.70,25.33,25.60,25.43,25.40,23.90,22.60,20.80,18.83,18.77,18.80,18.77,18.53,18.50,18.43,18.43,18.60,18.70,19.00,19.63,22.53,24.07,26.53,26.70,26.83,26.83,26.83,26.60,26.17,25.37,24.07,21.60,19.90,19.13,18.07,17.97,18.13,19.70,22.30,24.90,25.63,25.63,25.77,25.50,25.13,24.90,24.77,22.60,20.57,19.27,19.27,19.03,19.53,18.97,19.53,19.30,19.20,18.53,18.67,18.97,19.37,18.97,18.97,18.73,18.63,18.23,17.87,18.80,18.80,18.80,18.10,18.10,18.20,18.90,18.90,18.73,18.73,18.73,18.40,17.83,17.83,19.30,18.33,18.33,18.33,18.37,18.43,18.43,18.43,17.73,18.17,18.70,18.50,18.00,18.00,18.10,18.40,18.77,18.97,18.37,18.27,18.27,18.70,18.23,18.17,17.93,17.60,17.97,17.97,18.07,17.83,17.87,17.93,17.93,18.23,17.57,17.50,17.37,18.10,18.17,18.80,18.17,18.57,18.43,18.57,18.90,18.90,18.90,18.67,18.73,18.57,18.57,18.57,18.17,18.13
18.10,18.07,18.00,18.00,18.40,18.40,18.40,18.17,18.17,18.17,18.27,18.27,18.23,18.17,17.73,17.60,17.50,17.60,18.00,18.97,18.97,19.10,20.47,22.17,24.50,25.37,25.60,25.60,25.47,25.33,23.83,22.30,20.53,18.83,18.40,18.50,18.50,18.53,18.53,18.10,18.03,18.57,18.70,18.73,19.50,22.43,24.07,25.83,26.70,26.80,26.83,26.87,26.87,26.57,25.37,23.47,21.43,19.93,19.20,18.37,17.97,18.07,18.57,21.90,24.67,25.33,25.77,25.77,25.57,25.57,24.97,24.73,23.97,21.53,19.37,19.07,18.97,19.03,19.13,19.53,19.30,19.30,18.77,18.77,18.97,19.10,18.97,18.90,18.60,18.23,17.87,17.87,18.67,18.80,18.80,18.70,18.20,18.50,18.90,19.03,19.03,18.60,18.40,17.83,17.77,17.83,18.27,18.13,18.27,18.33,18.37,18.43,18.53,18.63,19.07,18.93,18.87,18.50,18.00,18.50,18.27,18.40,18.40,18.97,19.00,18.27,18.83,18.83,18.40,18.23,17.87,17.60,17.87,17.93,17.97,17.70,17.80,17.83,17.93,18.30,18.30,18.13,17.87,18.13,18.17,18.83,18.17,18.57,18.47,18.57,19.13,18.90,18.93,18.67,18.73,18.40,18.40,18.43,18.43,18.13
17.60,17.73,17.93,17.93,18.40,18.40,18.40,18.40,18.33,18.27,18.27,18.17,18.17,18.17,17.73,17.60,17.47,18.00,18.00,18.97,18.97,19.20,20.47,23.10,24.40,25.60,25.90,25.90,25.33,24.93,23.03,22.30,20.80,18.90,18.50,18.23,18.67,18.53,18.53,18.10,17.90,18.10,18.73,18.77,19.50,22.27,24.37,26.27,26.80,26.83,27.03,26.90,27.03,26.57,25.40,23.43,20.70,19.80,19.20,18.50,17.97,18.13,18.90,21.60,21.93,24.77,25.40,25.57,25.57,25.67,25.13,24.90,24.17,21.60,20.43,19.50,19.63,19.70,19.70,19.73,19.30,19.30,19.17,19.17,19.43,19.37,19.37,19.07,18.60,18.03,18.17,18.80,18.80,18.80,18.80,19.00,18.80,18.70,18.73,18.73,18.60,18.60,18.57,18.40,18.57,18.63,18.63,18.27,18.33,18.33,18.37,18.37,18.43,18.63,18.90,18.90,18.87,18.80,18.50,18.50,18.47,18.60,18.60,18.97,18.97,18.80,18.40,18.13,18.23,17.93,17.93,17.93,17.97,17.97,17.87,17.80,17.87,17.87,18.00,18.30,18.30,19.00,17.87,18.57,18.13,18.17,18.17,18.57,18.47,18.47,19.17,19.17,18.93,18.23,18.20,18.17,18.40,18.43,18.43,18.27
17.40,17.63,18.00,18.00,18.40,18.10,18.10,17.90,18.10,18.10,18.10,17.83,18.17,18.17,18.50,17.97,17.60,18.47,18.47,18.63,18.67,19.30,20.47,23.33,24.40,25.30,25.30,25.13,25.13,24.97,23.83,22.03,20.10,19.53,18.67,18.23,18.80,18.60,18.80,18.23,17.87,17.87,18.73,18.97,19.77,21.87,24.47,25.87,27.23,27.53,27.07,26.90,27.03,26.80,25.90,22.70,21.43,19.20,18.67,18.50,18.50,18.50,18.90,20.57,21.90,24.03,24.77,24.93,24.97,25.67,25.53,25.33,23.97,21.60,21.10,19.53,19.63,19.63,19.70,19.73,19.10,19.10,19.17,19.60,20.23,19.80,19.43,19.43,19.07,18.17,18.23,18.80,18.80,19.00,19.00,19.00,19.00,18.73,18.73,18.73,18.97,18.97,18.97,19.07,19.10,19.17,18.63,18.20,18.33,18.33,18.33,18.63,18.93,18.93,18.90,18.90,18.80,18.80,18.40,18.47,18.47,18.47,18.53,18.60,18.87,18.87,18.80,18.13,17.90,18.07,18.23,18.23,18.23,18.23,18.20,17.93,17.93,17.93,18.00,18.30,18.30,18.90,18.57,18.63,18.40,18.90,18.93,18.57,18.27,18.27,18.57,18.57,18.97,18.17,18.17,18.03,18.27,18.83,18.83,18.27
17.30,17.60,18.43,17.93,18.47,18.43,18.40,18.20,18.13,18.13,18.10,18.03,18.17,18.17,18.17,18.17,18.57,18.60,18.60,18.63,18.87,19.67,22.10,23.33,24.30,24.87,25.20,25.13,24.97,24.93,22.47,21.73,19.80,18.90,18.57,18.57,19.17,19.17,18.60,18.13,17.90,17.90,18.63,18.77,19.77,21.43,24.37,25.87,27.33,27.53,27.03,26.67,26.67,26.03,25.30,22.70,20.70,19.20,18.67,18.50,18.67,18.70,18.90,19.77,21.80,23.57,24.77,25.57,24.97,25.33,25.53,25.53,23.87,21.60,20.43,19.63,19.63,19.50,19.50,19.57,19.10,19.10,19.17,20.33,20.33,19.80,19.80,19.80,19.43,19.80,19.27,19.27,19.27,19.30,19.30,19.77,19.87,19.87,19.70,19.70,19.70,19.83,19.10,19.10,19.07,18.63,18.63,18.60,18.33,18.20,18.33,19.00,19.00,18.93,18.90,18.90,18.57,18.80,18.40,18.47,18.47,18.53,19.03,18.80,18.80,18.80,18.40,17.80,17.80,17.97,18.23,18.50,18.50,18.60,18.23,18.10,18.83,18.10,18.10,18.10,18.00,18.07,18.07,18.57,18.40,18.30,18.30,18.57,18.27,18.23,18.23,18.17,18.17,18.13,18.20,18.13,18.27,18.83,18.83,18.27
17.30,17.30,18.43,18.43,18.47,18.37,18.10,18.10,18.13,18.20,18.13,18.10,18.17,18.17,18.17,18.50,18.57,18.60,18.47,18.63,18.63,19.67,22.10,23.10,23.83,24.87,25.20,24.97,24.90,23.83,22.27,20.27,19.73,18.63,18.57,18.93,19.07,18.83,18.60,18.37,18.30,18.37,18.73,18.87,19.77,21.30,24.10,25.87,26.53,26.53,26.47,26.43,26.43,25.80,25.30,22.67,20.63,18.43,18.43,18.43,18.67,18.40,18.90,19.20,19.90,22.83,24.73,25.87,24.93,24.93,25.33,25.33,23.87,23.13,21.20,20.03,19.57,19.40,19.50,19.57,19.57,19.67,20.23,20.53,20.23,19.77,19.77,19.80,20.20,20.23,20.17,20.23,19.30,19.83,19.83,20.50,19.93,19.87,19.77,20.17,20.17,20.17,19.37,19.37,19.30,19.30,19.30,19.00,18.70,18.33,18.33,18.80,19.00,19.27,19.20,19.20,18.60,18.77,18.77,18.77,18.53,18.50,19.07,18.60,18.60,18.60,18.87,17.80,17.80,17.97,18.07,18.07,18.23,18.60,18.67,18.73,18.53,18.40,18.53,18.53,18.17,18.17,18.17,18.63,18.63,18.63,18.53,18.57,18.53,18.40,18.20,18.07,18.03,18.03,18.13,18.13,18.20,18.63,18.50,17.77
17.07,17.13,18.37,18.37,18.47,18.43,18.43,18.20,18.37,18.37,18.03,18.43,18.20,18.20,17.97,18.17,18.57,18.60,17.93,17.93,18.03,20.17,20.47,23.10,23.83,24.77,25.20,25.20,24.57,23.07,21.00,20.27,18.63,18.37,18.23,18.97,19.07,18.83,18.37,18.13,18.30,18.37,18.73,18.63,19.60,21.00,21.97,24.90,26.50,26.30,26.47,26.30,26.47,25.80,25.67,22.63,19.77,18.90,18.77,18.40,18.77,18.40,18.90,19.20,19.83,23.17,24.90,25.93,25.87,24.97,24.90,24.53,24.17,23.13,21.20,20.20,19.60,19.57,19.57,19.70,20.13,20.23,20.23,20.53,19.77,19.70,19.77,20.30,20.37,20.37,20.23,20.23,20.17,19.83,20.43,20.50,20.43,19.97,19.97,20.40,20.27,20.30,20.30,19.77,19.77,19.43,19.43,19.00,18.83,17.93,18.23,18.33,19.20,19.77,19.67,19.27,19.10,18.93,19.27,18.93,19.27,18.53,19.07,18.73,18.73,18.83,18.83,18.17,17.80,18.17,18.27,18.33,18.33,18.67,18.53,18.10,18.10,18.10,18.10,18.47,18.17,18.17,17.67,18.63,18.53,18.53,18.00,18.33,18.40,18.40,18.13,18.07,18.03,18.07,18.20,18.47,18.33,18.40,18.40,18.40
17.83,17.87,18.33,18.33,18.33,18.10,18.37,18.13,18.37,18.03,18.00,18.77,18.20,18.03,17.87,17.87,18.50,18.90,17.93,18.33,18.33,19.47,20.47,23.10,23.47,24.30,24.60,24.60,24.00,23.07,20.50,19.33,18.83,18.63,18.77,18.97,19.07,18.83,18.30,18.20,18.37,18.63,18.87,18.67,18.70,20.17,21.97,24.90,25.93,25.93,25.93,25.93,25.93,25.70,25.53,22.43,19.77,18.90,18.77,18.77,18.77,18.30,18.80,19.20,19.83,22.47,24.23,24.90,25.07,24.90,24.83,24.53,24.40,23.13,21.90,21.10,20.60,20.17,20.23,20.23,20.23,20.47,20.23,20.30,19.93,20.87,20.30,20.73,20.37,20.37,20.37,20.63,20.63,20.63,20.43,20.63,20.63,20.50,20.27,20.30,20.27,19.90,19.70,20.43,20.03,19.87,19.87,19.43,19.03,19.03,19.73,19.90,19.70,19.70,19.53,19.40,19.20,19.10,19.27,19.27,19.60,18.50,18.73,18.73,18.97,18.97,18.93,18.83,18.17,18.73,18.40,18.40,18.67,18.77,18.67,18.10,17.93,17.93,17.93,18.37,18.20,18.37,18.17,18.63,18.53,18.53,18.33,18.53,18.43,18.40,18.07,18.07,18.07,18.27,17.87,18.57,18.33,18.33,18.33,18.40
17.83,18.00,18.37,18.33,17.97,17.97,18.47,18.37,18.03,18.00,18.00,18.77,18.77,18.03,18.03,18.00,18.00,18.00,18.20,18.37,18.47,20.07,20.17,23.47,24.03,24.57,24.73,24.73,24.00,22.73,20.63,19.60,19.33,18.70,18.70,18.70,18.97,18.20,18.10,18.10,18.40,18.47,18.47,18.57,19.40,20.03,22.90,24.57,25.73,26.20,25.93,25.93,25.60,25.53,25.43,22.63,19.60,19.37,18.77,18.27,18.63,18.20,18.80,19.20,19.97,21.73,23.23,24.80,25.07,25.07,25.07,24.53,24.17,23.13,21.90,21.10,20.60,20.50,20.47,20.50,21.03,20.97,20.87,20.30,20.20,20.87,21.03,21.20,21.33,21.33,21.07,20.63,20.63,20.63,20.67,21.10,21.10,20.67,20.67,21.00,20.30,20.43,20.23,20.57,20.03,20.07,19.93,19.87,19.63,19.03,19.90,20.17,20.17,19.70,19.53,19.53,19.67,19.83,19.83,19.83,20.17,19.43,19.07,18.80,18.97,19.37,18.93,18.83,18.73,19.00,18.73,18.73,18.77,18.77,18.93,17.97,17.93,17.93,17.93,18.20,18.20,18.30,17.80,18.00,17.80,18.73,18.73,18.73,18.33,18.33,18.07,18.23,18.17,18.50,18.37,18.47,18.37,18.40,18.33,18.40
17.83,17.93,18.10,18.33,17.93,17.93,18.30,18.30,18.03,18.00,18.03,18.77,18.77,18.03,18.23,18.23,18.53,18.53,18.47,18.97,19.07,19.67,21.10,23.17,23.90,24.30,24.30,24.30,23.87,21.40,20.50,19.43,19.00,18.13,18.13,18.13,18.77,18.27,18.20,18.20,18.40,18.43,18.40,18.47,19.03,19.47,22.90,24.67,25.33,26.20,25.93,25.93,25.67,25.43,24.83,21.10,20.27,19.37,18.60,18.27,18.17,18.17,18.20,18.30,19.97,21.70,22.93,24.23,25.07,25.20,25.30,25.00,24.57,24.07,21.90,21.10,20.67,20.63,20.60,20.83,21.13,21.03,21.03,20.93,21.60,21.03,21.33,21.33,21.33,20.77,21.07,21.07,21.23,21.20,21.37,21.20,21.20,21.00,21.20,21.00,20.30,20.97,20.97,20.97,20.57,20.67,20.20,20.20,20.20,20.33,20.33,20.77,20.50,20.07,19.70,19.73,19.80,19.83,19.83,20.13,20.17,20.23,19.67,19.67,19.67,19.50,18.93,19.50,19.43,19.53,19.43,18.73,18.83,18.73,18.93,17.97,17.97,17.97,17.63,18.20,18.20,18.53,18.77,18.77,18.83,18.80,18.80,18.80,18.03,17.97,17.93,18.17,18.07,18.07,17.73,18.37,18.43,18.50,18.27,17.83
17.67,18.00,18.10,18.37,17.93,18.37,18.50,18.30,18.00,18.00,18.73,18.77,18.60,18.03,18.53,18.53,18.53,18.47,18.20,18.47,18.47,19.50,20.07,21.77,23.90,24.20,24.10,23.87,22.20,21.07,19.70,19.43,19.00,18.47,18.37,18.13,18.27,18.27,18.27,18.40,18.40,18.47,18.43,18.47,19.03,19.47,21.97,24.07,25.00,26.07,26.23,26.07,25.67,25.43,25.10,22.37,20.27,19.37,18.70,18.27,17.87,17.90,18.27,18.80,19.47,20.73,22.27,23.53,24.57,25.30,25.67,25.30,24.87,24.07,22.03,20.67,20.67,20.63,20.83,20.83,21.27,21.03,21.27,21.27,21.27,21.27,21.47,21.80,21.63,21.37,21.33,21.33,21.33,21.37,21.37,21.20,21.10,21.00,21.43,21.57,21.57,21.23,21.20,21.10,21.10,21.10,19.93,20.57,20.57,20.87,21.27,21.23,20.77,20.77,20.67,20.67,20.47,20.10,20.17,20.47,20.47,20.53,20.23,20.23,19.77,19.73,19.43,19.43,19.43,19.43,19.43,18.73,18.73,18.57,18.57,18.87,18.87,18.87,18.63,18.53,18.30,18.67,18.67,18.70,18.70,18.70,18.60,18.53,18.03,17.93,17.93,17.93,18.17,18.07,18.30,18.30,18.37,18.43,18.23,17.43
17.47,17.67,18.60,18.37,18.60,18.73,18.73,18.07,17.87,17.87,18.70,18.70,17.50,17.40,18.53,18.53,18.53,18.53,18.47,18.47,18.47,18.83,19.50,21.10,22.53,23.47,23.70,22.90,22.20,21.13,19.53,18.90,18.57,18.47,18.47,18.37,18.33,18.40,18.43,18.77,18.93,18.93,18.43,18.00,19.03,19.03,21.53,24.07,25.13,26.07,26.27,26.07,25.67,25.30,24.40,22.37,20.27,19.00,18.70,18.60,17.70,17.90,18.27,18.60,18.60,20.37,21.13,22.77,24.20,24.93,24.93,24.93,24.57,22.83,21.77,21.13,21.13,20.63,20.83,20.63,21.27,21.27,21.60,21.27,21.27,21.47,21.47,21.57,21.33,20.97,21.07,21.23,21.33,21.60,21.60,21.60,21.43,21.00,21.27,21.27,21.57,21.37,21.37,21.20,21.20,21.10,20.87,20.87,20.87,21.40,21.30,21.27,20.97,20.83,20.90,20.90,20.90,20.63,20.63,20.93,20.93,20.90,20.53,20.23,20.33,20.33,19.73,19.43,19.43,19.10,19.20,19.20,18.73,18.33,18.23,18.87,18.93,18.87,18.47,18.53,18.53,18.67,18.67,18.70,18.70,18.60,18.33,18.10,18.10,17.93,18.60,18.60,18.70,17.93,17.93,17.93,18.00,18.23,18.20,17.63
17.47,17.77,17.87,17.87,17.93,18.70,18.70,17.93,17.83,17.77,18.33,18.07,17.93,17.50,18.43,18.30,18.30,18.30,18.47,18.23,18.47,18.50,18.73,19.93,21.53,22.87,22.90,22.87,22.10,20.73,19.53,18.90,18.83,18.70,18.47,17.97,17.87,17.87,18.33,18.43,18.67,18.93,19.20,18.00,18.53,19.03,21.20,23.53,25.00,25.50,26.27,25.50,25.53,25.30,24.80,22.37,20.50,18.90,18.70,18.07,17.57,18.90,18.90,18.90,18.73,19.47,20.77,22.03,23.20,24.20,24.30,24.87,23.97,22.83,22.03,21.27,21.27,21.10,21.07,20.67,21.73,21.73,21.73,20.80,20.70,21.27,21.47,21.57,20.97,21.37,21.07,21.63,21.70,21.63,21.60,21.60,20.87,20.57,21.27,21.87,21.87,21.43,21.23,21.20,21.20,21.13,21.17,21.13,21.23,21.47,21.47,21.27,20.97,21.17,21.87,21.87,21.17,21.13,20.90,21.13,20.93,20.90,20.53,20.23,20.70,20.40,20.40,19.43,19.30,18.80,18.83,18.83,18.73,18.23,18.23,18.87,19.03,18.63,18.63,18.63,18.73,18.50,18.50,18.57,18.53,18.53,18.33,18.10,18.53,18.53,18.67,18.67,18.90,18.47,18.40,18.30,18.23,18.23,18.20,17.63
17.77,17.77,17.87,17.77,17.73,17.93,18.47,17.97,17.93,17.77,18.10,17.93,17.93,17.93,18.43,18.30,18.30,18.27,18.63,18.53,18.53,18.50,18.67,19.93,20.33,21.60,22.10,22.10,21.13,20.33,19.53,18.23,18.37,18.47,18.47,17.87,17.87,17.87,18.43,18.77,18.67,18.67,18.67,18.00,18.53,18.60,20.43,23.40,24.07,25.57,26.27,25.77,25.57,25.40,24.73,22.20,20.77,19.00,18.33,18.07,17.80,18.13,19.50,18.60,18.57,18.57,20.77,21.07,22.03,24.00,24.00,24.00,23.10,22.77,21.90,21.20,21.20,21.10,20.73,20.73,21.37,21.03,20.87,20.80,20.80,21.40,21.57,21.57,20.97,20.97,20.97,21.27,21.70,21.60,21.67,21.67,21.80,21.90,22.10,21.87,21.87,21.57,21.20,21.20,21.20,21.17,21.23,21.23,21.33,21.47,21.47,21.47,21.17,21.83,21.17,21.17,21.10,20.90,20.90,21.23,21.50,20.63,20.30,20.13,20.30,20.40,20.40,20.40,19.47,19.20,19.23,19.10,18.83,18.33,18.53,19.17,19.37,18.50,18.53,18.07,18.73,18.30,18.40,18.30,18.53,18.57,18.57,18.57,18.53,18.53,18.67,18.70,18.90,18.47,18.40,18.27,18.23,18.23,18.20,18.20
18.20,17.77,17.77,17.77,17.60,17.73,17.97,17.97,17.97,17.77,18.10,17.93,18.30,18.33,18.70,18.33,18.27,18.23,18.37,18.23,18.50,18.13,18.67,19.30,20.17,21.30,21.60,21.43,20.73,20.33,18.50,18.40,18.43,18.47,18.57,18.47,18.30,17.87,18.30,18.87,18.87,18.73,18.70,18.30,18.47,18.53,19.87,22.77,24.07,25.40,25.53,25.40,25.53,25.53,24.80,22.00,20.77,19.00,18.43,18.33,18.33,18.10,18.13,18.50,18.70,18.70,18.97,20.77,20.87,21.67,22.93,23.10,22.53,22.00,21.60,21.10,21.10,21.00,20.73,20.73,21.40,21.03,20.50,20.80,20.83,21.57,21.60,21.60,21.00,21.00,21.27,21.73,21.73,21.70,22.07,21.67,21.47,21.47,21.80,21.73,21.57,21.17,21.13,21.13,21.13,21.17,21.27,21.17,21.47,21.53,21.47,21.83,21.83,21.90,21.40,21.17,21.10,21.13,21.13,21.20,20.90,19.90,20.30,19.80,20.30,20.30,20.30,19.70,19.47,19.30,19.10,18.83,18.83,18.63,18.63,18.63,18.60,18.53,18.73,18.97,18.73,18.40,18.40,18.17,18.33,18.33,18.87,18.87,18.53,18.17,18.53,18.30,18.30,18.27,18.40,18.43,18.50,18.50,18.50,18.23
18.20,17.77,17.80,18.50,18.50,18.33,17.97,17.73,17.97,17.73,18.10,17.73,18.30,18.33,18.73,18.70,18.37,18.03,18.37,18.13,18.07,17.97,18.07,19.03,19.33,20.17,21.30,21.23,20.50,19.37,18.50,18.40,18.30,17.77,18.57,18.93,18.93,18.83,18.83,18.93,18.90,18.90,18.70,18.60,18.47,18.60,19.40,21.93,23.57,25.53,25.53,25.60,25.47,25.63,24.73,22.00,20.77,19.60,18.43,18.33,18.10,17.80,17.80,18.13,18.57,18.07,18.67,19.60,19.63,20.57,21.60,21.80,21.80,21.23,20.93,21.00,21.00,21.00,20.73,21.07,20.90,21.03,20.67,21.03,20.93,21.40,21.60,21.60,21.17,21.13,21.53,21.73,21.90,22.00,22.00,22.00,21.53,21.53,21.73,21.73,21.33,21.17,21.07,21.13,21.97,21.97,21.60,21.33,21.53,21.57,21.53,21.93,21.93,22.07,21.80,21.43,21.17,21.17,21.20,21.20,20.63,20.37,20.37,20.30,20.30,20.30,20.30,19.70,19.70,19.70,19.53,19.10,19.10,18.90,18.53,18.63,18.53,18.53,18.60,18.97,18.40,18.17,18.40,18.73,18.73,18.57,18.93,18.87,18.77,18.17,18.30,18.30,18.77,18.27,18.60,18.60,18.60,18.43,18.63,18.93
17.83,17.80,17.83,18.50,18.50,18.33,17.63,17.73,17.97,17.73,17.97,17.63,18.03,18.30,18.73,18.60,18.50,18.37,18.37,17.90,17.97,18.07,18.77,19.03,19.30,19.30,19.87,19.87,19.40,19.27,18.43,18.03,18.17,18.17,19.13,19.13,19.03,18.47,18.30,18.60,18.60,18.83,18.73,18.60,18.47,18.60,19.23,20.73,23.83,24.77,25.10,25.40,25.47,25.87,24.83,22.90,21.33,19.37,18.43,18.33,18.10,17.87,17.87,18.57,18.63,18.57,18.07,18.07,18.90,19.63,20.57,20.97,20.97,20.97,21.23,21.33,21.00,20.47,20.47,21.07,21.33,21.20,20.90,20.93,20.93,21.57,21.60,21.73,21.53,21.70,21.90,22.23,22.23,22.07,22.00,21.97,21.47,21.47,21.43,21.73,21.07,21.07,21.07,21.60,21.97,22.17,21.97,21.37,21.37,21.57,21.47,21.93,21.80,22.07,21.80,21.43,21.37,21.20,21.20,21.20,20.77,20.37,21.03,21.03,21.03,21.03,20.43,19.67,19.53,19.53,19.53,19.53,19.53,18.90,18.63,18.40,18.37,18.37,18.60,18.97,18.17,18.20,18.73,18.73,18.70,18.70,18.87,18.77,18.50,17.77,18.17,18.30,18.57,18.57,18.60,18.60,18.60,18.43,18.60,18.60
18.57,17.83,18.23,18.23,18.23,17.57,18.23,18.23,18.47,17.73,18.37,17.90,17.90,18.50,18.63,18.60,18.50,18.50,18.13,17.80,17.70,17.93,18.70,18.90,18.90,17.63,18.23,18.47,18.47,18.53,18.07,18.03,18.07,18.07,18.30,18.93,18.47,18.37,18.27,18.17,18.17,18.30,18.30,18.60,18.83,19.23,19.30,19.50,22.57,24.27,24.77,25.10,25.47,25.47,24.30,23.10,21.90,19.60,19.17,18.97,17.87,17.47,17.87,18.67,18.63,18.63,18.63,18.83,18.83,18.90,20.07,20.53,20.57,20.53,20.53,20.53,20.23,20.47,21.07,21.33,21.33,21.20,20.90,20.77,21.00,21.30,21.73,21.80,21.73,21.70,21.90,22.30,22.23,21.97,21.57,21.57,21.53,21.80,21.80,22.00,21.33,21.73,21.07,21.83,22.17,22.17,21.97,21.60,20.93,20.93,20.93,21.57,21.57,22.07,21.80,21.37,21.17,21.17,21.63,21.53,20.97,20.50,21.03,21.03,21.53,21.03,20.97,20.00,19.67,19.50,19.50,18.93,18.70,18.70,18.70,18.77,18.33,18.23,18.33,18.17,18.17,18.20,18.33,18.73,18.73,18.90,18.87,18.87,18.77,17.77,18.00,18.00,19.07,18.60,18.60,18.60,18.60,18.67,18.60,18.60
18.57,18.07,18.07,17.97,17.37,17.37,17.93,17.93,17.73,17.73,17.90,18.37,17.90,17.87,17.67,18.00,18.13,18.57,18.57,17.90,17.90,18.17,18.70,18.27,18.07,17.40,18.07,18.40,18.40,18.03,18.03,18.03,18.07,18.07,18.07,18.23,18.37,18.37,18.27,18.17,18.13,18.07,18.13,18.13,18.47,18.47,19.23,19.43,21.70,24.27,24.77,24.77,25.23,25.07,24.57,23.37,21.90,19.83,19.17,18.80,18.80,17.87,18.27,18.67,18.67,18.67,18.63,18.83,18.83,18.87,19.30,20.07,20.20,20.40,20.47,20.40,20.40,20.40,21.40,20.93,21.53,21.23,21.23,21.10,21.30,21.57,22.07,21.87,21.87,21.83,21.83,22.23,22.10,21.97,21.47,21.97,21.53,22.23,22.00,22.17,21.83,21.83,21.83,21.83,21.60,22.27,21.70,21.67,21.20,20.93,20.93,21.57,21.57,21.57,21.37,20.53,20.67,21.33,21.87,21.87,21.53,20.97,20.97,20.87,21.27,21.27,21.27,20.13,19.83,19.50,19.33,18.93,18.70,18.50,18.70,18.67,18.20,18.33,18.33,18.33,18.33,18.33,18.33,18.30,18.13,18.70,18.70,18.77,18.50,17.90,18.50,18.00,19.10,19.07,18.57,18.47,18.47,18.60,18.60,18.53
17.80,17.80,17.83,17.97,17.97,17.97,18.23,18.23,17.73,17.73,17.90,18.60,18.60,17.87,17.87,18.00,18.13,18.13,18.57,18.17,18.17,18.17,18.27,17.93,18.00,18.00,19.20,19.20,18.47,18.40,18.33,18.70,18.70,18.47,17.97,18.07,18.37,18.83,18.37,18.17,18.17,18.07,18.13,18.27,18.50,18.47,18.50,19.43,20.57,22.33,24.27,24.27,24.57,24.57,24.13,23.57,21.70,20.13,19.17,18.93,18.80,17.37,17.93,18.27,18.67,18.67,18.77,18.87,18.97,18.97,18.97,19.30,19.80,20.20,20.40,20.40,20.53,20.63,21.20,20.97,21.53,21.23,21.23,21.23,21.30,21.80,21.80,21.80,21.80,21.50,21.60,21.83,21.70,21.70,21.57,21.97,21.73,22.23,22.27,22.27,22.20,22.20,22.20,22.07,22.07,21.93,21.93,21.70,21.70,21.47,21.50,21.57,21.83,21.57,21.37,20.77,21.30,21.47,21.87,21.87,21.47,20.97,20.93,20.53,20.90,20.90,20.97,20.13,20.00,19.50,19.33,18.93,18.40,18.40,18.50,18.73,18.33,18.33,18.33,18.33,18.33,18.33,18.33,18.30,18.13,18.70,18.70,18.60,18.30,18.13,18.60,18.60,19.10,18.50,18.43,18.20,18.07,18.23,18.53,18.53
17.80,17.80,17.83,17.97,17.97,17.80,17.93,18.20,17.93,17.80,17.80,17.80,17.77,17.73,17.73,17.73,17.77,18.43,18.57,18.70,18.33,18.33,18.27,18.27,18.07,18.83,19.20,19.20,18.70,18.63,18.80,18.80,18.73,18.47,17.73,17.83,18.43,18.83,18.67,18.33,18.33,18.13,18.13,19.10,19.10,18.47,18.30,18.30,20.23,21.47,23.93,24.20,24.30,24.23,24.23,23.57,21.70,19.83,19.03,18.80,18.80,17.93,18.10,18.27,18.60,18.63,18.63,18.70,19.10,18.97,18.97,19.30,20.20,20.30,20.50,20.50,20.57,20.63,20.73,20.93,21.20,21.23,21.47,21.47,21.77,21.90,21.77,21.53,21.43,21.53,21.83,21.83,21.83,22.10,21.73,21.97,21.40,22.07,22.27,22.40,22.40,22.47,22.20,22.07,21.93,21.93,21.70,21.70,22.23,21.63,21.87,21.87,21.93,21.93,21.07,20.77,20.87,21.33,21.50,21.50,21.33,21.13,20.57,20.53,20.53,20.73,20.73,20.13,19.83,19.33,19.33,18.93,18.77,18.50,18.40,18.50,18.20,17.83,17.87,18.33,18.50,18.57,18.57,17.90,17.90,17.90,18.60,17.90,18.13,18.13,18.60,18.60,18.33,18.43,18.33,18.20,17.90,18.07,18.23,18.40
16.97,17.67,17.80,17.80,17.80,17.80,17.90,18.53,18.20,17.83,17.60,17.60,17.60,17.77,17.87,18.27,17.77,17.87,17.53,17.87,18.03,18.33,18.30,18.10,18.03,18.83,19.20,19.20,19.03,18.80,18.80,18.73,18.33,18.27,18.03,17.83,17.83,17.83,18.27,18.03,18.07,18.33,18.40,19.17,19.17,18.73,18.50,18.67,19.03,20.23,21.47,22.97,23.43,23.43,23.43,22.73,21.70,20.57,19.33,18.80,18.73,18.23,18.10,18.10,18.60,18.53,18.63,18.63,18.97,18.93,18.97,19.30,20.23,20.30,20.57,20.63,20.73,20.73,21.00,21.47,21.57,21.60,21.57,22.07,21.77,21.87,21.43,21.53,20.87,21.50,21.50,21.60,21.97,21.97,21.97,21.97,21.73,22.07,22.27,22.67,22.27,22.27,22.20,22.47,22.27,21.93,21.93,21.80,22.33,21.80,21.83,21.50,21.83,21.63,21.63,21.47,21.30,21.43,21.50,21.50,21.33,20.80,20.50,20.27,20.53,20.53,20.13,19.80,19.33,19.20,19.17,18.93,18.93,18.93,18.83,18.73,18.40,17.83,17.57,17.87,17.87,18.57,17.73,17.57,17.90,18.83,18.60,18.20,18.00,18.00,18.13,18.37,18.23,18.33,18.23,17.90,17.87,18.00,18.23,18.63
18.43,17.67,17.67,17.80,17.80,17.80,17.87,18.20,17.90,17.73,17.33,17.27,17.33,17.73,17.73,17.90,17.60,18.10,17.60,18.03,18.03,18.47,18.47,18.47,18.03,18.10,18.70,18.83,18.63,18.23,18.30,18.30,18.27,18.10,18.03,17.83,17.83,18.27,18.33,18.33,18.33,18.33,18.40,19.10,19.10,18.73,18.67,18.73,19.03,19.47,20.97,22.23,22.73,22.97,22.73,22.33,21.27,20.73,19.43,18.80,18.80,18.23,18.60,18.60,18.97,18.63,18.70,18.70,18.93,18.93,19.40,19.73,20.27,20.73,20.77,20.77,20.77,20.87,21.00,21.47,21.47,21.87,21.60,22.17,21.77,21.80,21.77,21.80,21.53,21.53,21.50,22.17,22.43,22.40,22.40,21.50,21.80,21.87,22.67,22.67,22.97,22.40,22.47,22.47,22.60,22.20,21.60,21.60,21.80,21.63,22.03,21.07,21.50,21.50,21.10,20.87,20.70,21.30,21.63,21.97,21.50,20.93,20.50,20.27,20.20,20.53,19.97,19.73,19.20,19.17,19.00,18.83,18.90,18.87,18.40,18.37,17.83,17.83,18.27,18.27,18.03,18.03,17.73,17.90,18.97,19.20,18.80,18.20,18.00,18.00,18.13,18.33,18.33,18.33,18.23,17.87,17.87,18.00,18.40,18.77
17.47,17.23,17.47,17.80,17.87,17.97,17.97,18.13,17.90,17.73,17.67,17.60,17.67,17.90,17.73,18.10,17.60,17.60,17.43,17.53,18.03,18.47,18.30,18.10,18.03,18.53,18.53,19.23,18.83,18.83,18.20,18.20,18.03,18.10,18.03,17.90,17.90,17.97,18.33,18.33,18.33,18.37,18.40,18.67,18.67,18.73,18.67,18.77,19.23,19.40,19.47,20.20,21.93,22.43,22.33,21.27,20.73,19.73,19.43,18.73,18.23,18.07,18.23,18.07,18.97,18.43,18.97,18.90,18.90,18.90,19.40,19.97,20.47,20.73,20.77,20.77,20.90,21.00,21.10,21.50,21.47,21.60,21.67,22.17,22.17,21.87,21.87,21.87,21.80,21.80,21.80,21.97,22.57,21.97,22.53,22.53,22.67,22.60,22.60,21.87,22.10,22.40,22.57,22.73,22.60,22.60,22.20,21.47,21.80,21.63,21.57,21.30,21.10,21.50,21.23,21.40,21.30,21.40,21.93,22.37,22.37,21.50,20.93,20.93,20.73,20.53,20.53,19.83,19.33,19.23,19.17,18.87,18.87,18.87,18.53,18.53,18.37,17.70,17.47,18.27,18.27,18.03,17.83,18.30,18.53,18.97,18.40,18.20,17.90,17.90,18.17,18.37,18.63,18.63,18.37,17.60,17.90,18.00,18.50,18.93
17.73,17.40,17.40,17.80,17.87,17.87,17.97,18.07,18.07,17.73,17.73,18.23,18.20,17.97,17.90,17.97,18.10,18.10,17.87,18.03,18.03,18.03,17.87,18.10,18.10,18.53,18.47,18.60,18.07,18.07,17.97,17.97,17.90,18.30,17.73,17.90,17.97,18.33,18.53,18.37,18.33,18.37,18.57,18.83,18.10,18.67,18.10,18.50,18.50,19.23,19.37,19.47,20.20,20.20,20.77,20.03,19.60,19.40,19.43,18.23,18.23,17.60,18.30,18.87,19.13,18.43,18.57,18.77,18.87,18.90,19.40,19.97,20.47,20.73,20.73,20.87,20.87,20.97,21.10,21.57,21.23,21.60,21.27,21.67,22.23,22.23,22.23,21.80,21.80,21.80,21.97,22.10,22.60,22.57,22.67,22.63,22.63,22.00,22.60,22.60,22.57,22.57,22.73,22.73,22.60,22.23,22.20,21.50,21.63,21.63,21.80,21.30,21.07,21.07,21.23,21.40,21.23,21.40,21.93,21.97,21.73,21.53,21.50,21.50,21.47,20.80,20.53,20.20,19.73,19.23,18.87,18.50,18.50,18.37,18.53,18.37,18.17,18.17,18.27,18.70,18.27,18.87,17.90,18.30,18.30,18.53,18.40,18.37,18.30,18.33,18.47,18.53,18.63,18.63,18.37,17.90,17.90,17.90,18.30,18.50
17.47,17.47,17.73,17.87,17.87,17.70,17.97,18.07,18.13,18.23,18.23,18.33,18.20,17.63,17.97,18.10,18.23,18.10,17.80,17.87,17.87,18.20,17.87,18.10,18.10,18.53,18.53,18.60,18.27,18.73,18.83,18.87,18.80,18.50,18.33,17.90,17.90,17.90,17.97,18.37,18.37,18.37,17.83,17.93,17.97,18.00,18.00,17.83,18.27,18.37,19.07,18.77,19.37,19.10,19.60,19.17,18.83,18.83,18.20,18.20,17.87,17.27,17.43,17.97,18.43,18.43,18.57,18.77,18.83,18.90,19.13,20.03,20.47,20.73,20.57,20.87,20.83,21.37,21.37,21.60,21.57,21.67,21.67,21.67,21.13,22.17,21.63,21.77,21.63,21.77,21.80,22.03,22.30,21.97,22.60,22.67,22.67,22.70,22.33,22.73,22.57,22.73,22.70,22.57,22.60,22.23,22.23,21.70,21.97,21.70,21.57,21.30,21.03,21.03,21.23,21.83,21.83,21.40,21.93,22.47,21.73,21.60,21.50,21.13,21.03,20.80,20.53,20.07,19.73,19.23,18.80,18.40,18.33,18.33,18.53,18.50,18.50,18.00,17.87,18.90,18.90,18.90,18.20,18.30,18.40,18.40,18.30,18.30,18.30,18.37,18.47,18.47,18.17,18.37,18.43,18.43,17.43,17.00,18.20,18.27
17.67,17.40,17.40,17.43,17.63,17.50,17.63,17.70,18.07,17.77,18.33,18.33,18.57,17.97,18.17,18.03,18.17,18.23,18.67,18.03,18.03,18.03,18.10,18.03,18.10,18.10,18.60,18.60,18.07,18.00,18.07,18.80,18.80,18.80,18.40,18.33,18.30,17.87,17.87,17.87,17.83,17.83,17.70,18.27,18.20,17.97,18.20,17.83,18.27,18.03,18.37,18.20,18.67,18.67,19.10,19.10,17.93,18.00,18.03,18.13,18.20,17.97,17.97,19.13,18.00,19.13,18.57,18.77,18.77,18.93,19.13,20.03,20.83,20.83,20.57,20.87,20.87,21.37,21.57,21.67,21.57,22.10,22.10,22.10,21.13,21.63,21.10,21.63,21.33,21.60,21.60,22.03,22.50,22.60,22.60,22.73,22.33,22.73,22.73,23.50,23.00,22.77,22.77,22.70,23.27,22.57,23.00,22.23,22.00,21.90,21.80,21.80,21.80,21.03,21.03,21.83,21.83,21.83,22.07,22.40,22.13,21.73,21.53,21.13,21.00,20.63,20.30,19.77,19.70,19.07,18.80,18.40,18.50,18.33,18.57,18.00,18.50,18.00,17.87,17.73,17.67,18.20,17.87,18.20,18.20,18.20,18.37,18.37,18.40,18.53,18.47,17.97,17.93,17.93,17.93,18.43,17.43,17.43,17.83,18.20
17.67,17.67,17.87,17.87,17.63,17.50,17.50,17.73,17.77,17.80,18.33,18.20,18.03,17.93,18.03,17.80,18.03,17.80,17.80,17.80,17.97,18.20,18.20,18.03,18.00,18.00,18.60,18.60,18.00,17.87,18.00,18.33,18.33,18.50,18.40,18.33,18.23,17.87,17.87,18.43,18.43,18.43,17.83,18.27,18.27,18.20,18.20,17.90,18.27,18.03,18.03,17.87,18.20,18.50,18.50,18.47,17.93,18.20,18.20,18.20,18.20,17.83,17.77,17.87,18.00,18.50,18.50,18.70,18.70,18.93,19.53,20.03,20.83,20.83,20.97,20.97,21.23,21.37,21.53,21.53,21.53,21.80,21.80,21.80,21.00,21.00,21.10,22.40,21.60,21.73,21.73,22.30,22.53,22.30,22.30,22.60,22.60,23.50,22.57,23.67,23.00,23.07,23.07,22.70,23.27,23.00,23.27,22.67,22.03,21.90,21.83,22.20,21.87,21.87,21.07,21.47,21.47,21.77,21.93,22.40,22.40,22.13,21.03,20.53,20.60,20.47,20.30,19.77,19.70,19.07,18.93,18.40,18.80,18.80,18.97,18.50,18.50,18.00,18.00,17.67,17.67,18.20,18.20,18.20,19.00,18.20,18.20,18.20,18.40,18.53,18.17,17.97,17.77,17.93,18.30,18.43,18.97,18.20,18.20,17.83
17.67,17.67,17.20,16.97,16.97,17.27,17.30,17.73,17.53,17.73,17.70,17.93,18.20,18.03,18.03,17.80,17.90,17.90,18.20,17.60,17.60,17.27,17.23,18.03,18.20,18.20,18.50,18.00,17.87,17.73,17.87,18.13,18.07,18.07,18.23,18.27,18.27,18.00,18.53,18.43,18.43,18.37,18.13,18.27,18.27,18.43,18.47,18.13,18.27,18.13,18.20,18.20,18.20,18.40,18.40,18.40,17.93,18.00,18.00,18.13,18.13,18.87,18.37,18.77,18.50,18.77,18.53,18.77,19.03,19.30,19.80,20.63,20.70,20.70,20.97,20.97,21.27,21.70,21.70,21.57,21.53,21.93,21.80,21.80,21.80,21.63,21.87,22.50,22.20,22.20,22.33,22.40,22.53,22.33,22.53,22.60,22.63,23.50,23.50,23.60,23.37,23.37,23.27,23.07,23.27,23.27,23.27,23.00,22.23,22.23,21.90,22.43,21.87,21.87,21.53,21.47,21.47,21.77,22.07,22.20,22.13,22.07,20.83,20.67,20.57,20.47,20.30,19.70,19.50,19.30,19.30,18.47,19.33,18.47,19.33,18.57,18.73,18.53,18.43,17.87,17.83,18.47,18.63,18.17,18.17,18.20,18.30,18.20,18.53,18.70,18.53,17.97,17.50,17.67,17.77,18.43,18.97,18.57,17.83,17.70
17.53,17.53,17.53,17.60,17.27,17.57,17.57,17.83,17.50,17.53,17.53,17.60,17.60,17.80,18.00,17.80,17.90,17.80,17.63,17.60,17.60,17.60,17.53,18.50,18.13,18.20,18.20,18.03,18.03,17.67,18.00,18.13,18.07,18.03,17.73,17.87,18.00,17.97,18.00,18.37,18.43,18.37,18.17,18.33,18.33,18.43,18.47,18.13,18.27,18.13,18.20,18.03,18.20,17.97,18.20,18.13,18.13,18.13,18.20,18.53,18.13,17.83,18.13,18.37,18.53,18.53,18.77,19.03,19.20,19.63,19.80,20.70,20.77,20.77,21.23,21.10,21.27,21.13,21.77,21.13,21.23,21.33,21.60,21.60,21.37,21.47,22.07,22.50,22.20,22.20,22.33,22.33,22.43,22.10,22.47,22.57,22.60,23.60,22.97,23.60,23.37,23.37,23.13,22.93,22.67,22.93,22.87,22.87,22.60,22.60,22.03,21.83,21.83,21.87,21.70,21.63,21.60,21.77,21.93,22.07,21.63,20.83,20.70,20.67,20.53,20.47,20.13,19.73,19.50,19.07,19.30,18.33,18.47,18.40,19.23,18.57,18.57,18.47,18.43,18.43,18.30,18.63,18.63,19.00,19.00,19.00,19.00,18.30,18.80,18.80,18.80,18.23,17.77,17.77,18.60,18.43,18.33,18.33,18.13,17.80
16.43,16.33,16.97,16.97,17.27,17.27,17.57,17.83,17.53,17.50,17.53,17.57,17.57,17.50,18.00,18.00,18.00,17.93,17.93,17.63,17.63,18.23,17.53,17.53,18.13,18.77,18.50,18.30,18.30,18.03,18.33,18.33,18.67,18.07,17.70,17.87,18.07,18.13,18.17,18.17,18.37,18.17,18.17,18.17,18.33,18.43,18.47,18.13,18.37,18.17,18.27,18.20,18.20,17.90,17.97,18.13,18.13,18.00,18.00,18.53,18.87,18.87,18.77,18.97,18.97,18.97,19.10,19.20,19.30,19.67,19.93,20.77,20.77,20.77,21.17,21.23,21.73,21.77,21.77,21.13,20.67,21.93,21.60,21.57,21.40,21.47,21.80,22.13,22.13,22.20,22.37,22.37,22.37,22.10,22.57,22.57,22.63,23.60,22.97,23.50,23.13,23.37,23.13,22.67,22.37,22.37,22.60,22.60,22.60,22.53,22.43,21.80,21.80,21.70,21.63,21.63,21.63,21.77,22.07,22.07,21.63,21.23,20.90,20.90,20.67,20.67,20.57,19.73,19.00,19.00,19.30,18.27,18.10,18.00,18.40,18.30,18.43,18.43,18.20,18.43,17.90,19.00,18.30,19.07,19.00,19.00,18.30,17.97,17.97,18.73,18.80,18.53,18.53,18.23,18.60,18.10,17.93,18.13,17.80,17.80
15.97,16.33,17.60,17.60,17.60,17.57,17.77,17.93,17.77,17.50,17.57,17.50,17.47,17.50,18.00,18.33,18.00,18.10,18.07,18.07,18.23,18.30,18.23,18.30,18.13,18.43,18.50,18.30,18.50,18.30,18.40,18.00,18.67,18.70,18.50,18.20,18.07,18.07,17.97,17.87,18.37,18.37,18.37,18.33,18.33,18.43,18.23,18.23,18.23,18.17,18.17,18.03,17.90,17.80,17.90,18.13,18.60,18.60,18.60,18.70,18.70,17.63,18.67,18.70,18.70,18.70,19.20,19.53,19.53,19.63,19.73,20.77,20.93,20.77,20.67,20.70,21.47,21.47,21.47,21.10,20.67,21.47,21.50,21.50,21.40,21.47,21.50,22.07,22.07,22.07,22.37,22.10,22.37,22.10,22.57,22.73,22.70,23.80,22.73,22.83,22.83,23.13,23.13,23.13,22.93,22.37,22.60,22.60,22.60,22.53,22.30,22.27,22.27,21.70,21.63,21.67,21.77,21.80,21.60,21.37,21.23,20.77,20.90,20.90,20.57,20.57,20.13,19.73,19.00,18.73,18.70,18.33,18.27,18.37,18.57,18.30,18.20,18.10,18.20,17.90,18.30,19.00,18.47,19.07,18.80,19.00,18.80,18.17,18.17,18.27,18.73,18.23,18.23,18.23,18.60,18.10,17.93,17.93,17.40,17.40
15.97,16.43,17.67,17.67,17.60,17.27,17.77,18.33,17.83,17.83,17.83,17.40,17.47,18.33,18.33,18.33,18.17,18.50,18.17,18.43,18.43,18.10,18.10,18.30,18.43,18.43,18.77,18.50,18.50,18.40,18.40,17.87,18.70,18.70,18.70,18.50,18.13,18.07,17.93,17.40,17.63,18.37,18.37,18.77,18.43,19.07,18.43,18.70,18.23,18.30,18.17,17.53,17.53,17.73,17.73,17.73,18.60,19.17,18.60,18.70,18.70,18.70,19.03,19.03,19.03,18.70,19.20,19.20,19.07,19.07,19.47,20.93,20.93,20.63,20.63,20.63,21.47,21.47,21.47,21.10,21.10,21.47,21.47,21.47,21.40,21.47,21.50,21.80,21.30,21.07,22.43,22.10,22.10,22.10,22.57,22.73,23.63,23.80,22.73,22.80,22.80,23.37,23.23,23.37,23.67,23.67,23.23,22.47,22.63,22.47,22.30,22.27,22.60,21.80,21.43,21.67,21.80,21.80,21.47,21.37,21.23,20.77,20.90,20.90,20.57,20.57,20.03,19.13,18.73,18.73,18.73,18.70,19.13,19.13,19.13,18.30,18.20,18.00,18.57,17.73,18.47,18.47,19.50,19.50,18.80,18.80,17.90,17.90,17.90,18.27,18.27,18.17,18.03,17.63,17.57,18.20,17.93,17.40,17.07,17.20
